{
      "source": {
            "id": null,
            "name": "Fool.com"
      },
      "author": "newsfeedback@fool.com (Danny Vena)",
      "title": "NVIDIA: Crypto Slows, But AI and Driverless Cars Offer Huge Growth",
      "description": "The company made the case for a few of its growth opportunities -- and some could be huge.",
      "url": "https://www.fool.com/investing/2018/08/19/nvidia-crypto-slows-but-ai-and-driverless-cars-off.aspx",
      "urlToImage": "https://g.foolcdn.com/image/?url=https%3A%2F%2Fg.foolcdn.com%2Feditorial%2Fimages%2F492061%2Fnvidia-ceo-jen-hsun-huang.jpg&h=630&w=1200&op=resize",
      "publishedAt": "2018-08-19T11:11:00Z",
      "content": "There was a lot to like about NVIDIA 's ( NASDAQ:NVDA ) second-quarter financial report, though you might not think so based on how investors reacted. The stock fell in response to weak guidance, even in the face of a better-than-expected quarter, as NVIDIA c… [+4366 chars]",
      "fileName": "NVIDIA Crypto Slows But AI and Driverless Cars Offer Huge Growth",
      "createdon": "2018-09-20T05:15:14.844Z",
      "md5": "6778dfe4f6c285306ed68bd9de0f7ba7",
      "text": "The company made the case for a few of its growth opportunities -- and some could be huge."
}