{
      "source": {
            "id": null,
            "name": "Ibm.com"
      },
      "author": null,
      "title": "IBM Storage Networking SAN128B-6 Switch",
      "description": "Web Doc, published: Wed, 29 Aug 2018 The IBM Storage Networking SAN128B-6 high-density switch scales easily to support storage growth, demanding workloads, and data center consolidation.",
      "url": "http://www.redbooks.ibm.com/abstracts/tips1358.html?Open",
      "urlToImage": null,
      "publishedAt": "2018-08-29T13:30:00Z",
      "content": "The IBM Storage Networking SAN128B-6 high-density switch scales easily to support storage growth, demanding workloads, and data center consolidation. Highlights Adapt to storage growth and demanding workloads a high-density 128-port 32 Gbps b-type Gen 6 Fibre… [+21485 chars]",
      "fileName": "IBM Storage Networking SAN128B 6 Switch",
      "createdon": "2018-09-20T05:22:27.517Z",
      "md5": "bb7d9003ef130bb1fd8196e1336cf1ca",
      "text": "Web Doc, published: Wed, 29 Aug 2018 The IBM Storage Networking SAN128B-6 high-density switch scales easily to support storage growth, demanding workloads, and data center consolidation."
}