{
      "source": {
            "id": null,
            "name": "Itprotoday.com"
      },
      "author": null,
      "title": "Red Hat Linux on Azure",
      "description": "The collaboration between Microsoft and Linux continues to evolve, helping to drive digital transformation across industries. Organizations are combining the affordability and flexibility of Linux distributions with the power and reliability of Micro",
      "url": "https://www.itprotoday.com/business-resources/red-hat-linux-azure",
      "urlToImage": "https://www.itprotoday.com/sites/itprotoday.com/files/mktg-webinar-nolabel1_0.jpg",
      "publishedAt": "2018-08-29T02:56:00Z",
      "content": "The collaboration between Microsoft and Linux continues to evolve, helping to drive digital transformation across industries. Organizations are combining the affordability and flexibility of Linux distributions with the power and reliability of Microsoft’s Az… [+442 chars]",
      "fileName": "Red Hat Linux on Azure",
      "createdon": "2018-09-20T05:21:50.482Z",
      "md5": "f7846095b60bb5d617bbb2b2f0384923",
      "text": "The collaboration between Microsoft and Linux continues to evolve, helping to drive digital transformation across industries. Organizations are combining the affordability and flexibility of Linux distributions with the power and reliability of Micro"
}