{
      "source": {
            "id": null,
            "name": "Forbes.com"
      },
      "author": "Peter High, Contributor, Peter High, Contributor https://www.forbes.com/sites/peterhigh/",
      "title": "How Blackstone CTO Bill Murphy Drives Innovation",
      "description": "Blackstone CTO Bill Murphy believes that his role is to embrace and dream ahead of the broader business with technology, to assemble a team to enable innovation, and to develop and integrate technologies that are, to the greatest extent possible, future proof…",
      "url": "https://www.forbes.com/sites/peterhigh/2018/09/17/how-blackstone-cto-bill-murphy-drives-innovation/",
      "urlToImage": "https://thumbor.forbes.com/thumbor/600x315/https%3A%2F%2Fblogs-images.forbes.com%2Fpeterhigh%2Ffiles%2F2018%2F09%2FBill-Murphy-300x300.jpg",
      "publishedAt": "2018-09-17T13:29:00Z",
      "content": "Blackstone Chief Technology Officer Bill Murphy has been a CTO multiple times, but he personifies the diversity of the role. At Capital IQ, he was a co-founder and CTO, where his responsibilities included&amp;nbsp; overseeing all product design, development, … [+35495 chars]",
      "fileName": "How Blackstone CTO Bill Murphy Drives Innovation",
      "createdon": "2018-09-20T05:22:55.286Z",
      "md5": "24ea917f3002504d8e5a20a9904640cc",
      "text": "Blackstone CTO Bill Murphy believes that his role is to embrace and dream ahead of the broader business with technology, to assemble a team to enable innovation, and to develop and integrate technologies that are, to the greatest extent possible, future proof…"
}