{
      "source": {
            "id": null,
            "name": "Fool.com"
      },
      "author": "newsfeedback@fool.com (Keith Noonan)",
      "title": "Why Coherent, Inc. Stock Gained 20.6% in August",
      "description": "Despite big gains in August, the laser technology company's stock is down roughly 37% year to date.",
      "url": "https://www.fool.com/investing/2018/09/11/why-coherent-inc-stock-gained-206-in-august.aspx",
      "urlToImage": "https://g.foolcdn.com/image/?url=https%3A%2F%2Fg.foolcdn.com%2Feditorial%2Fimages%2F494088%2Fcoherent-109-hi.jpg&h=630&w=1200&op=resize",
      "publishedAt": "2018-09-11T20:25:00Z",
      "content": "What happened Coherent, Inc. ( NASDAQ:COHR ) stock jumped 20.6% in August, according to data provided by S&amp;P Global Market Intelligence. The company published third-quarter results at the end of July that came in below the market's expectations, but comme… [+1911 chars]",
      "fileName": "Why Coherent Inc Stock Gained 20 6 in August",
      "createdon": "2018-09-20T05:20:35.943Z",
      "md5": "878fd7bc66e0e686637bcc95e456ab0a",
      "text": "Despite big gains in August, the laser technology company's stock is down roughly 37% year to date."
}