{
      "source": {
            "id": null,
            "name": "Opensenselabs.com"
      },
      "author": null,
      "title": "OpenSense Labs: Story of API-first Drupal and Digital Transformation",
      "description": "Story of API-first Drupal and Digital Transformation Shankar Tue, 08/28/2018 - 18:25 Content touchpoints are proliferating at a fast clip as consumers keep on marching towards vibrant and distinctive means of interacting with content. Internet of Things (IoT)…",
      "url": "https://opensenselabs.com/blog/articles/api-first-drupal",
      "urlToImage": "http://opensenselabs.com/sites/default/files/styles/blog760x555/public/2018-08/social%20image%20api-first%20drupal%20opensenselabs.jpg?itok=IQO5ocTs",
      "publishedAt": "2018-08-28T12:55:06Z",
      "content": "Content touchpoints are proliferating at a fast clip as consumers keep on marching towards vibrant and distinctive means of interacting with content. Internet of Things (IoT), conversational UI, digital signage and devices that are powered by machine learning… [+13964 chars]",
      "fileName": "OpenSense Labs Story of API first Drupal and Digital Transformation",
      "createdon": "2018-09-20T05:21:55.888Z",
      "md5": "5c40cfd80aa666debfa36f836b2f2d04",
      "text": "Story of API-first Drupal and Digital Transformation Shankar Tue, 08/28/2018 - 18:25 Content touchpoints are proliferating at a fast clip as consumers keep on marching towards vibrant and distinctive means of interacting with content. Internet of Things (IoT)…"
}