{
      "source": {
            "id": null,
            "name": "Thesimpledollar.com"
      },
      "author": "Jason Notte",
      "title": "Kids or Not, It Can Pay to Do Some Back to School Shopping for Yourself",
      "description": "Back to school shopping doesn’t have to be just for parents or kids. For the last few years, I’ve covered back to school shopping for TheStreet.com, and while I was neither in school nor sending a child off to one, I can almost recite by heart the list of ite…",
      "url": "https://www.thesimpledollar.com/not-just-for-kids-why-it-pays-to-do-some-back-to-school-shopping-for-yourself/",
      "urlToImage": "https://cdn.thesimpledollar.com/wp-content/uploads/2018/08/kids-picking-out-their-back-to-school-supplies_t20_ywL32x.jpg",
      "publishedAt": "2018-08-19T12:00:51Z",
      "content": "Back to school shopping doesn’t have to be just for parents or kids. For the last few years, I’ve covered back to school shopping for TheStreet.com, and while I was neither in school nor sending a child off to one, I can almost recite by heart the list of ite… [+5685 chars]",
      "fileName": "Kids or Not It Can Pay to Do Some Back to School Shopping for Yourself",
      "createdon": "2018-09-20T05:25:11.437Z",
      "md5": "27808bd1ce618fb6dad8556625a643d1",
      "text": "Back to school shopping doesn’t have to be just for parents or kids. For the last few years, I’ve covered back to school shopping for TheStreet.com, and while I was neither in school nor sending a child off to one, I can almost recite by heart the list of ite…"
}