{
      "source": {
            "id": "daily-mail",
            "name": "Daily Mail"
      },
      "author": "https://www.facebook.com/DailyMail",
      "title": "Marie Claire survey lays bare the scale of midlife women’s tech addiction",
      "description": "Marie Claire editor Trish Halpin reveals her tech addiction as her magazine runs a survey which says that 53% of women aged between 40 and 50 think they spend too much time on their phones.",
      "url": "https://www.dailymail.co.uk/femail/article-6148803/Marie-Claire-survey-lays-bare-scale-midlife-womens-tech-addiction.html",
      "urlToImage": "https://i.dailymail.co.uk/i/newpix/2018/09/09/20/4FF3273600000578-0-image-a-4_1536523057416.jpg",
      "publishedAt": "2018-09-09T21:07:43Z",
      "content": "Settling into my seat on a flight back from a business trip to San Francisco, I did a routine swipe over the outer pocket of my handbag to check my phone was in its usual place. A split second later, a panic hit me the like of which I haven’t felt since losin… [+11245 chars]",
      "fileName": "Marie Claire survey lays bare the scale of midlife women s tech addiction",
      "createdon": "2018-09-20T05:24:25.209Z",
      "md5": "a0793e6bc80016280072158f047e0765",
      "text": "Marie Claire editor Trish Halpin reveals her tech addiction as her magazine runs a survey which says that 53% of women aged between 40 and 50 think they spend too much time on their phones."
}