{
      "source": {
            "id": null,
            "name": "Lightstalking.com"
      },
      "author": "Kehl Bayern",
      "title": "Resize Your Photos Using Artificial Intelligence",
      "description": "Software that helps make a photographer’s life easier is always a welcome thing – and AI Gigapixel has a value proposition that might be hard to pass up, especially if you have an archive of older images that you would like to see upsized. This program promis…",
      "url": "https://www.lightstalking.com/resize-your-photos-using-artificial-intelligence/",
      "urlToImage": null,
      "publishedAt": "2018-09-18T18:04:49Z",
      "content": null,
      "fileName": "Resize Your Photos Using Artificial Intelligence",
      "createdon": "2018-09-20T05:15:01.411Z",
      "md5": "ba3d4004b24c1e47ef0dcb5d3a674b74",
      "text": "Software that helps make a photographer’s life easier is always a welcome thing – and AI Gigapixel has a value proposition that might be hard to pass up, especially if you have an archive of older images that you would like to see upsized. This program promis…"
}