{
      "source": {
            "id": null,
            "name": "Gizmodo.com"
      },
      "author": "Maddie Stone on Earther, shared by Tom McKay to Gizmodo",
      "title": "Giant Antarctic Iceberg Makes Dramatic About-Face",
      "description": "Since it snapped off the Larsen C ice shelf in July 2017, the trillion-ton iceberg known as A68 has spent most of its time stuck in the mud. Now, new satellite data reveals that the ‘berg made its biggest move yet over the austral winter—a dramatic counterclo…",
      "url": "https://earther.gizmodo.com/giant-antarctic-iceberg-makes-dramatic-about-face-1828783477",
      "urlToImage": "https://i.kinja-img.com/gawker-media/image/upload/s--kQo33TSJ--/c_fill,fl_progressive,g_center,h_900,q_80,w_1600/d8powztnrrqecwx7ckxz.jpg",
      "publishedAt": "2018-09-03T16:00:00Z",
      "content": "Since it snapped off the Larsen C ice shelf in July 2017, the trillion-ton iceberg known as A68 has spent most of its time stuck in the mud. Now, new satellite data reveals that the ‘berg made its biggest move yet over the austral winter—a dramatic counterclo… [+3048 chars]",
      "fileName": "Giant Antarctic Iceberg Makes Dramatic About Face",
      "createdon": "2018-09-20T05:20:23.246Z",
      "md5": "729f1a4e6f861f3cfb218b907708500d",
      "text": "Since it snapped off the Larsen C ice shelf in July 2017, the trillion-ton iceberg known as A68 has spent most of its time stuck in the mud. Now, new satellite data reveals that the ‘berg made its biggest move yet over the austral winter—a dramatic counterclo…"
}