{
      "source": {
            "id": null,
            "name": "Venturebeat.com"
      },
      "author": "Amir Bozorgzadeh",
      "title": "Mixed reality companies should embrace a ‘yes, and’ strategy to competition",
      "description": "GUEST: There is no theme more persistent and all-pervading in the tech world than that of the “challenger vs. incumbent” — a story we cherish because it strikes at the heart of central western motifs like the hero’s journey, the tale of the underdog, and Davi…",
      "url": "https://venturebeat.com/2018/09/05/mixed-reality-companies-should-embrace-a-yes-and-strategy-to-competition/",
      "urlToImage": "https://venturebeat.com/wp-content/uploads/2018/09/unnamed1.png?fit=1461%2C822&strip=all",
      "publishedAt": "2018-09-06T06:11:22Z",
      "content": "There is no theme more persistent and all-pervading in the tech world than that of the “challenger vs. incumbent” — a story we cherish because it strikes at the heart of central western motifs like the hero’s journey, the tale of the underdog, and David vs. G… [+7805 chars]",
      "fileName": "Mixed reality companies should embrace a yes and strategy to competition",
      "createdon": "2018-09-20T05:15:10.875Z",
      "md5": "67da4f14987949095ec7b8d658345e0f",
      "text": "GUEST: There is no theme more persistent and all-pervading in the tech world than that of the “challenger vs. incumbent” — a story we cherish because it strikes at the heart of central western motifs like the hero’s journey, the tale of the underdog, and Davi…"
}