{
      "source": {
            "id": "mashable",
            "name": "Mashable"
      },
      "author": "Matt Binder",
      "title": "Porn company offers to turn customers into adult film stars using deepfakes",
      "description": "When deepfakes burst onto the scene last year, it didn’t take long for the new image-manipulation technology to go from harmless online fun to troubling tool for online harassment. However, one company is looking to shift the conversation back, strangely enou…",
      "url": "https://mashable.com/2018/08/21/naughty-america-porn-deepfakes/",
      "urlToImage": "https://i.amz.mshcdn.com/rVS5Luv2qyifj26lFnxzz0AdG58=/1200x630/2018%2F08%2F21%2F36%2F90688feddb5844118655dd8d7101785c.9b890.jpg",
      "publishedAt": "2018-08-21T18:34:43Z",
      "content": "When deepfakes burst onto the scene last year, it didn’t take long for the new image-manipulation technology to go from harmless online fun to troubling tool for online harassment. However, one company is looking to shift the conversation back, strangely enou… [+2957 chars]",
      "fileName": "Porn company offers to turn customers into adult film stars using deepfakes",
      "createdon": "2018-09-20T05:25:03.239Z",
      "md5": "eec307ea6679da6aaaa1a96f3c00bfa8",
      "text": "When deepfakes burst onto the scene last year, it didn’t take long for the new image-manipulation technology to go from harmless online fun to troubling tool for online harassment. However, one company is looking to shift the conversation back, strangely enou…"
}