{
      "source": {
            "id": null,
            "name": "Forbes.com"
      },
      "author": "Shama Hyder, Under 30, Shama Hyder, Under 30 https://www.forbes.com/sites/shamahyder/",
      "title": "From Products to People: 5 Adaptive Strategies for Direct Sellers in the Digital Age",
      "description": "Depending on the adaptive capacity of direct selling enterprises, the rise of e-commerce and the connected consumer bring with them great peril or unprecedented opportunity.",
      "url": "https://www.forbes.com/sites/shamahyder/2018/09/04/from-products-to-people-5-adaptive-strategies-for-direct-sellers-in-the-digital-age/",
      "urlToImage": "https://thumbor.forbes.com/thumbor/600x315/https%3A%2F%2Fspecials-images.forbesimg.com%2Fdam%2Fimageserve%2F38424264%2F960x0.jpg%3Ffit%3Dscale",
      "publishedAt": "2018-09-04T13:28:00Z",
      "content": "Share to facebook Share to twitter Share to linkedin A United Parcel Service Inc. (UPS) driver pushes a dolly of packages for delivery on Cyber Monday in New York, U.S., on Monday, Nov. 30, 2015. Photographer: John Taggart/BloombergA delivery Direct selling e… [+10624 chars]",
      "fileName": "From Products to People 5 Adaptive Strategies for Direct Sellers in the Digital Age",
      "createdon": "2018-09-20T05:21:18.765Z",
      "md5": "e3c14aa52766f23f20180dd57d324a31",
      "text": "Depending on the adaptive capacity of direct selling enterprises, the rise of e-commerce and the connected consumer bring with them great peril or unprecedented opportunity."
}