{
      "source": {
            "id": "the-guardian-au",
            "name": "The Guardian (AU)"
      },
      "author": "Sonia Sodha",
      "title": "It’s time to ditch the stereotypes and look at the realities behind singledom| Sonia Sodha",
      "description": "Single life provides plenty of material for popular culture, but in truth we know little about its realities It costs more to fly solo. That’s according to the Good Housekeeping Institute, which last week released a study claiming single life can cost people …",
      "url": "https://www.theguardian.com/commentisfree/2018/sep/08/its-time-to-forget-stereotypes-realities-singledom",
      "urlToImage": "https://i.guim.co.uk/img/media/21382daea48faee90773357bb6e8369358978745/0_137_3000_1800/master/3000.jpg?width=1200&height=630&quality=85&auto=format&usm=12&fit=crop&crop=faces%2Centropy&bm=normal&ba=bottom%2Cleft&blend64=aHR0cHM6Ly9hc3NldHMuZ3VpbS5jby51ay9pbWFnZXMvb3ZlcmxheXMvNGU4MTRmMTFiNGM4MGNjMzJkZjVlODZlZDY4ZmJiMWMvdG8tb3BpbmlvbnMucG5n&s=ffa49731395e93e1d64d23f86c79660d",
      "publishedAt": "2018-09-08T17:00:36Z",
      "content": "I t costs more to fly solo. That’s according to the Good Housekeeping Institute, which last week released a study claiming single life can cost people up to £2,000 a year more. Even as someone who’s spent a good chunk of time single, and felt the occasional s… [+5037 chars]",
      "fileName": "It s time to ditch the stereotypes and look at the realities behind singledom Sonia Sodha",
      "createdon": "2018-09-20T05:20:35.709Z",
      "md5": "42f7eda60c0ce85fabcb66d87fbee373",
      "text": "Single life provides plenty of material for popular culture, but in truth we know little about its realities It costs more to fly solo. That’s according to the Good Housekeeping Institute, which last week released a study claiming single life can cost people …"
}