{
      "source": {
            "id": null,
            "name": "Archdaily.com"
      },
      "author": "Eric Baldwin",
      "title": "UNStudio Creates Urban Vision for Hilversum’s Media Park",
      "description": "UNStudio was selected by the Hilversum Municipality and Media Park Enterprise to develop an urban vision which could offer a roadmap for the transformation of Hilversum ’s Media Park into a vibrant and leading destination for future media content creation. Th…",
      "url": "https://www.archdaily.com/901677/unstudio-creates-urban-vision-for-hilversums-media-park",
      "urlToImage": "https://images.adsttc.com/media/images/5b92/8cb2/f197/cc77/b300/000e/large_jpg/unnamed_(5).jpg?1536330927",
      "publishedAt": "2018-09-07T14:00:00Z",
      "content": "Hilversum Media Park. Image Courtesy of UNStudio UNStudio was selected by the Hilversum Municipality and Media Park Enterprise to develop an urban vision which could offer a roadmap for the transformation of Hilversum ’s Media Park into a vibrant and leading … [+7024 chars]",
      "fileName": "UNStudio Creates Urban Vision for Hilversum s Media Park",
      "createdon": "2018-09-20T05:22:55.360Z",
      "md5": "37f20cb66732fd3a771b2218fb08f775",
      "text": "UNStudio was selected by the Hilversum Municipality and Media Park Enterprise to develop an urban vision which could offer a roadmap for the transformation of Hilversum ’s Media Park into a vibrant and leading destination for future media content creation. Th…"
}