{
      "source": {
            "id": null,
            "name": "Forbes.com"
      },
      "author": "Tom Coughlin, Contributor, Tom Coughlin, Contributor https://www.forbes.com/sites/tomcoughlin/",
      "title": "Multi-Clouds And Composable Infrastructure At VM World",
      "description": "VMware’s VM World conference featured a number of new announcements increasing multi-cloud and composable infrastructure as well as management automation using machine learning that will help to drive future data center costs down, even a the total data under…",
      "url": "https://www.forbes.com/sites/tomcoughlin/2018/09/01/multi-clouds-and-composable-infrastructure-at-vm-world/",
      "urlToImage": "https://thumbor.forbes.com/thumbor/600x315/https%3A%2F%2Fblogs-images.forbes.com%2Ftomcoughlin%2Ffiles%2F2018%2F09%2FMichael-Dell-and-Pat-Gesinger.png",
      "publishedAt": "2018-09-01T19:22:00Z",
      "content": "VM World always attracts many storage vendors as participants and exhibits and announcements by the company often have a big impact on digital storage developments. The 2018 VM World is no exception for this impact. Dell, which acquired digital storage giant … [+10211 chars]",
      "fileName": "Multi Clouds And Composable Infrastructure At VM World",
      "createdon": "2018-09-20T05:22:57.359Z",
      "md5": "5974391f584b954d5623062669f22f49",
      "text": "VMware’s VM World conference featured a number of new announcements increasing multi-cloud and composable infrastructure as well as management automation using machine learning that will help to drive future data center costs down, even a the total data under…"
}