{
      "source": {
            "id": null,
            "name": "Goodmenproject.com"
      },
      "author": "Savas Abadsidis",
      "title": "‘American Circumcision’ Director Talks HIV and Toxic Masculinity",
      "description": "\"Imagine a friend told you when he was an infant, his parents paid someone to cut off his pinky finger without anesthesia. Would it be hard to accept this experience was formative in some way?\" The post ‘American Circumcision’ Director Talks HIV and Toxic Mas…",
      "url": "https://goodmenproject.com/featured-content/american-circumcision-director-talks-hiv-toxic-masculinity-lbkr/",
      "urlToImage": "https://goodmenproject.com/wp-content/uploads/2018/08/American-Circumcision’-Director-Talks-HIV-and-Toxic-Masculinity.jpg",
      "publishedAt": "2018-08-30T23:30:53Z",
      "content": "— Director Brendon Marotta questions why the surgery is routinely done on infants in the U.S. and its ramifications. The new documentary American Circumcision takes what may be the last, most stigmatized subject matter in America and powerfully questions the … [+6448 chars]",
      "fileName": "American Circumcision Director Talks HIV and Toxic Masculinity",
      "createdon": "2018-09-20T05:22:25.567Z",
      "md5": "92f8926c2f98abff296e3b12101f5d45",
      "text": "\"Imagine a friend told you when he was an infant, his parents paid someone to cut off his pinky finger without anesthesia. Would it be hard to accept this experience was formative in some way?\" The post ‘American Circumcision’ Director Talks HIV and Toxic Mas…"
}