{
      "source": {
            "id": null,
            "name": "Destructoid.com"
      },
      "author": "Chris Moyse",
      "title": "Langrisser I & II being remade for PS4 and Nintendo Switch",
      "description": "Langrisser I & II being remade for PS4 and Nintendo Switch",
      "url": "https://www.destructoid.com/langrisser-i-ii-being-remade-for-ps4-and-nintendo-switch-519625.phtml",
      "urlToImage": "https://www.destructoid.com//ul/519625-langrisser.jpg",
      "publishedAt": "2018-08-23T10:30:00Z",
      "content": "Old school strategy titles return for a new generation Earlier this week, Japanese merchandisers Chara-ani announced the surprising news that the classic early '90s strategy RPGs, Langrisser and Langrisser II, are to be remade for PS4 and Nintendo Switch. The… [+985 chars]",
      "fileName": "Langrisser I II being remade for PS4 and Nintendo Switch",
      "createdon": "2018-09-20T05:22:47.681Z",
      "md5": "c11e17a04145b3f824892b76f13c1de6",
      "text": "Langrisser I & II being remade for PS4 and Nintendo Switch"
}