{
      "source": {
            "id": null,
            "name": "Cnet.com"
      },
      "author": "Roger Cheng",
      "title": "With 5G and Sprint, T-Mobile vows cheaper wireless service than ever - CNET",
      "description": "CEO John Legere and President Mike Sievert say Sprint will supercharge its 5G efforts.",
      "url": "https://www.cnet.com/news/with-5g-and-sprint-t-mobile-vows-cheaper-wireless-service-than-ever/",
      "urlToImage": "https://cnet1.cbsistatic.com/img/PzCNExYAevMc-GnLTFVvYAImgUk=/724x407/2018/08/22/810108e5-0daa-4b32-b080-89dad101646e/t-mobile-interview-5.jpg",
      "publishedAt": "2018-08-22T12:00:14Z",
      "content": "T-Mobile CEO John Legere shares his thoughts on 5G and Sprint. Screenshot by Sally Neiman/CNET The next-generation of wireless technology, known as 5G, is poised to change our lives. Once it actually gets here. But how will 5G look and work when it does? T-Mo… [+3675 chars]",
      "fileName": "With 5G and Sprint T Mobile vows cheaper wireless service than ever CNET",
      "createdon": "2018-09-20T05:22:45.733Z",
      "md5": "961e73b1d750c6dc8d09cfb7b0070b85",
      "text": "CEO John Legere and President Mike Sievert say Sprint will supercharge its 5G efforts."
}