{
      "source": {
            "id": null,
            "name": "Designyoutrust.com"
      },
      "author": "dmitry",
      "title": "Ibuki Is The 10-Year-Old Android Child That Will Haunt Your Dreams",
      "description": "Professor Hiroshi Ishiguro makes robots in Osaka. His latest robot, Ibuki, is one for the nightmare catalog: it’s a robotic 10-year-old boy that can move on little tank treads and has soft, rubbery face and hands.\r\n\r\n\r\n\r\nThe robot has complete vision routes t…",
      "url": "https://designyoutrust.com/2018/09/ibuki-is-the-10-year-old-android-child-that-will-haunt-your-dreams/",
      "urlToImage": "https://main-designyoutrust.netdna-ssl.com/wp-content/uploads/2018/09/2-1.jpg",
      "publishedAt": "2018-09-01T09:08:47Z",
      "content": "Professor Hiroshi Ishiguro makes robots in Osaka. His latest robot, Ibuki, is one for the nightmare catalog: it’s a robotic 10-year-old boy that can move on little tank treads and has soft, rubbery face and hands. The robot has complete vision routes that can… [+709 chars]",
      "fileName": "Ibuki Is The 10 Year Old Android Child That Will Haunt Your Dreams",
      "createdon": "2018-09-20T05:15:09.039Z",
      "md5": "16e6830e8b7768499affc27ce02dcff0",
      "text": "Professor Hiroshi Ishiguro makes robots in Osaka. His latest robot, Ibuki, is one for the nightmare catalog: it’s a robotic 10-year-old boy that can move on little tank treads and has soft, rubbery face and hands.\r\n\r\n\r\n\r\nThe robot has complete vision routes t…"
}