{
      "source": {
            "id": null,
            "name": "Forbes.com"
      },
      "author": "Will Cadell, CommunityVoice, Will Cadell, CommunityVoice https://www.forbes.com/sites/forbestechcouncil/people/willcadell/",
      "title": "The Mysterious Case Of The Missing Geospatial Cloud",
      "description": "As most computing moves to the cloud, geospatial technology is getting left behind.",
      "url": "https://www.forbes.com/sites/forbestechcouncil/2018/09/06/the-mysterious-case-of-the-missing-geospatial-cloud/",
      "urlToImage": "https://thumbor.forbes.com/thumbor/600x315/https%3A%2F%2Fblogs-images.forbes.com%2Fforbestechcouncil%2Ffiles%2F2018%2F09%2Fcanva-photo-editor-17-1-500x500.png",
      "publishedAt": "2018-09-06T13:00:00Z",
      "content": "Share to facebook Share to twitter Share to linkedin It’s a mystery, it really is. Let me set the scene. I’ve been running Sparkgeo for almost a decade. When I started the company, our central intent was to put maps on the internet, instead of paper. Our clie… [+10610 chars]",
      "fileName": "The Mysterious Case Of The Missing Geospatial Cloud",
      "createdon": "2018-09-20T05:22:49.638Z",
      "md5": "9fe73cdfa861d787caafb11b32481444",
      "text": "As most computing moves to the cloud, geospatial technology is getting left behind."
}