{
      "source": {
            "id": null,
            "name": "Fool.com"
      },
      "author": "newsfeedback@fool.com (Motley Fool Transcription)",
      "title": "Workday, Inc. (WDAY) Q2 2019 Earnings Conference Call Transcript",
      "description": "WDAY earnings call for the period ending  July 31, 2018.",
      "url": "https://www.fool.com/earnings/call-transcripts/2018/09/04/workday-inc-wday-q2-2019-earnings-conference-call.aspx",
      "urlToImage": "https://g.foolcdn.com/image/?url=https%3A%2F%2Fg.foolcdn.com%2Feditorial%2Fimages%2F493489%2Ftranscripts-logo.png&h=630&w=1200&op=resize",
      "publishedAt": "2018-09-04T22:11:00Z",
      "content": "Image source: The Motley Fool. Workday, Inc. ( NASDAQ:WDAY ) Q2 2019 Earnings Conference Call September 4, 2018, 3:30 p.m. CT Contents: Prepared Remarks Questions and Answers Call Participants Prepared Remarks: Operator Good afternoon, ladies and gentlemen. W… [+47709 chars]",
      "fileName": "Workday Inc WDAY Q2 2019 Earnings Conference Call Transcript",
      "createdon": "2018-09-20T05:23:29.481Z",
      "md5": "881d7079fac27ca2e559ca36f9b378b5",
      "text": "WDAY earnings call for the period ending  July 31, 2018."
}