{
      "source": {
            "id": null,
            "name": "Zapier.com"
      },
      "author": "daniel.brame@gmail.com (Daniel Brame)",
      "title": "Payment Processor Showdown: Stripe vs. PayPal",
      "description": "Online business all starts with a simple transaction. Back in the day, in order to complete that transaction, you needed a merchant account—a special bank account that allows you to accept credit card payments—and loads of cumbersome equipment. Today, all you…",
      "url": "https://zapier.com/blog/stripe-vs-paypal/",
      "urlToImage": "https://cdn.zapier.com/storage/blog/63540ed06aa7230eab1dfbda94c89bf8.1800x1000.png",
      "publishedAt": "2018-08-27T06:00:00Z",
      "content": "Online business all starts with a simple transaction. Back in the day, in order to complete that transaction, you needed a merchant account—a special bank account that allows you to accept credit card payments—and loads of cumbersome equipment. Today, all you… [+20925 chars]",
      "fileName": "Payment Processor Showdown Stripe vs PayPal",
      "createdon": "2018-09-20T05:22:33.574Z",
      "md5": "33d90f7ec7a91b331a97556e321af71f",
      "text": "Online business all starts with a simple transaction. Back in the day, in order to complete that transaction, you needed a merchant account—a special bank account that allows you to accept credit card payments—and loads of cumbersome equipment. Today, all you…"
}