{
      "source": {
            "id": "financial-times",
            "name": "Financial Times"
      },
      "author": null,
      "title": "Kingfisher shrugs off doubts about turnround",
      "description": "Failure to deliver unification strategy could attract activist investors, say analysts",
      "url": "https://www.ft.com/content/778234d0-ba84-11e8-8274-55b72926558f",
      "urlToImage": "https://www.ft.com/__origami/service/image/v2/images/raw/http%3A%2F%2Fprod-upp-image-read.ft.com%2F49c452b0-b81f-11e8-a1d8-15c2dd1280ff?source=next-opengraph&fit=scale-down&width=900",
      "publishedAt": "2018-09-18T04:00:28Z",
      "content": "Kingfisher still believes its transformation plan will boost profit by £500m over five years, despite unhelpful external conditions and growing scepticism among analysts and investors that the target will ever be met. The home improvement group, which reports… [+4016 chars]",
      "fileName": "Kingfisher shrugs off doubts about turnround",
      "createdon": "2018-09-20T05:22:04.272Z",
      "md5": "eec2374c54f91163c081960fa262f109",
      "text": "Failure to deliver unification strategy could attract activist investors, say analysts"
}