{
      "source": {
            "id": "business-insider",
            "name": "Business Insider"
      },
      "author": "Dakin Campbell",
      "title": "JPMorgan and Goldman Sachs go head-to-head for talent as Wall Street competes for private equity dollars (GS, JPM)",
      "description": "JPMorgan promoted a banker to regional head of the financial sponsors M&A group, in a move that ended his talks for a role at Goldman Sachs. JPMorgan is competing fiercely with Goldman to win business advising the portfolio companies of private equity firms w…",
      "url": "https://www.businessinsider.com/goldman-jpmorgan-tussel-over-private-equity-banker-2018-8",
      "urlToImage": "https://amp.businessinsider.com/images/5abe441372514f2a008b461e-1334-667.jpg",
      "publishedAt": "2018-08-29T11:00:00Z",
      "content": "Mahir Zaimoglu was almost a Goldman Sachs employee. Almost, until his JPMorgan bosses offered something sweeter. JPMorgan elevated Zaimoglu, an investment banker, to a newly created role heading financial sponsors M&amp;A for Europe, the Middle East and Afric… [+4959 chars]",
      "fileName": "JPMorgan and Goldman Sachs go head to head for talent as Wall Street competes for private equity dollars GS JPM",
      "createdon": "2018-09-20T05:20:31.689Z",
      "md5": "c88bcf75bfc2a9328f1b1ac2dc1499c5",
      "text": "JPMorgan promoted a banker to regional head of the financial sponsors M&A group, in a move that ended his talks for a role at Goldman Sachs. JPMorgan is competing fiercely with Goldman to win business advising the portfolio companies of private equity firms w…"
}