{
      "source": {
            "id": null,
            "name": "Dzone.com"
      },
      "author": "Bhavesh Patel",
      "title": "Guide: How Do You Code Securely?",
      "description": "1. Validate Input You must validate all inputs that come from clients as a way of preventing injection attacks, SQL attacks, and more. Always Specify Specify the character set to be used for the input, such as UTF-8, and canonicalize (encode to a common chara…",
      "url": "https://dzone.com/articles/guide-how-do-you-code-securely",
      "urlToImage": "https://dz2cdn4.dzone.com/storage/article-thumb/10035491-thumb.jpg",
      "publishedAt": "2018-08-21T09:07:02Z",
      "content": "1. Validate Input You must validate all inputs that come from clients as a way of preventing injection attacks, SQL attacks, and more. Always Specify Specify the character set to be used for the input, such as UTF-8, and canonicalize (encode to a common chara… [+4464 chars]",
      "fileName": "Guide How Do You Code Securely",
      "createdon": "2018-09-20T05:22:23.594Z",
      "md5": "ba07fcdd3c7e7da17841c5c232a6e563",
      "text": "1. Validate Input You must validate all inputs that come from clients as a way of preventing injection attacks, SQL attacks, and more. Always Specify Specify the character set to be used for the input, such as UTF-8, and canonicalize (encode to a common chara…"
}