{
      "source": {
            "id": "the-next-web",
            "name": "The Next Web"
      },
      "author": "David Canellis",
      "title": "Google releases tools for probing Ethereum’s blockchain",
      "description": "Google isn’t slowing down with the new blockchain tech. A few months after releasing Bitcoin support for its BigQuery database tool, Google has debuted a new plug-in for analyzing the Ethereum blockchain. Google has provided users with a new avenue for direct…",
      "url": "https://thenextweb.com/hardfork/2018/09/03/ethereum-google-bigquery-data/",
      "urlToImage": "https://img-cdn.tnwcdn.com/image/hardfork?filter_last=1&fit=1280%2C640&url=https%3A%2F%2Fcdn0.tnwcdn.com%2Fwp-content%2Fblogs.dir%2F1%2Ffiles%2F2018%2F09%2FGOOGLECAT.jpg&expires=17303973916&signature=c967b18dae9b6e565385391e454caf8c",
      "publishedAt": "2018-09-03T11:20:07Z",
      "content": "Google isn’t slowing down with the new blockchain tech. A few months after releasing Bitcoin support for its BigQuery database tool, Google has debuted a new plug-in for analyzing the Ethereum ETH blockchain. Google has provided users with a new avenue for di… [+2340 chars]",
      "fileName": "Google releases tools for probing Ethereum s blockchain",
      "createdon": "2018-09-20T05:20:25.605Z",
      "md5": "f48963aa14186eca28fd1d3541584d79",
      "text": "Google isn’t slowing down with the new blockchain tech. A few months after releasing Bitcoin support for its BigQuery database tool, Google has debuted a new plug-in for analyzing the Ethereum blockchain. Google has provided users with a new avenue for direct…"
}