{
      "source": {
            "id": null,
            "name": "Bloombergquint.com"
      },
      "author": "Mark Bergen, Jenny Surane",
      "title": "MASTERCARDGOOGLE Secret Deal to Track Retail Sales...",
      "description": "Alphabet Inc.’s Google and Mastercard Inc. brokered a business partnership during about four years of negotiations, according to four people with knowledge of the deal, three of whom worked on it directly. The alliance gave Google an unprecedented asset for m…",
      "url": "https://www.bloombergquint.com/business/2018/08/30/google-and-mastercard-cut-a-secret-ad-deal-to-track-retail-sales",
      "urlToImage": "https://images.assettype.com/bloombergquint%2F2018-08%2Fec57aee4-62a2-463d-8af8-c825f21d6461%2F252883446_1_4.jpg?rect=0%2C57%2C4000%2C2100&w=1200&auto=format%2Ccompress",
      "publishedAt": "2018-08-31T17:04:38Z",
      "content": "(Bloomberg) -- For the past year, select Google advertisers have had access to a potent new tool to track whether the ads they ran online led to a sale at a physical store in the U.S. That insight came thanks in part to a stockpile of Mastercard transactions … [+11959 chars]",
      "fileName": "MASTERCARDGOOGLE Secret Deal to Track Retail Sales",
      "createdon": "2018-09-20T05:22:49.695Z",
      "md5": "46cf2cff0bd9d24b128d3ff62c4b9e1e",
      "text": "Alphabet Inc.’s Google and Mastercard Inc. brokered a business partnership during about four years of negotiations, according to four people with knowledge of the deal, three of whom worked on it directly. The alliance gave Google an unprecedented asset for m…"
}