{
      "source": {
            "id": null,
            "name": "Dx.com"
      },
      "author": null,
      "title": "1200Mbps Wireless Wi-Fi Router - Green",
      "description": "SKU #: 594358, Price: CA$55.84 free shipping Color Green Size 23*14*3.7cm Model TL-WDR5620 Material ABS Application Family Signal System Wi-Fi Model TL-WDR5620 Quantity 1 piece Material ABS Shade Of Color Green Type Router Chipset Two-chip Transmission Rate O…",
      "url": "http://www.dx.com/p/1200mbps-wireless-wi-fi-router-green-594357",
      "urlToImage": "//img.dxcdn.com/productimages/sku_594358_1.jpg",
      "publishedAt": "2018-09-03T06:09:56Z",
      "content": "To enable volume discounts on this site, use coupon code: BULKRATE during checkout. You will see a discount applied at the bottom of the shopping cart. Competitive pricing is available. Contact us for details. What is Bulk Rate? BulkRate is a semi-wholesale s… [+545 chars]",
      "fileName": "1200Mbps Wireless Wi Fi Router Green",
      "createdon": "2018-09-20T05:22:27.392Z",
      "md5": "b927d25b301f1b122799020b79417d34",
      "text": "SKU #: 594358, Price: CA$55.84 free shipping Color Green Size 23*14*3.7cm Model TL-WDR5620 Material ABS Application Family Signal System Wi-Fi Model TL-WDR5620 Quantity 1 piece Material ABS Shade Of Color Green Type Router Chipset Two-chip Transmission Rate O…"
}