{
      "source": {
            "id": null,
            "name": "Forbes.com"
      },
      "author": "Jason Bloomberg, Contributor, Jason Bloomberg, Contributor https://www.forbes.com/sites/jasonbloomberg/",
      "title": "You'll Never Believe The Disruptive Innovation At VMworld",
      "description": "The large vendors who mount these extravaganzas all have skin in the game in the form of partner ecosystems – an advantage Comdex lacked. This year’s VMworld was no different, although the ‘reduce dependence of VMware’ story was almost as prominent on the flo…",
      "url": "https://www.forbes.com/sites/jasonbloomberg/2018/09/03/youll-never-believe-the-disruptive-innovation-at-vmworld/",
      "urlToImage": "https://thumbor.forbes.com/thumbor/600x315/https%3A%2F%2Fblogs-images.forbes.com%2Fjasonbloomberg%2Ffiles%2F2018%2F09%2Fvmworld-2.jpg",
      "publishedAt": "2018-09-03T16:01:00Z",
      "content": "The days of massive, vendor-independent enterprise technology conferences like Comdex are long gone. Today, all the action is at the big vendor shows, like Dell Technologies World, IBM Think, CA World, and last week’s VMworld, to name a few. The large vendors… [+14058 chars]",
      "fileName": "You ll Never Believe The Disruptive Innovation At VMworld",
      "createdon": "2018-09-20T05:21:56.063Z",
      "md5": "6a1ba7f4d362486a147948a2fafea03a",
      "text": "The large vendors who mount these extravaganzas all have skin in the game in the form of partner ecosystems – an advantage Comdex lacked. This year’s VMworld was no different, although the ‘reduce dependence of VMware’ story was almost as prominent on the flo…"
}