{
      "source": {
            "id": "the-wall-street-journal",
            "name": "The Wall Street Journal"
      },
      "author": "Yoko Kubota",
      "title": "Alibaba's Jack Ma Says Government Should Stick to Governing",
      "description": "Chinese e-commerce tycoon Jack Ma used a government-sponsored forum to suggest regulators take a lighter touch in dealing with technology companies, saying the market should be allowed to decide how new industries like artificial intelligence develop.",
      "url": "https://www.wsj.com/articles/alibabas-jack-ma-says-government-should-stick-to-governing-1537183483",
      "urlToImage": "https://images.wsj.net/im-26747/social",
      "publishedAt": "2018-09-17T11:34:09Z",
      "content": "SHANGHAI—Chinese e-commerce tycoon Jack Ma used a government-sponsored forum to suggest regulators take a lighter touch in dealing with technology companies, saying the market should be allowed to decide how new industries like artificial intelligence develop… [+4282 chars]",
      "fileName": "Alibaba s Jack Ma Says Government Should Stick to Governing",
      "createdon": "2018-09-20T05:22:51.596Z",
      "md5": "2d21cab840840b8d0ea60baef449fb8c",
      "text": "Chinese e-commerce tycoon Jack Ma used a government-sponsored forum to suggest regulators take a lighter touch in dealing with technology companies, saying the market should be allowed to decide how new industries like artificial intelligence develop."
}