{
      "source": {
            "id": null,
            "name": "Cisco.com"
      },
      "author": "Hilton Romanski",
      "title": "Embrace Disruption: Cisco’s Approach Defined",
      "description": "Hilton Romanski elaborates on Cisco\\'s innovation strategy and how the company embraces disruption.",
      "url": "https://blogs.cisco.com/news/embrace-disruption-ciscos-approach-defined",
      "urlToImage": "https://alln-extcloud-storage.cisco.com/ciscoblogs/Teamwork_innovation-1-460x230.jpg",
      "publishedAt": "2018-08-30T19:59:20Z",
      "content": "Last week, I had the pleasure of addressing the most powerful and talented sales team in the IT industry at Cisco’s annual sales meeting, GSX. What I shared was straightforward — our customers are dealing with levels of disruption that they’ve never experienc… [+2859 chars]",
      "fileName": "Embrace Disruption Cisco s Approach Defined",
      "createdon": "2018-09-20T05:22:57.641Z",
      "md5": "351141c7978c212786884ff1753b1a2b",
      "text": "Hilton Romanski elaborates on Cisco\\'s innovation strategy and how the company embraces disruption."
}