{
      "source": {
            "id": null,
            "name": "Dzone.com"
      },
      "author": "Ricky Ho",
      "title": "Structured Learning and Imitation Learning",
      "description": "In a classical prediction use case, the predicted output is either a number (for regression) or category (for classification). A set of training data (x, y) where x is the input and y is the labeled output is provided to train a parameterized predictive model…",
      "url": "https://dzone.com/articles/structure-learning-and-imitation-learning-1",
      "urlToImage": "https://dz2cdn3.dzone.com/storage/article-thumb/10154458-thumb.jpg",
      "publishedAt": "2018-09-05T14:01:02Z",
      "content": "In a classical prediction use case, the predicted output is either a number (for regression) or category (for classification). A set of training data (x, y) where x is the input and y is the labeled output is provided to train a parameterized predictive model… [+6956 chars]",
      "fileName": "Structured Learning and Imitation Learning",
      "createdon": "2018-09-20T05:25:13.180Z",
      "md5": "a46e599c1a0eb97a0660095f13fd7571",
      "text": "In a classical prediction use case, the predicted output is either a number (for regression) or category (for classification). A set of training data (x, y) where x is the input and y is the labeled output is provided to train a parameterized predictive model…"
}