{
      "source": {
            "id": null,
            "name": "Channelnewsasia.com"
      },
      "author": null,
      "title": "Temasek forms joint venture with Infosys to support digital transformation",
      "description": "SINGAPORE: Singapore state investor Temasek and India's second-largest software services exporter Infosys on Friday (Sep 7) announced that they have formed a joint venture, a move that will support Temasek’s digital transformation journey. The joint venture w…",
      "url": "https://www.channelnewsasia.com/news/business/temasek-joint-venture-infosys-support-digital-transformation-10694616",
      "urlToImage": "http://www.channelnewsasia.com/blob/10694630/70dfe64c1aa64ca181db760440a83f3c/temasek-file-photo-data.jpg",
      "publishedAt": "2018-09-07T09:10:38Z",
      "content": "SINGAPORE: Singapore state investor Temasek and India's second-largest software services exporter Infosys on Friday (Sep 7) announced that they have formed a joint venture, a move that will support Temasek’s digital transformation journey. The joint venture w… [+919 chars]",
      "fileName": "Temasek forms joint venture with Infosys to support digital transformation",
      "createdon": "2018-09-20T05:21:52.339Z",
      "md5": "0f46eb5f6ed935b35491d532af787e8b",
      "text": "SINGAPORE: Singapore state investor Temasek and India's second-largest software services exporter Infosys on Friday (Sep 7) announced that they have formed a joint venture, a move that will support Temasek’s digital transformation journey. The joint venture w…"
}