{
      "source": {
            "id": "reuters",
            "name": "Reuters"
      },
      "author": "Reuters Editorial",
      "title": "Line Corp says to raise $1.33 billion through convertible euro bonds",
      "description": "Japan's Line Corp said on Tuesday it would raise about 148.1 billion yen ($1.33 billion) by issuing euro-denominated convertible bonds maturing in 2023 and 2025 to invest in future technologies.",
      "url": "https://www.reuters.com/article/us-line-fundraising/line-corp-says-to-raise-1-33-billion-through-convertible-euro-bonds-idUSKCN1LK0NH",
      "urlToImage": "https://s2.reutersmedia.net/resources/r/?m=02&d=20180904&t=2&i=1300517148&w=1200&r=LYNXNPEE830HD",
      "publishedAt": "2018-09-04T07:38:39Z",
      "content": "TOKYO (Reuters) - Japan’s Line Corp said on Tuesday it would raise about 148.1 billion yen ($1.33 billion) by issuing euro-denominated convertible bonds maturing in 2023 and 2025 to invest in future technologies. Line said it would allocate about 100 billion … [+402 chars]",
      "fileName": "Line Corp says to raise 1 33 billion through convertible euro bonds",
      "createdon": "2018-09-20T05:15:14.733Z",
      "md5": "3d64f5d9eb20e5d072be4cde92423dc9",
      "text": "Japan's Line Corp said on Tuesday it would raise about 148.1 billion yen ($1.33 billion) by issuing euro-denominated convertible bonds maturing in 2023 and 2025 to invest in future technologies."
}