{
      "source": {
            "id": "the-new-york-times",
            "name": "The New York Times"
      },
      "author": "FRANK ROSE",
      "title": "Frank Gehry’s Disney Hall Is Technodreaming",
      "description": "The data artist Refik Anadol in his studio, testing data from the Philharmonic’s sound archives (shown in abstract form). “Technology is a mirror of humankind,” he said.",
      "url": "https://www.nytimes.com/2018/09/14/arts/design/refik-anadol-la-philharmonic-disney-hall.html",
      "urlToImage": "https://static01.nyt.com/images/2018/09/16/arts/16refik1/16refik1-facebookJumbo.jpg",
      "publishedAt": "2018-09-14T10:00:07Z",
      "content": "Gathered in a small conference room were Kenric McDowell, an artificial-intelligence expert from Google, and several Philharmonic officials, chief among them Chad Smith, the orchestra’s chief operating officer and de facto head of programming, a man whose pre… [+865 chars]",
      "fileName": "Frank Gehry s Disney Hall Is Technodreaming",
      "createdon": "2018-09-20T05:14:59.094Z",
      "md5": "bfa3d642013275a4daa51277df498f95",
      "text": "The data artist Refik Anadol in his studio, testing data from the Philharmonic’s sound archives (shown in abstract form). “Technology is a mirror of humankind,” he said."
}