{
      "source": {
            "id": null,
            "name": "Indianexpress.com"
      },
      "author": "Anand Teltumbde",
      "title": "For the record: Am I a Naxalite?",
      "description": "The harassment I have faced is meant to terrorise intellectuals, subdue dissent",
      "url": "https://indianexpress.com/article/opinion/columns/elgaar-parishad-probe-bhima-koregaon-urban-maoist-raids-anand-teltumbde-5331660/",
      "urlToImage": "https://images.indianexpress.com/2018/08/anand-teltumbde.jpg?w=759",
      "publishedAt": "2018-08-29T18:50:08Z",
      "content": "Anand Teltumbde I had just woken up somewhat late, tired after a late night flight when I saw missed calls from Ajit Parulekar, a colleague and director of the Goa Institute of Management where I am a senior professor and chair, Big Data Analytics. He shocked… [+5235 chars]",
      "fileName": "For the record Am I a Naxalite",
      "createdon": "2018-09-20T05:21:16.626Z",
      "md5": "7ad118ed5638a3d2f3bd2b702a261aad",
      "text": "The harassment I have faced is meant to terrorise intellectuals, subdue dissent"
}