{
      "source": {
            "id": null,
            "name": "Forbes.com"
      },
      "author": "Adi Gaskell, Contributor, Adi Gaskell, Contributor https://www.forbes.com/sites/adigaskell/",
      "title": "Using AI To Improve Your Predictive Capabilities",
      "description": "Digital transformation is a priority for many companies, but success rates are very low.  Travel giant eDreams have started small, by using AI and big data to improve their predictive capabilities.",
      "url": "https://www.forbes.com/sites/adigaskell/2018/09/19/using-ai-to-improve-your-predictive-capabilities/",
      "urlToImage": "https://thumbor.forbes.com/thumbor/600x315/https%3A%2F%2Fspecials-images.forbesimg.com%2Fdam%2Fimageserve%2F565093101%2F960x0.jpg%3Ffit%3Dscale",
      "publishedAt": "2018-09-19T12:59:00Z",
      "content": "Share to facebook Share to twitter Share to linkedin Using AI To Improve Your Predictive Capabilities. Image courtesy of Getty. Earlier this year a new report from the MIT Sloan Management Review highlighted the poor progress being made with digital transform… [+12180 chars]",
      "fileName": "Using AI To Improve Your Predictive Capabilities",
      "createdon": "2018-09-20T05:21:50.503Z",
      "md5": "b8dd50df8051fe507e985904954e5553",
      "text": "Digital transformation is a priority for many companies, but success rates are very low.  Travel giant eDreams have started small, by using AI and big data to improve their predictive capabilities."
}