{
      "source": {
            "id": null,
            "name": "Forbes.com"
      },
      "author": "Insights Team, Forbes Insights, Insights Team, Forbes Insights https://www.forbes.com/sites/insightsteam/",
      "title": "How Artificial Intelligence And Machine Learning Are Revolutionizing Logistics, Supply Chain And Transportation",
      "description": "Forbes Insights research shows that 65% of senior transportation-focused executives believe logistics, supply chain and transportation processes are in the midst of a renaissance—an era of profound transformation.",
      "url": "https://www.forbes.com/sites/insights-penske/2018/09/04/how-artificial-intelligence-and-machine-learning-are-revolutionizing-logistics-supply-chain-and-transportation/",
      "urlToImage": "https://thumbor.forbes.com/thumbor/600x315/https%3A%2F%2Fblogs-images.forbes.com%2Finsights-penske%2Ffiles%2F2018%2F08%2FPenske-Article-2-1200x657.jpg",
      "publishedAt": "2018-09-04T21:14:00Z",
      "content": "Forbes Insights research shows that 65% of senior transportation-focused executives believe logistics, supply chain and transportation processes are in the midst of a renaissance—an era of profound transformation. But of the most visible forces of change &amp… [+12260 chars]",
      "fileName": "How Artificial Intelligence And Machine Learning Are Revolutionizing Logistics Supply Chain And Transportation",
      "createdon": "2018-09-20T05:15:07.018Z",
      "md5": "2a971451eb02ba1b49062d92940c594c",
      "text": "Forbes Insights research shows that 65% of senior transportation-focused executives believe logistics, supply chain and transportation processes are in the midst of a renaissance—an era of profound transformation."
}