{
      "source": {
            "id": null,
            "name": "Techmeme.com"
      },
      "author": null,
      "title": "Launchmetrics, which offers a data analytics service for luxury brands, raises $50M led by French state bank Bpifrance to expand internationally (Chris O'Brien/VentureBeat)",
      "description": "Chris O'Brien / VentureBeat : Launchmetrics, which offers a data analytics service for luxury brands, raises $50M led by French state bank Bpifrance to expand internationally — Launchmetrics announced today that it has raised $50 million in venture capital as…",
      "url": "https://www.techmeme.com/180905/p27",
      "urlToImage": "http://venturebeat.com/wp-content/uploads/2018/09/michael-jais-1-e1536125203512.jpg?fit=2202%2C1435&strip=all",
      "publishedAt": "2018-09-05T17:15:01Z",
      "content": "About This Page This is a Techmeme archive page. It shows how the site appeared at 1:15 PM ET, September 5, 2018. The most current version of the site as always is available at our home page. To view an earlier snapshot click here and then modify the date ind… [+6 chars]",
      "fileName": "Launchmetrics which offers a data analytics service for luxury brands raises 50M led by French state bank Bpifrance to expand internationally Chris O Brien VentureBeat",
      "createdon": "2018-09-20T05:21:05.198Z",
      "md5": "ed94b253d0514fbdda9a9f022ce7f7fc",
      "text": "Chris O'Brien / VentureBeat : Launchmetrics, which offers a data analytics service for luxury brands, raises $50M led by French state bank Bpifrance to expand internationally — Launchmetrics announced today that it has raised $50 million in venture capital as…"
}