{
      "source": {
            "id": null,
            "name": "Geekwire.com"
      },
      "author": "Clare McGrane",
      "title": "Former Comcast, Accolade executive Jack Stoddard reportedly the COO of Amazon, JPMorgan and Berkshire health venture",
      "description": "Amazon, JPMorgan Chase and Berkshire Hathaway’s health venture now has a chief operating officer. According to a report by CNBC, former Comcast and Accolade executive Jack Stoddard started in that role today. GeekWire has reached out to Amazon for comment on …",
      "url": "https://www.geekwire.com/2018/former-comcast-accolade-executive-jack-stoddard-reportedly-coo-amazon-jpmorgan-berkshire-health-venture/",
      "urlToImage": "https://cdn.geekwire.com/wp-content/uploads/2018/09/Jack-Stoddard.jpg",
      "publishedAt": "2018-09-04T18:54:02Z",
      "content": "Jack Stoddard. (Photo via LinkedIn) Amazon, JPMorgan Chase and Berkshire Hathaway’s health venture now has a chief operating officer. According to a report by CNBC, former Comcast and Accolade executive Jack Stoddard started in that role today. GeekWire has r… [+900 chars]",
      "fileName": "Former Comcast Accolade executive Jack Stoddard reportedly the COO of Amazon JPMorgan and Berkshire health venture",
      "createdon": "2018-09-20T05:22:59.445Z",
      "md5": "995656f61d89a49e985ec43985538c5b",
      "text": "Amazon, JPMorgan Chase and Berkshire Hathaway’s health venture now has a chief operating officer. According to a report by CNBC, former Comcast and Accolade executive Jack Stoddard started in that role today. GeekWire has reached out to Amazon for comment on …"
}