{
      "source": {
            "id": null,
            "name": "Eurekalert.org"
      },
      "author": null,
      "title": "Online HIV prevention program receives $8.8 million NIH grant",
      "description": "( Northwestern University ) The National Institutes of Health has awarded an $8.8 million grant to Keep It Up!, a novel online HIV prevention program that has been shown to reduce sexually transmitted infections in gay young men by 40 percent. With this fundi…",
      "url": "https://www.eurekalert.org/pub_releases/2018-08/nu-ohp083118.php",
      "urlToImage": "https://www.eurekalert.org/images/EurekAlert_StackedLogo_RGB.jpg",
      "publishedAt": "2018-08-31T04:00:00Z",
      "content": "CHICAGO --- The National Institutes of Health (NIH) has awarded an $8.8 million grant to Keep It Up!, a novel online HIV prevention program that has been shown to reduce sexually transmitted infections in gay young men by 40 percent. Drawing in users with ent… [+3746 chars]",
      "fileName": "Online HIV prevention program receives 8 8 million NIH grant",
      "createdon": "2018-09-20T05:23:31.351Z",
      "md5": "b9d509256b6e55e5eac282e5d7a5efc2",
      "text": "( Northwestern University ) The National Institutes of Health has awarded an $8.8 million grant to Keep It Up!, a novel online HIV prevention program that has been shown to reduce sexually transmitted infections in gay young men by 40 percent. With this fundi…"
}