{
      "source": {
            "id": null,
            "name": "Forbes.com"
      },
      "author": "Alannah Tsimis Sandehl, CommunityVoice, Alannah Tsimis Sandehl, CommunityVoice https://www.forbes.com/sites/forbesagencycouncil/people/alannahtsimissandehl/",
      "title": "Marketing Tools That Will Generate Value For Your Business",
      "description": "There are so many martech products on the market today that it can be challenging to know which ones to choose.",
      "url": "https://www.forbes.com/sites/forbesagencycouncil/2018/08/27/marketing-tools-that-will-generate-value-for-your-business/",
      "urlToImage": "https://thumbor.forbes.com/thumbor/600x315/https%3A%2F%2Fblogs-images.forbes.com%2Fforbesagencycouncil%2Ffiles%2F2018%2F08%2Fpexels-photo-1117132-23-500x500.jpeg",
      "publishedAt": "2018-08-27T13:00:00Z",
      "content": "Share to facebook Share to twitter Share to linkedin From content marketing platforms to social media management solutions, marketing technology, or martech, is helping businesses catapult their profits. However, there are so many martech products on the mark… [+10449 chars]",
      "fileName": "Marketing Tools That Will Generate Value For Your Business",
      "createdon": "2018-09-20T05:22:53.320Z",
      "md5": "b1c8f29fd37058c308a22bb1323bb25d",
      "text": "There are so many martech products on the market today that it can be challenging to know which ones to choose."
}