{
      "source": {
            "id": null,
            "name": "Theatlantic.com"
      },
      "author": "Thomas Wright",
      "title": "The Return to Great-Power Rivalry Was Inevitable",
      "description": "With neo-authoritarianism on the rise, the old assumptions undergirding a common set of western values just won’t do.",
      "url": "https://www.theatlantic.com/international/archive/2018/09/liberal-international-order-free-world-trump-authoritarianism/569881/",
      "urlToImage": "https://cdn.theatlantic.com/assets/media/img/mt/2018/09/GettyImages_613494318/facebook.jpg?1536699393",
      "publishedAt": "2018-09-12T08:50:00Z",
      "content": "The idea that America should uphold the “liberal international order” is taken as something of an article of faith in foreign-policy circles. I’m no exception. As a scholar at Brookings, I have written at least a dozen articles arguing that the health of the … [+16924 chars]",
      "fileName": "The Return to Great Power Rivalry Was Inevitable",
      "createdon": "2018-09-20T05:22:47.693Z",
      "md5": "97000e0a257e04755d5cc34b55fd6d2b",
      "text": "With neo-authoritarianism on the rise, the old assumptions undergirding a common set of western values just won’t do."
}