{
      "source": {
            "id": null,
            "name": "Cshlp.org"
      },
      "author": "Zhou, Z., Alikhan, N.-F., Sergeant, M. J., Luhmann, N., Vaz, C., Francisco, A. P., Carrico, J. A., Achtman, M.",
      "title": "GrapeTree: visualization of core genomic relationships among 100,000 bacterial pathogens [METHOD]",
      "description": "Current methods struggle to reconstruct and visualize the genomic relationships of large numbers of bacterial genomes. GrapeTree facilitates the analyses of large numbers of allelic profiles by a static \"GrapeTree Layout\" algorithm that supports interactive v…",
      "url": "https://genome.cshlp.org/content/28/9/1395.full?rss=1",
      "urlToImage": null,
      "publishedAt": "2018-09-04T13:30:29Z",
      "content": "Zhemin Zhou 1, Nabil-Fareed Alikhan 1, Martin J. Sergeant 1, Nina Luhmann 1, Cátia Vaz 2, 3, Alexandre P. Francisco 2, 4, João André Carriço 5 and Mark Achtman 1 1 Warwick Medical School, University of Warwick, Coventry, CV4 7AL, United Kingdom; 2 Instituto d… [+10416 chars]",
      "fileName": "GrapeTree visualization of core genomic relationships among 100 000 bacterial pathogens METHOD",
      "createdon": "2018-09-20T05:22:29.279Z",
      "md5": "59904744dec72e3b805c0aea3c6b71ac",
      "text": "Current methods struggle to reconstruct and visualize the genomic relationships of large numbers of bacterial genomes. GrapeTree facilitates the analyses of large numbers of allelic profiles by a static \"GrapeTree Layout\" algorithm that supports interactive v…"
}