{
      "source": {
            "id": "ars-technica",
            "name": "Ars Technica"
      },
      "author": "Cyrus Farivar",
      "title": "“Get a warrant”—Florida appeals court admonishes cops in two murder cases",
      "description": "Fourth District appeals court rules unanimously in suspects' favor.",
      "url": "https://arstechnica.com/tech-policy/2018/09/get-a-warrant-florida-appeals-court-admonishes-cops-in-two-murder-cases/",
      "urlToImage": "https://cdn.arstechnica.net/wp-content/uploads/2018/09/GettyImages-53359341-760x380.jpg",
      "publishedAt": "2018-09-08T11:30:52Z",
      "content": "Enlarge / A SunCruz Casino ship heads out into the Atlantic Ocean from Port Canaveral for a night of gambling in international waters August 11, 2005 in Cape Canaveral, Florida. reader comments 0 A Florida state appellate court has made two recent pro-privacy… [+7978 chars]",
      "fileName": "Get a warrant Florida appeals court admonishes cops in two murder cases",
      "createdon": "2018-09-20T05:20:27.729Z",
      "md5": "7fd55a7f9965d6fcc8204346ad9c4663",
      "text": "Fourth District appeals court rules unanimously in suspects' favor."
}