{
      "source": {
            "id": null,
            "name": "Forbes.com"
      },
      "author": "Peter Bendor-Samuel, Contributor, Peter Bendor-Samuel, Contributor https://www.forbes.com/sites/peterbendorsamuel/",
      "title": "Important Lesson For Companies Undertaking Digital Transformation",
      "description": "Forbes Welcome page -- Forbes is a global media company, focusing on business, investing, technology, entrepreneurship, leadership, and lifestyle.",
      "url": "https://www.forbes.com/forbes/welcome/?toURL=https://www.forbes.com/sites/peterbendorsamuel/2018/08/23/important-lesson-for-companies-undertaking-digital-transformation/&refURL=https://t.co/452dd3ac54&referrer=https://t.co/452dd3ac54",
      "urlToImage": null,
      "publishedAt": "2018-08-23T16:32:00Z",
      "content": null,
      "fileName": "Important Lesson For Companies Undertaking Digital Transformation",
      "createdon": "2018-09-20T05:21:50.368Z",
      "md5": "3d27f89f64801bf7d6e6370caaf4c9a0",
      "text": "Forbes Welcome page -- Forbes is a global media company, focusing on business, investing, technology, entrepreneurship, leadership, and lifestyle."
}