{
      "source": {
            "id": null,
            "name": "Moneycontrol.com"
      },
      "author": null,
      "title": "As Shu Thayu performs well at box office, Gujarati film industry seem to be in revival mode",
      "description": "In 2015, the box office collection for Gujarati films was over Rs 55 crore, up from Rs 7 crore in 2014, according to a 2016 KPMG report.",
      "url": "https://www.moneycontrol.com/news/trends/entertainment/as-shu-thayu-performs-well-at-box-office-gujarati-film-industry-seem-to-be-in-revival-mode-2892511.html",
      "urlToImage": "https://static-news.moneycontrol.com/static-mcnews/2018/08/shu-thayu-770x433.jpg",
      "publishedAt": "2018-08-29T07:46:24Z",
      "content": "Even though Bollywood is more widely known, what makes India's film industry unique is regional language films. Regional film industry has over the years contributed quality content, and now they are also getting box office recognition. One such segment is th… [+3135 chars]",
      "fileName": "As Shu Thayu performs well at box office Gujarati film industry seem to be in revival mode",
      "createdon": "2018-09-20T05:22:06.283Z",
      "md5": "ddf3f0f4c8c87eb218decc7794443292",
      "text": "In 2015, the box office collection for Gujarati films was over Rs 55 crore, up from Rs 7 crore in 2014, according to a 2016 KPMG report."
}