{
      "source": {
            "id": null,
            "name": "Hubspot.com"
      },
      "author": "Caroline Forsey",
      "title": "The Top 7 IoT Trends of 2018",
      "description": "By 2020, it’s estimated there will be over 30 billion IoT devices. As the popularity of the Internet of Things (IoT) continues to rise across industries, it's important to take note of which trends could affect your business.",
      "url": "https://blog.hubspot.com/marketing/iot-trends",
      "urlToImage": "https://blog.hubspot.com/hubfs/iot-trends.jpg?t=1536752598553#keepProtocol",
      "publishedAt": "2018-09-12T11:00:00Z",
      "content": "By 2020, it’s estimated there will be over 30 billion IoT devices. As the popularity of the Internet of Things (IoT) continues to rise across industries, it's important to take note of which trends could affect your business. IoT will affect every industry, f… [+6655 chars]",
      "fileName": "The Top 7 IoT Trends of 2018",
      "createdon": "2018-09-20T05:21:07.366Z",
      "md5": "6b9db56758821e7fc0f8b4b9f240e6ec",
      "text": "By 2020, it’s estimated there will be over 30 billion IoT devices. As the popularity of the Internet of Things (IoT) continues to rise across industries, it's important to take note of which trends could affect your business."
}