{
      "source": {
            "id": null,
            "name": "Cmswire.com"
      },
      "author": "pr@cmswire.com (David Roe)",
      "title": "Tips for Improving Employee Engagement",
      "description": "Although C-Suite driving digital transformation has been closely studied, the question remains, how do you ensure workers are engaged?",
      "url": "https://www.cmswire.com/digital-workplace/tips-for-improving-employee-engagement/",
      "urlToImage": "https://www.cmswire.com/~/media/4df9ec90e5284353851d11261750c673.jpg",
      "publishedAt": "2018-08-22T14:32:58Z",
      "content": "PHOTO: Shutterstock The qualities needed to lead a digital enterprise have been well documented. How to ensure worker engagement with digital transformation initiatives and the digital workplace is less clear. Although all the people we contacted working in d… [+7628 chars]",
      "fileName": "Tips for Improving Employee Engagement",
      "createdon": "2018-09-20T05:21:52.405Z",
      "md5": "6a360607e0cff0bec6a261cbc0e7cb39",
      "text": "Although C-Suite driving digital transformation has been closely studied, the question remains, how do you ensure workers are engaged?"
}