{
      "source": {
            "id": null,
            "name": "Seekingalpha.com"
      },
      "author": "Shiraz Lakhi",
      "title": "Masonite Is A Strong Buy Despite Industrywide Inflationary Headwinds",
      "description": "Based on both a Price/Sales, and Price/FCF valuation, the company appears significantly undervalued. Competent management team demonstrate effective handling of",
      "url": "https://seekingalpha.com/article/4205780-masonite-strong-buy-despite-industrywide-inflationary-headwinds",
      "urlToImage": "https://static3.seekingalpha.com/images/marketing_images/real_estate_mortgage/housing_reit_stocks_up.jpeg",
      "publishedAt": "2018-09-12T16:33:58Z",
      "content": "Investors who follow my smart-portfolio stock strategy, know the six key factors I look for when shortlisting stocks to be included in the four-weekly updated portfolio. One of the companies I am currently looking at is Florida based Masonite Inc. ( DOOR ), a… [+8302 chars]",
      "fileName": "Masonite Is A Strong Buy Despite Industrywide Inflationary Headwinds",
      "createdon": "2018-09-20T05:23:29.440Z",
      "md5": "001eefa8fcbb3e1c3b2d76c8408dc52b",
      "text": "Based on both a Price/Sales, and Price/FCF valuation, the company appears significantly undervalued. Competent management team demonstrate effective handling of"
}