{
      "source": {
            "id": "the-next-web",
            "name": "The Next Web"
      },
      "author": "The Conversation",
      "title": "Don’t worry, Alexa and Google Home won’t take away your regional accent",
      "description": "Hey, Google. Can you understand my accent? Of course. You have an incredibly pleasing dialect. So began my Saturday morning discussion with my Google Home Mini. And while I was happy to receive a compliment about my speech, that wasn’t my motivation for askin…",
      "url": "https://thenextweb.com/?p=1147318",
      "urlToImage": "https://cdn0.tnwcdn.com/wp-content/blogs.dir/1/files/2018/08/Untitled-design-3-6-social.png",
      "publishedAt": "2018-08-29T10:36:56Z",
      "content": "Hey, Google. Can you understand my accent? Of course. You have an incredibly pleasing dialect. So began my Saturday morning discussion with my Google Home Mini. And while I was happy to receive a compliment about my speech, that wasn’t my motivation for askin… [+5634 chars]",
      "fileName": "Don t worry Alexa and Google Home won t take away your regional accent",
      "createdon": "2018-09-20T05:15:05.305Z",
      "md5": "ff3883d571fdf6affa6150c1df8e5b3a",
      "text": "Hey, Google. Can you understand my accent? Of course. You have an incredibly pleasing dialect. So began my Saturday morning discussion with my Google Home Mini. And while I was happy to receive a compliment about my speech, that wasn’t my motivation for askin…"
}