{
      "source": {
            "id": null,
            "name": "Www.gov.uk"
      },
      "author": "Cabinet Office",
      "title": "Speech: Oliver Dowden CBE MP - conference address at techUK on 06 September 2018",
      "description": "Speech delivered at the techUK conference by Minister for Implementation, Oliver Dowden CBE MP.",
      "url": "https://www.gov.uk/government/speeches/oliver-dowden-cbe-mp-conference-address-at-techuk-on-06-september-2018",
      "urlToImage": "https://assets.publishing.service.gov.uk/government/uploads/system/uploads/person/image/3340/Oliver_Dowden_1.jpg",
      "publishedAt": "2018-09-06T13:47:54Z",
      "content": "Good morning. I’m delighted to join you at techUK’s flagship conference today. techUK is motivated, like the UK government, to ensure that the right decisions are made when it comes to the development and use of technology. We want technology to improve lives… [+17890 chars]",
      "fileName": "Speech Oliver Dowden CBE MP conference address at techUK on 06 September 2018",
      "createdon": "2018-09-20T05:23:37.447Z",
      "md5": "313fc5554762fa0fc670bc6401b5848c",
      "text": "Speech delivered at the techUK conference by Minister for Implementation, Oliver Dowden CBE MP."
}