{
      "source": {
            "id": null,
            "name": "Space.com"
      },
      "author": "Mike Wall",
      "title": "Two for One: Saturn Moon Titan Dwarfs Tethys in Stunning in Cassini Photo",
      "description": "The icy Saturn satellite Tethys peeks over the shoulder of the huge and hazy Titan in a newly released natural-color image, which NASA's Cassini spacecraft captured in November 2009.",
      "url": "https://www.space.com/41571-saturn-moons-titan-tethys-stunning-cassini-photo.html",
      "urlToImage": "https://img.purch.com/h/1000/aHR0cDovL3d3dy5zcGFjZS5jb20vaW1hZ2VzL2kvMDAwLzA3OC83NjQvb3JpZ2luYWwvY2Fzc2luaS1zYXR1cm4tdGl0YW4tdGV0aHlzLmpwZw==",
      "publishedAt": "2018-08-22T11:23:00Z",
      "content": "Two of Saturn's many moons take center stage in a gorgeous photo by NASA's Cassini spacecraft. The icy satellite Tethys peeks over the shoulder of the huge and hazy Titan in the newly released natural-color image, which Cassini captured in November 2009. The … [+2071 chars]",
      "fileName": "Two for One Saturn Moon Titan Dwarfs Tethys in Stunning in Cassini Photo",
      "createdon": "2018-09-20T05:20:41.648Z",
      "md5": "a4a1a16ef0ea433c3fa7c05612978700",
      "text": "The icy Saturn satellite Tethys peeks over the shoulder of the huge and hazy Titan in a newly released natural-color image, which NASA's Cassini spacecraft captured in November 2009."
}