{
      "source": {
            "id": null,
            "name": "Deadline.com"
      },
      "author": "peterdeadline",
      "title": "Discovery International Boss JB Perette: “We’re Not Trying To Be The Supermarket”",
      "description": "Discovery international chief JB Perette has warned that the U.S cable giant is \"not trying to be the supermarket\" in a wide-ranging chat that also covered the company's sports strategy and opportunities in virtual reality and eSports. Perette, who is Preside…",
      "url": "https://deadline.com/2018/09/discovery-international-boss-jb-perette-were-not-trying-to-be-the-supermarket-1202463852/",
      "urlToImage": "https://pmcdeadline2.files.wordpress.com/2018/09/screen-shot-2018-09-13-at-11-59-22.png?w=605",
      "publishedAt": "2018-09-13T11:02:15Z",
      "content": "Discovery international chief JB Perette has warned that the U.S cable giant is “not trying to be the supermarket” in a wide-ranging chat that also covered the company’s sports strategy and opportunities in virtual reality and eSports. Perette, who is Preside… [+3001 chars]",
      "fileName": "Discovery International Boss JB Perette We re Not Trying To Be The Supermarket",
      "createdon": "2018-09-20T05:22:51.585Z",
      "md5": "957374fe9a9b7c76e7fcffd7eabc0f9a",
      "text": "Discovery international chief JB Perette has warned that the U.S cable giant is \"not trying to be the supermarket\" in a wide-ranging chat that also covered the company's sports strategy and opportunities in virtual reality and eSports. Perette, who is Preside…"
}