{
      "source": {
            "id": null,
            "name": "Yahoo.com"
      },
      "author": null,
      "title": "Syrian state media denies blasts caused by Israeli strikes - Yahoo News",
      "description": "Financial Express Syrian state media denies blasts caused by Israeli strikes Yahoo News (Reuters) - Syrian state media said blasts heard from the direction of a military air base near Damascus early on Sunday were caused by an explosion at a munitions dump du…",
      "url": "https://www.yahoo.com/news/syrian-state-media-denies-blasts-caused-israeli-strikes-230417869.html",
      "urlToImage": "https://s.yimg.com/os/mit/media/m/social/images/social_default_logo-1481777.png",
      "publishedAt": "2018-09-01T23:04:00Z",
      "content": "(Reuters) - Syrian state media said blasts heard from the direction of a military air base near Damascus early on Sunday were caused by an explosion at a munitions dump due to an electrical problem, not by Israeli strikes. The state media quoted a Syrian mili… [+443 chars]",
      "fileName": "Syrian state media denies blasts caused by Israeli strikes Yahoo News",
      "createdon": "2018-09-20T05:08:29.875Z",
      "md5": "38e6d02117faecb6fcdc980e741a0744",
      "text": "Financial Express Syrian state media denies blasts caused by Israeli strikes Yahoo News (Reuters) - Syrian state media said blasts heard from the direction of a military air base near Damascus early on Sunday were caused by an explosion at a munitions dump du…"
}