{
      "source": {
            "id": null,
            "name": "Stackmasters.eu"
      },
      "author": "Panos Vlachos",
      "title": "The importance of governance for cloud applications",
      "description": "How important is governance for cloud applications? The short and simple answer, in my humble opinion, is a lot. If fact, it can’t be emphasized enough. Governance is the act of policy establishment, continuous monitoring, and the separation of authorities an…",
      "url": "https://www.stackmasters.eu/blog/governance-for-cloud-applications/",
      "urlToImage": "https://www.stackmasters.eu/wp-content/uploads/2018/09/governanc-for-cloud-applications.jpg",
      "publishedAt": "2018-09-18T15:24:51Z",
      "content": "How important is governance for cloud applications? The short and simple answer, in my humble opinion, is a lot. If fact, it can’t be emphasized enough. Governance is the act of policy establishment, continuous monitoring, and the separation of authorities an… [+3696 chars]",
      "fileName": "The importance of governance for cloud applications",
      "createdon": "2018-09-20T05:23:37.234Z",
      "md5": "4f6d7b175562e7ae17ea8a6063fd9944",
      "text": "How important is governance for cloud applications? The short and simple answer, in my humble opinion, is a lot. If fact, it can’t be emphasized enough. Governance is the act of policy establishment, continuous monitoring, and the separation of authorities an…"
}