{
      "source": {
            "id": null,
            "name": "Slashdot.org"
      },
      "author": "BeauHD",
      "title": "Alibaba To Set Up New Chip Company Amid Fear of US Tech Dependency",
      "description": "hackingbear shares a report from CNN: China's biggest tech firm announced Wednesday that the new [semiconductor] business will develop artificial intelligence chips for cloud computing, internet-connected devices and other sectors. Alibaba's chief technology …",
      "url": "https://hardware.slashdot.org/story/18/09/19/2052248/alibaba-to-set-up-new-chip-company-amid-fear-of-us-tech-dependency",
      "urlToImage": "https://a.fsdn.com/sd/topics/china_64.png",
      "publishedAt": "2018-09-19T23:20:00Z",
      "content": "Paraphrase: \"Trade should not be used for war, but should instead foster peace.\" This does shed some light on the full ramifications of protectionist trade policy... much like thermonuclear war, there are no winners.",
      "fileName": "Alibaba To Set Up New Chip Company Amid Fear of US Tech Dependency",
      "createdon": "2018-09-20T05:15:03.286Z",
      "md5": "9fbf9b05de0ec7aabaaed5bcd207e359",
      "text": "hackingbear shares a report from CNN: China's biggest tech firm announced Wednesday that the new [semiconductor] business will develop artificial intelligence chips for cloud computing, internet-connected devices and other sectors. Alibaba's chief technology …"
}