{
      "source": {
            "id": null,
            "name": "Prnewswire.com"
      },
      "author": null,
      "title": "AT&T, Softbox and Merck Test Connected Payloads and Drone Flights to Deliver Medical Supplies in Puerto Rico",
      "description": "GUAYNABO, Puerto Rico, Aug. 24, 2018 /PRNewswire/ -- AT&T* is taking part in a proof of concept with Softbox to test connected medical payloads carried by drones. The goal? Successfully and safely deliver temperature-sensitive medicines using drones. An LTE-c…",
      "url": "https://www.prnewswire.com/news-releases/att-softbox-and-merck-test-connected-payloads-and-drone-flights-to-deliver-medical-supplies-in-puerto-rico-300702075.html",
      "urlToImage": "https://mma.prnewswire.com/media/539716/ATT_Logo.jpg?p=facebook",
      "publishedAt": "2018-08-24T16:00:00Z",
      "content": "GUAYNABO, Puerto Rico, Aug. 24, 2018 /PRNewswire/ -- AT&amp;T* is taking part in a proof of concept with Softbox to test connected medical payloads carried by drones. The goal? Successfully and safely deliver temperature-sensitive medicines using drones. An L… [+5732 chars]",
      "fileName": "AT T Softbox and Merck Test Connected Payloads and Drone Flights to Deliver Medical Supplies in Puerto Rico",
      "createdon": "2018-09-20T05:22:29.380Z",
      "md5": "f33003bf2f02015ba0466482b82a9fa7",
      "text": "GUAYNABO, Puerto Rico, Aug. 24, 2018 /PRNewswire/ -- AT&T* is taking part in a proof of concept with Softbox to test connected medical payloads carried by drones. The goal? Successfully and safely deliver temperature-sensitive medicines using drones. An LTE-c…"
}