{
      "source": {
            "id": null,
            "name": "R-bloggers.com"
      },
      "author": "Hugo Bowne-Anderson",
      "title": "Data Products, Dashboards, and Rapid Prototyping (Transcript)",
      "description": "Here is a link to the podcast.  Introducing Tanya Cashorali  Hugo:               Hi there, Tanya and welcome to Data Framed.  Tanya:              Thank you, Hugo. Glad to be here.  Hugo:               It's great to have you on the show and I'm really excited …",
      "url": "https://www.r-bloggers.com/data-products-dashboards-and-rapid-prototyping-transcript/",
      "urlToImage": "https://www.r-bloggers.com/wp-content/uploads/2016/08/R_single_01-200-1.png",
      "publishedAt": "2018-09-03T16:00:00Z",
      "content": "Here is a link to the podcast. Introducing Tanya Cashorali Hugo: Hi there, Tanya and welcome to Data Framed. Tanya: Thank you, Hugo. Glad to be here. Hugo: It’s great to have you on the show and I’m really excited to talk about your work in data consulting, d… [+38432 chars]",
      "fileName": "Data Products Dashboards and Rapid Prototyping Transcript",
      "createdon": "2018-09-20T05:21:12.956Z",
      "md5": "7ab153368eff70743104e6c256622c24",
      "text": "Here is a link to the podcast.  Introducing Tanya Cashorali  Hugo:               Hi there, Tanya and welcome to Data Framed.  Tanya:              Thank you, Hugo. Glad to be here.  Hugo:               It's great to have you on the show and I'm really excited …"
}