{
      "source": {
            "id": null,
            "name": "Newsline.com"
      },
      "author": null,
      "title": "Artificial Intelligence helps peep mysterious cosmic radio bursts - Newsline",
      "description": "Analytics Insight Artificial Intelligence helps peep mysterious cosmic radio bursts Newsline Breaking fresh boundaries in the pattern of Artificial Intelligence in buying extraterrestrials or aliens in the universe, the University of California has reportedly…",
      "url": "https://newsline.com/2018/09/17/artificial-intelligence-helps-peep-mysterious-cosmic-radio-bursts/",
      "urlToImage": "https://newsline.com/wp-content/uploads/default_img_newsomatic.jpg",
      "publishedAt": "2018-09-17T10:30:02Z",
      "content": "Breaking fresh boundaries in the pattern of Artificial Intelligence in buying extraterrestrials or aliens in the universe, the University of California has reportedly chanced on seventy two fresh mercurial radio burst from a ‘mysterious’ supply some three bil… [+2534 chars]",
      "fileName": "Artificial Intelligence helps peep mysterious cosmic radio bursts Newsline",
      "createdon": "2018-09-20T05:15:09.107Z",
      "md5": "060d118c81519f017a59d24075d2a05c",
      "text": "Analytics Insight Artificial Intelligence helps peep mysterious cosmic radio bursts Newsline Breaking fresh boundaries in the pattern of Artificial Intelligence in buying extraterrestrials or aliens in the universe, the University of California has reportedly…"
}