{
      "source": {
            "id": "the-wall-street-journal",
            "name": "The Wall Street Journal"
      },
      "author": "Joe Parkinson",
      "title": "Poverty-Stricken Niger Is Becoming a Security Hub",
      "description": "Advocates say the strategy is fortifying Niger against security threats, but opponents say it makes the country a target.",
      "url": "https://www.wsj.com/articles/a-nest-of-spies-how-poverty-stricken-niger-is-becoming-a-security-hub-for-the-west-1537176601",
      "urlToImage": "https://images.wsj.net/im-26559/social",
      "publishedAt": "2018-09-17T10:02:22Z",
      "content": "NIAMEY, Niger—Diplomats, spies and hostage negotiators gather nightly on the moonlit terraces of colonial-era hotels in this remote desert capital to trade intelligence on security threats. Foreign bases and vast new embassy complexes are rising along sand-ca… [+8842 chars]",
      "fileName": "Poverty Stricken Niger Is Becoming a Security Hub",
      "createdon": "2018-09-20T05:22:55.299Z",
      "md5": "88b15fff0ab0cde2d2bc7fc860d2c75d",
      "text": "Advocates say the strategy is fortifying Niger against security threats, but opponents say it makes the country a target."
}