{
      "source": {
            "id": null,
            "name": "Astronomynow.com"
      },
      "author": null,
      "title": "Artificial intelligence used to find undetected fast radio bursts - Astronomy Now Online",
      "description": "Astronomy Now Online Artificial intelligence used to find undetected fast radio bursts Astronomy Now Online Using artificial intelligence algorithms, researchers with the Breakthrough Listen project, part of the search for intelligent life in the universe, or…",
      "url": "https://astronomynow.com/2018/09/12/artificial-intelligence-used-to-find-undetected-fast-radio-bursts/",
      "urlToImage": null,
      "publishedAt": "2018-09-12T15:22:01Z",
      "content": "The Robert C. Byrd Green Bank Observatory detected multiple fast radio bursts in a source 3 billion light years away. Artificial intelligence algorithms helped researchers find 72 previously unseen emissions. Image: AUI/GBO Using artificial intelligence algor… [+1965 chars]",
      "fileName": "Artificial intelligence used to find undetected fast radio bursts Astronomy Now Online",
      "createdon": "2018-09-20T05:15:12.766Z",
      "md5": "44ce47ed935f3049d2e4b0092e5d45a8",
      "text": "Astronomy Now Online Artificial intelligence used to find undetected fast radio bursts Astronomy Now Online Using artificial intelligence algorithms, researchers with the Breakthrough Listen project, part of the search for intelligent life in the universe, or…"
}