{
      "source": {
            "id": null,
            "name": "Plos.org"
      },
      "author": "Thomas C. Moore, Laura A. Pulscher, Luke Caddell, Michael E. von Fricken, Benjamin D. Anderson, Battsetseg Gonchigoo, Gregory C. Gray",
      "title": "Evidence for transovarial transmission of tick-borne rickettsiae circulating in Northern Mongolia",
      "description": "Author summary In this study, we evaluate the probability or likelihood that tick-borne rickettsiae might be transmitted vertically from wild engorged adult female ticks collected throughout the Northern region of Mongolia during the summer of 2016. While sig…",
      "url": "http://journals.plos.org/plosntds/article?id=10.1371/journal.pntd.0006696",
      "urlToImage": "http://journals.plos.org/plosntds/article/figure/image?id=10.1371/journal.pntd.0006696.g006&size=inline",
      "publishedAt": "2018-08-27T21:00:00Z",
      "content": "Abstract Transstadial transmission of tick-borne rickettsiae has been well documented. Few studies, however, have evaluated the role of transovarial transmission of tick-borne rickettsiae, particularly in nature within the host-vector ecosystem. This cross-se… [+37243 chars]",
      "fileName": "Evidence for transovarial transmission of tick borne rickettsiae circulating in Northern Mongolia",
      "createdon": "2018-09-20T05:22:33.596Z",
      "md5": "0b91ad4309483039f2712b497cd6ff88",
      "text": "Author summary In this study, we evaluate the probability or likelihood that tick-borne rickettsiae might be transmitted vertically from wild engorged adult female ticks collected throughout the Northern region of Mongolia during the summer of 2016. While sig…"
}