{
      "source": {
            "id": null,
            "name": "Business-standard.com"
      },
      "author": "T E Narasimhan & Gireesh Babu",
      "title": "Three-pronged strategy to mobilise money to rebuild Kerala: Thomas Isaac",
      "description": "Estimated loss is around Rs 200-300 billion, says the Kerala Finance Minister",
      "url": "https://www.business-standard.com/article/current-affairs/three-pronged-strategy-to-mobilise-money-to-rebuild-kerala-thomas-isaac-118082200145_1.html",
      "urlToImage": "https://bsmedia.business-standard.com/_media/bs/img/article/2018-08/20/full/1534734867-6631.jpg",
      "publishedAt": "2018-08-22T03:30:00Z",
      "content": "Kerala has seen one of the worst floods in its history during this monsoon. From August 8 to 20, nearly 223 people have lost their lives, 33 are missing and around 1.2 million individuals from 3,02,441 families are in 3,941 relief camps. Initial loss is estim… [+3729 chars]",
      "fileName": "Three pronged strategy to mobilise money to rebuild Kerala Thomas Isaac",
      "createdon": "2018-09-20T05:23:37.364Z",
      "md5": "7a66d22e1128fa9a26e60edb70ad19b3",
      "text": "Estimated loss is around Rs 200-300 billion, says the Kerala Finance Minister"
}