{
      "source": {
            "id": null,
            "name": "Forbes.com"
      },
      "author": "Amie Devero, CommunityVoice, Amie Devero, CommunityVoice https://www.forbes.com/sites/forbescoachescouncil/people/amiedevero/",
      "title": "Avoid Groupthink For Better Decision Making",
      "description": "Until there has been some research to determine the real probability of success, investing time and resources in an action plan is foolhardy.",
      "url": "https://www.forbes.com/sites/forbescoachescouncil/2018/09/18/avoid-groupthink-for-better-decision-making/",
      "urlToImage": "https://thumbor.forbes.com/thumbor/600x315/https%3A%2F%2Fblogs-images.forbes.com%2Fforbescoachescouncil%2Ffiles%2F2018%2F09%2Fcanva-photo-editor-1-2-500x500.png",
      "publishedAt": "2018-09-18T11:30:00Z",
      "content": "Share to facebook Share to twitter Share to linkedin Groupthink is a major pitfall in business. It can easily displace independent thinking and good decision making. I remember being in a strategy meeting with an executive team. We were doing scenario plannin… [+11051 chars]",
      "fileName": "Avoid Groupthink For Better Decision Making",
      "createdon": "2018-09-20T05:22:59.288Z",
      "md5": "167cd7becd62cc0f71d0d791f83d8b00",
      "text": "Until there has been some research to determine the real probability of success, investing time and resources in an action plan is foolhardy."
}