{
      "source": {
            "id": "engadget",
            "name": "Engadget"
      },
      "author": "Nick Summers",
      "title": "I never thought I'd see Master Chief drive around Northumberland",
      "description": "Halo's armored hero, Master Chief, has fought the Covenant on a raft of planets throughout the galaxy. One place the super-soldier hasn't visited, though, is a village called Bamburgh on the northeast coast of England. That is, until now. At Gamescom 2018, I …",
      "url": "https://www.engadget.com/2018/08/22/forza-horizon-4-halo-event-bamburgh-castle/",
      "urlToImage": "https://o.aolcdn.com/images/dims?thumbnail=1200%2C630&quality=80&image_uri=https%3A%2F%2Fs.aolcdn.com%2Fhss%2Fstorage%2Fmidas%2F612c15d8fb8525da16052a93142755cd%2F206610835%2Fhalofeat.jpg&client=amp-blogside-v2&signature=a57fb4e9fd885042a0f3ca520d8c652bb4aa6d88",
      "publishedAt": "2018-08-22T15:00:00Z",
      "content": "The event kicks off near Bamburgh Castle, a historic fort that's been inhabited by Celtic Britons, Anglo-Saxons, Vikings and Normans since its construction in roughly 420 AD. A UNSC pilot asks: \"Cortana, what is this place?\" To which the artificial intelligen… [+1123 chars]",
      "fileName": "I never thought I d see Master Chief drive around Northumberland",
      "createdon": "2018-09-20T05:14:59.010Z",
      "md5": "aee52c05130acd6f5a4fd0ff2fc872b7",
      "text": "Halo's armored hero, Master Chief, has fought the Covenant on a raft of planets throughout the galaxy. One place the super-soldier hasn't visited, though, is a village called Bamburgh on the northeast coast of England. That is, until now. At Gamescom 2018, I …"
}