{
      "source": {
            "id": null,
            "name": "Architecting.it"
      },
      "author": "Chris Evans",
      "title": "VMworld 2018 – Divergent VMware",
      "description": "Nobody likes to be wrong, least of all me, and it’s with fascination that I look at the news coming out of VMworld 2018 this week. I’m comparing the news to my thoughts on VMware’s future two years ago in my Peak VMware post. Did we reach peak VMware or did w…",
      "url": "https://blog.architecting.it/divergent-vmware/",
      "urlToImage": "https://blog.architecting.it/wp-content/uploads/2018/08/iStock-165600488.jpg",
      "publishedAt": "2018-08-31T11:54:27Z",
      "content": "Nobody likes to be wrong, least of all me, and it’s with fascination that I look at the news coming out of VMworld 2018 this week. I’m comparing the news to my thoughts on VMware’s future two years ago in my Peak VMware post. Did we reach peak VMware or did w… [+6526 chars]",
      "fileName": "VMworld 2018 Divergent VMware",
      "createdon": "2018-09-20T05:23:31.370Z",
      "md5": "e547df70ae2fb5dffa6ac92c552dda61",
      "text": "Nobody likes to be wrong, least of all me, and it’s with fascination that I look at the news coming out of VMworld 2018 this week. I’m comparing the news to my thoughts on VMware’s future two years ago in my Peak VMware post. Did we reach peak VMware or did w…"
}