{
      "source": {
            "id": null,
            "name": "Techmeme.com"
      },
      "author": null,
      "title": "Munich Re buys Berlin-based startup relayr, which provides IoT middleware for analytics and device management, in deal worth $300M (Natasha Lomas/TechCrunch)",
      "description": "Natasha Lomas / TechCrunch : Munich Re buys Berlin-based startup relayr, which provides IoT middleware for analytics and device management, in deal worth $300M — Berlin based Internet of Things (IoT) startup relayr, whose middleware platform is geared towards…",
      "url": "https://www.techmeme.com/180904/p17",
      "urlToImage": "http://techcrunch.com/wp-content/uploads/2018/03/gettyimages-914922266.jpg?w=600",
      "publishedAt": "2018-09-04T17:00:30Z",
      "content": null,
      "fileName": "Munich Re buys Berlin based startup relayr which provides IoT middleware for analytics and device management in deal worth 300M Natasha Lomas TechCrunch",
      "createdon": "2018-09-20T05:21:05.207Z",
      "md5": "01d2d56651ea66fca5ba3439afc0df39",
      "text": "Natasha Lomas / TechCrunch : Munich Re buys Berlin-based startup relayr, which provides IoT middleware for analytics and device management, in deal worth $300M — Berlin based Internet of Things (IoT) startup relayr, whose middleware platform is geared towards…"
}