{
      "source": {
            "id": null,
            "name": "Finovate.com"
      },
      "author": "David Penn",
      "title": "FinovateFall Sneak Peek: Enova Decisions and ID Analytics",
      "description": "A look at the companies demoing live at FinovateFall on September 24 through 26, 2018 in New York. Register today and save your spot. Enova Decisions, decisioning experts with deep experience in nonprime consumers, joins ID Analytics, a leader in credit and f…",
      "url": "https://finovate.com/finovatefall-sneak-peek-enova-decisions-and-id-analytics/",
      "urlToImage": "https://finovate.com/wp-content/uploads/2014/10/Finovate__F__Twitter_Logo.png",
      "publishedAt": "2018-09-06T21:27:03Z",
      "content": "A look at the companies demoing live at FinovateFall on September 24 through 26, 2018 in New York. Register today and save your spot. Enova Decisions, decisioning experts with deep experience in nonprime consumers, joins ID Analytics, a leader in credit and f… [+961 chars]",
      "fileName": "FinovateFall Sneak Peek Enova Decisions and ID Analytics",
      "createdon": "2018-09-20T05:21:16.897Z",
      "md5": "ba10b62f28ff29f340848d267f407866",
      "text": "A look at the companies demoing live at FinovateFall on September 24 through 26, 2018 in New York. Register today and save your spot. Enova Decisions, decisioning experts with deep experience in nonprime consumers, joins ID Analytics, a leader in credit and f…"
}