{
      "source": {
            "id": null,
            "name": "Forbes.com"
      },
      "author": "Brad Fisher, KPMG, Brad Fisher, KPMG https://www.forbes.com/sites/kpmg/people/bradfisher1/",
      "title": "KPMG BrandVoice: The AI-First Enterprise: The New Imperative",
      "description": "Artificial intelligence is racing from the lab to the front lines. Companies that fall behind now may never recover.",
      "url": "https://www.forbes.com/sites/kpmg/2018/09/18/the-ai-first-enterprise-the-new-imperative/",
      "urlToImage": "https://thumbor.forbes.com/thumbor/600x315/https%3A%2F%2Fblogs-images.forbes.com%2Fkpmg%2Ffiles%2F2018%2F09%2FAI-first-enterprise-1200x640.jpg",
      "publishedAt": "2018-09-18T16:14:00Z",
      "content": "Early this year, Amazon announced it was entering the healthcare business—and shares of insurers and pharmacies promptly plunged. For C-suite leaders, the question is no longer whether AI will fit into their business, but how they can realign their organizati… [+12029 chars]",
      "fileName": "KPMG BrandVoice The AI First Enterprise The New Imperative",
      "createdon": "2018-09-20T05:23:23.410Z",
      "md5": "a785ebadcbd724e2213bdb40a74d1bef",
      "text": "Artificial intelligence is racing from the lab to the front lines. Companies that fall behind now may never recover."
}