{
      "source": {
            "id": null,
            "name": "Hubspot.com"
      },
      "author": "lye@hubspot.com (Leslie Ye)",
      "title": "10 Habits of Highly Effective Closers",
      "description": "If you asked most people what activity they associated most with sales, I’d guess that many of them would respond the same way: Closing.",
      "url": "https://blog.hubspot.com/sales/sales-closing-best-practices",
      "urlToImage": "https://blog.hubspot.com/hubfs/sales-closing-best-practices-compressor-235796-edited.jpg?t=1534749474552#keepProtocol",
      "publishedAt": "2018-08-20T05:13:00Z",
      "content": "If you asked most people what activity they associated most with sales, I’d guess that many of them would respond the same way: Closing. And it’d be no surprise. For one thing, it’s the most visible part of the sales process -- all of us have been closed at o… [+5864 chars]",
      "fileName": "10 Habits of Highly Effective Closers",
      "createdon": "2018-09-20T05:23:27.366Z",
      "md5": "f4302658d80ad0dfb15adec224e591e6",
      "text": "If you asked most people what activity they associated most with sales, I’d guess that many of them would respond the same way: Closing."
}