{
      "source": {
            "id": null,
            "name": "Androidauthority.com"
      },
      "author": "AA Picks",
      "title": "Capitalize on the Big Data boom with 6 courses of self-paced training",
      "description": "Glassdoor ranks Data Scientist as the top job in America right now. This 100-hour bundle is a golden ticket to big data certification and beyond.",
      "url": "https://www.androidauthority.com/big-data-hadoop-904699/",
      "urlToImage": "https://cdn57.androidauthority.net/wp-content/uploads/2018/08/learn-hadoop-920x470.jpg",
      "publishedAt": "2018-09-17T20:07:44Z",
      "content": "To master Big Data you need big training. Fortunately, a fantastic opportunity has presented itself this week. There’s a temporary price drop on the Big Data Hadoop Spark &amp; Administrator Master Bundle, from over $2,200 to under $60. Big Data is one of the… [+1513 chars]",
      "fileName": "Capitalize on the Big Data boom with 6 courses of self paced training",
      "createdon": "2018-09-20T05:21:05.159Z",
      "md5": "ea558e560ff826f226889311ffa8a823",
      "text": "Glassdoor ranks Data Scientist as the top job in America right now. This 100-hour bundle is a golden ticket to big data certification and beyond."
}