{
      "source": {
            "id": null,
            "name": "Fastcompany.com"
      },
      "author": "Harry McCracken",
      "title": "Making sense of the most confusing new iPhone lineup ever",
      "description": "The days when choosing an iPhone was easy may be over—but not without reason. Ever since Apple introduced the iPhone 4s in 2011, the company’s iPhone-naming terminology has followed a predictable pattern. If the company gave its new phone the same model numbe…",
      "url": "https://www.fastcompany.com/90236094/making-sense-of-the-most-confusing-new-iphone-lineup-ever?partner=feedburner&utm_source=feedburner&utm_medium=feed&utm_campaign=Feed%3A+fastcompany%2Fheadlines+%28Fast+Company%29",
      "urlToImage": "https://images.fastcompany.net/image/upload/w_1280,f_auto,q_auto,fl_lossy/wp-cms/uploads/2018/09/p-1-iphone-analysis.jpg",
      "publishedAt": "2018-09-12T19:41:16Z",
      "content": "Ever since Apple introduced the iPhone 4s in 2011, the company’s iPhone-naming terminology has followed a predictable pattern. If the company gave its new phone the same model number as the previous year’s, but with an “S” appended, you knew that the industri… [+6261 chars]",
      "fileName": "Making sense of the most confusing new iPhone lineup ever",
      "createdon": "2018-09-20T05:22:45.755Z",
      "md5": "fb650da6ec827aadfe7b9daddc7f179b",
      "text": "The days when choosing an iPhone was easy may be over—but not without reason. Ever since Apple introduced the iPhone 4s in 2011, the company’s iPhone-naming terminology has followed a predictable pattern. If the company gave its new phone the same model numbe…"
}