{
      "source": {
            "id": null,
            "name": "Iotworldtoday.com"
      },
      "author": "Brian Buntz",
      "title": "Can Blockchain Security Safeguard IoT? Maybe. Maybe Not.",
      "description": "Several trade press articles suggest blockchain security can protect IoT deployments from cyberthreats. Not all cybersecurity professionals, however, are convinced.",
      "url": "https://www.iotworldtoday.com/2018/09/17/can-blockchain-security-safeguard-iot-maybe-maybe-not/",
      "urlToImage": "https://www.itprotoday.com/sites/itprotoday.com/files/GettyImages-925266902.jpg",
      "publishedAt": "2018-09-17T21:36:13Z",
      "content": "According to a well-known cyber slogan, complexity is the enemy of security. So why is it that a good number of blockchain enthusiasts hail distributed ledger technology as a sort of panacea for IoT security? One of the prime reasons IoT security is challengi… [+4611 chars]",
      "fileName": "Can Blockchain Security Safeguard IoT Maybe Maybe Not",
      "createdon": "2018-09-20T05:23:31.506Z",
      "md5": "7dbd20c0e10870382b31606f3632c7da",
      "text": "Several trade press articles suggest blockchain security can protect IoT deployments from cyberthreats. Not all cybersecurity professionals, however, are convinced."
}