{
      "source": {
            "id": null,
            "name": "Entrepreneur.com"
      },
      "author": "Gerard Adams",
      "title": "How This Entrepreneur Knew Starting a Business Was His Purpose",
      "description": "Daniel DiPiazza shares with Gerard Adams when the entrepreneurship bug bit him.",
      "url": "https://www.entrepreneur.com/video/319175",
      "urlToImage": "https://assets.entrepreneur.com/content/3x2/2000/20180828192217-Screenshot2018-08-28at31323PM-Display2.png",
      "publishedAt": "2018-08-30T14:30:00Z",
      "content": "August 30, 2018 2 min read Opinions expressed by Entrepreneur contributors are their own. In Episode 4 of Leaders Create Leaders, Entrepreneur Network partner Gerard Adams sits down with Daniel DiPiazza to talk about how he developed his personal brand from t… [+1584 chars]",
      "fileName": "How This Entrepreneur Knew Starting a Business Was His Purpose",
      "createdon": "2018-09-20T05:21:50.241Z",
      "md5": "d5cc7e612659dc87759f7dc37c27d878",
      "text": "Daniel DiPiazza shares with Gerard Adams when the entrepreneurship bug bit him."
}