{
      "source": {
            "id": null,
            "name": "Ip-watch.org"
      },
      "author": "Catherine Saez",
      "title": "New Paper Looks At Differential Protection For Traditional Knowledge, Folklore",
      "description": "The protection of traditional knowledge and traditional cultural expressions (folklore) has been escaping consensus at the World Intellectual Property Organization for many years. One of the reasons for this lack of agreement is the particular nature of tradi…",
      "url": "http://www.ip-watch.org/2018/08/30/new-paper-looks-differential-protection-traditional-knowledge-folklore/",
      "urlToImage": "http://media.ip-watch.org/weblog/wp-content/uploads/2018/08/Tiered-approach.jpg?21541a",
      "publishedAt": "2018-08-30T17:50:27Z",
      "content": "The protection of traditional knowledge and traditional cultural expressions (folklore) has been escaping consensus at the World Intellectual Property Organization for many years. One of the reasons for this lack of agreement is the particular nature of tradi… [+3080 chars]",
      "fileName": "New Paper Looks At Differential Protection For Traditional Knowledge Folklore",
      "createdon": "2018-09-20T05:23:25.568Z",
      "md5": "d88e4e484e395aee1dbd10f5fad46b9a",
      "text": "The protection of traditional knowledge and traditional cultural expressions (folklore) has been escaping consensus at the World Intellectual Property Organization for many years. One of the reasons for this lack of agreement is the particular nature of tradi…"
}