{
      "source": {
            "id": null,
            "name": "Infoq.com"
      },
      "author": "Amie Durr",
      "title": "Presentation: Data, GDPR & Privacy: Doing It \"Right\" Without Losing It All",
      "description": "Amie Durr talks about the privacy concerns and subsequent regulations that come with much information; and how to operate a business that does the \"Right\" thing for the consumer, without impact the ability to innovate, personalize and grow. By Amie Durr",
      "url": "https://www.infoq.com/presentations/gdpr-privacy",
      "urlToImage": "https://res.infoq.com/presentations/gdpr-privacy/en/headerimage/amie-durr-h-1535511562428.jpg",
      "publishedAt": "2018-08-29T01:53:00Z",
      "content": "Amie Durr is the Vice President of Product Management at SparkPost. She is responsible for delivering technologies that help businesses support and drive their messaging needs with a focus on scale, usability, engagement, and analytics. Software is changing t… [+300 chars]",
      "fileName": "Presentation Data GDPR Privacy Doing It Right Without Losing It All",
      "createdon": "2018-09-20T05:21:11.110Z",
      "md5": "1c27cac1ff8a262667b53b9c121fa21d",
      "text": "Amie Durr talks about the privacy concerns and subsequent regulations that come with much information; and how to operate a business that does the \"Right\" thing for the consumer, without impact the ability to innovate, personalize and grow. By Amie Durr"
}