{
      "source": {
            "id": null,
            "name": "Sciencemag.org"
      },
      "author": "Pons-Salort, M., Grassly, N. C.",
      "title": "Serotype-specific immunity explains the incidence of diseases caused by human enteroviruses",
      "description": "Enteroviruses are important drivers of global health, but few countries undertake enterovirus surveillance. Pons-Salort and Grassly used Japanese surveillance data to model the interplay between the ratio of susceptible and immune individuals, accounting for …",
      "url": "http://science.sciencemag.org/content/361/6404/800.full",
      "urlToImage": "http://science.sciencemag.org/content/361/6404/F1.medium.gif",
      "publishedAt": "2018-08-23T17:30:09Z",
      "content": "Abstract Human enteroviruses are a major cause of neurological and other diseases. More than 100 serotypes are known that exhibit unexplained complex patterns of incidence, from regular cycles to more irregular patterns, and new emergences. Using 15 years of … [+17284 chars]",
      "fileName": "Serotype specific immunity explains the incidence of diseases caused by human enteroviruses",
      "createdon": "2018-09-20T05:22:17.436Z",
      "md5": "71a22de2e492864508b71898472ebe46",
      "text": "Enteroviruses are important drivers of global health, but few countries undertake enterovirus surveillance. Pons-Salort and Grassly used Japanese surveillance data to model the interplay between the ratio of susceptible and immune individuals, accounting for …"
}