{
      "source": {
            "id": null,
            "name": "Forbes.com"
      },
      "author": "William Falcon, Contributor, William Falcon, Contributor https://www.forbes.com/sites/williamfalcon/",
      "title": "The New Burning Man - The AI Conference That Sold Out In 12 Minutes",
      "description": "NIPS, the top AI conference sold out in less than 12 minutes. Find out why.",
      "url": "https://www.forbes.com/sites/williamfalcon/2018/09/05/the-new-burning-man-the-ai-conference-that-sold-out-in-12-minutes/",
      "urlToImage": "https://thumbor.forbes.com/thumbor/600x315/https%3A%2F%2Fblogs-images.forbes.com%2Fwilliamfalcon%2Ffiles%2F2018%2F09%2FDQf851VUEAAvvi1-1-500x500.jpg",
      "publishedAt": "2018-09-05T11:57:00Z",
      "content": "Share to facebook Share to twitter Share to linkedin Elon Musk at Tesla private party hosted at NIPS William Falcon What do Flo Rida, Elon Musk and AI have to do with each other?&amp;nbsp;NIPS,&amp;nbsp;the premier AI conference which sold out in 11 minutes a… [+4493 chars]",
      "fileName": "The New Burning Man The AI Conference That Sold Out In 12 Minutes",
      "createdon": "2018-09-20T05:15:14.713Z",
      "md5": "f6f2506519542b8e400be93d3f77ec48",
      "text": "NIPS, the top AI conference sold out in less than 12 minutes. Find out why."
}