{
      "source": {
            "id": null,
            "name": "Phys.org"
      },
      "author": null,
      "title": "Japan semiconductor company Renesas to buy US firm IDT for $6.7bn",
      "description": "Japanese semiconductor firm Renesas on Tuesday announced a deal to buy California-based IDT in a cash deal valued at $6.7 billion.",
      "url": "https://phys.org/news/2018-09-japan-semiconductor-company-renesas-firm.html",
      "urlToImage": "https://3c1703fe8d.site.internapcdn.net/newman/gfx/news/2018/renesassaidi.jpg",
      "publishedAt": "2018-09-11T07:10:01Z",
      "content": "Renesas said it planned to finance the deal to buy IDT using bank loans worth 679 billion yen ($6.1 billion) as well as some cash reserves Japanese semiconductor firm Renesas on Tuesday announced a deal to buy California-based IDT in a cash deal valued at $6.… [+1568 chars]",
      "fileName": "Japan semiconductor company Renesas to buy US firm IDT for 6 7bn",
      "createdon": "2018-09-20T05:22:51.650Z",
      "md5": "ca1ae4b51788b760d68bc8c4f1aa6a2f",
      "text": "Japanese semiconductor firm Renesas on Tuesday announced a deal to buy California-based IDT in a cash deal valued at $6.7 billion."
}