{
      "source": {
            "id": null,
            "name": "Espn.com"
      },
      "author": null,
      "title": "Week 1 fantasy football winners and losers",
      "description": "Many fantasy points were scored in New Orleans on Sunday, but it was Alvin Kamara and Ryan Fitzpatrick who emerged the best. Were you one of the lucky few who started Fitzpatrick?",
      "url": "http://www.espn.com/fantasy/football/story/_/page/winners080909/week-1-fantasy-football-winners-losers-alvin-kamara-ryan-fitzpatrick-star-high-scoring-buccaneers-saints-game-nfl",
      "urlToImage": "http://a.espncdn.com/combiner/i?img=%2Fphoto%2F2018%2F0909%2Fr428442_1296x729_16%2D9.jpg",
      "publishedAt": "2018-09-09T20:33:03Z",
      "content": "Opening day of the new NFL season is one of the best days of the year. Among the most enjoyable parts of the game-day experience is tracking how your fantasy football team reaches its weekly outcome -- remember, it has been a whole 252 days since a \"Sunday th… [+6375 chars]",
      "fileName": "Week 1 fantasy football winners and losers",
      "createdon": "2018-09-20T05:20:41.548Z",
      "md5": "7642ce6904eb611ddab1d92598b5395d",
      "text": "Many fantasy points were scored in New Orleans on Sunday, but it was Alvin Kamara and Ryan Fitzpatrick who emerged the best. Were you one of the lucky few who started Fitzpatrick?"
}