{
      "source": {
            "id": null,
            "name": "Morningstar.com"
      },
      "author": "Dave Mark",
      "title": "Apple to broaden Its iPhone screens",
      "description": "Tripp Mickle, Wall Street Journal: Apple Inc. is preparing to supersize its iPhone lineup, aiming to drive profit in its biggest business despite stagnant unit sales while also fueling growth for apps and services that are more appealing to users with bigger …",
      "url": "http://news.morningstar.com/all/dow-jones/us-markets/20180910979/apple-to-broaden-its-iphone-screens-wsj.aspx",
      "urlToImage": null,
      "publishedAt": "2018-09-11T15:04:00Z",
      "content": "Apple Inc. is preparing to supersize its iPhone lineup, aiming to drive profit in its biggest business despite stagnant unit sales while also fueling growth for apps and services that are more appealing to users with bigger screens. The technology giant on We… [+5945 chars]",
      "fileName": "Apple to broaden Its iPhone screens",
      "createdon": "2018-09-20T05:22:57.585Z",
      "md5": "2fd2f599d14b41ffb7d51ddd5ee85415",
      "text": "Tripp Mickle, Wall Street Journal: Apple Inc. is preparing to supersize its iPhone lineup, aiming to drive profit in its biggest business despite stagnant unit sales while also fueling growth for apps and services that are more appealing to users with bigger …"
}