{
      "source": {
            "id": null,
            "name": "Fool.com"
      },
      "author": "newsfeedback@fool.com (George Budwell)",
      "title": "3 Biotech Stocks That Could Soar Next Week",
      "description": "Amarin Corporation, CRISPR Therapeutics, and Geron Corporation could all see big gains next week. Here's why.",
      "url": "https://www.fool.com/investing/2018/09/02/3-biotech-stocks-that-could-soar-next-week.aspx",
      "urlToImage": "https://g.foolcdn.com/image/?url=https%3A%2F%2Fg.foolcdn.com%2Feditorial%2Fimages%2F493296%2Frocketman.jpg&h=630&w=1200&op=resize",
      "publishedAt": "2018-09-02T13:10:00Z",
      "content": "With numerous clinical and regulatory catalysts on the near-term horizon, biotech stocks should finish the year in strong fashion. This month, for instance, Amarin Corp. ( NASDAQ:AMRN ), CRISPR Therapeutics ( NASDAQ:CRSP ), and Geron Corp. ( NASDAQ:GERN ) are… [+5295 chars]",
      "fileName": "3 Biotech Stocks That Could Soar Next Week",
      "createdon": "2018-09-20T05:20:37.695Z",
      "md5": "32a6d77788df6720efea8e1f6dd70807",
      "text": "Amarin Corporation, CRISPR Therapeutics, and Geron Corporation could all see big gains next week. Here's why."
}