{
      "source": {
            "id": null,
            "name": "Securitynewspaper.com"
      },
      "author": "Security Newspaper",
      "title": "Smart bulbs could be exploited in new cyberattack",
      "description": ". These devices can be useful for data theft. Cyber security organization researchers have reported that some smart bulbs are suitable for data exfiltration from personal devices, and can leak information about multimedia preferences from the affected user, r…",
      "url": "http://www.securitynewspaper.com/2018/08/29/smart-bulbs-could-be-exploited-in-new-cyberattack/",
      "urlToImage": "http://www.securitynewspaper.com/snews-up/2018/08/bulb.jpg",
      "publishedAt": "2018-08-29T03:18:00Z",
      "content": "These devices can be useful for data theft Cyber security organization researchers have reported that some smart bulbs are suitable for data exfiltration from personal devices, and can leak information about multimedia preferences from the affected user, reco… [+3239 chars]",
      "fileName": "Smart bulbs could be exploited in new cyberattack",
      "createdon": "2018-09-20T05:22:33.653Z",
      "md5": "9bf92264b768696a2916d7455ac9aeff",
      "text": ". These devices can be useful for data theft. Cyber security organization researchers have reported that some smart bulbs are suitable for data exfiltration from personal devices, and can leak information about multimedia preferences from the affected user, r…"
}