{
      "source": {
            "id": null,
            "name": "Theregister.co.uk"
      },
      "author": "Chris Mellor",
      "title": "Igneous Systems says bye-bye to proprietary hardware, hello to data management services",
      "description": "Helped along by Pure, Isilon and Qumulo Igneous Systems has set its sights on becoming a data management supplier using commodity hardware.…",
      "url": "https://www.theregister.co.uk/2018/08/21/igneous_flight_from_hw/",
      "urlToImage": "https://regmedia.co.uk/2015/08/25/lava_pit.jpg?x=1200&y=794",
      "publishedAt": "2018-08-21T19:04:46Z",
      "content": "Igneous Systems has set its sights on becoming a data management supplier using commodity hardware. Data protection vendors, especially ones like Igneous with proprietary hardware, face stronger competition from players treating data protection as an entry to… [+3997 chars]",
      "fileName": "Igneous Systems says bye bye to proprietary hardware hello to data management services",
      "createdon": "2018-09-20T05:21:05.250Z",
      "md5": "f8f92475c5cb4f1f4acac991690dfcfc",
      "text": "Helped along by Pure, Isilon and Qumulo Igneous Systems has set its sights on becoming a data management supplier using commodity hardware.…"
}