{
      "source": {
            "id": null,
            "name": "Fool.com"
      },
      "author": "newsfeedback@fool.com (Nicholas Rossolillo)",
      "title": "Big Technology's Spending Spree Is Great for the Global Economy",
      "description": "I'll play devil's advocate: Here's another reason why investors need not worry much about an economic implosion.",
      "url": "https://www.fool.com/investing/2018/09/02/big-technologys-spending-spree-is-great-for-the-gl.aspx",
      "urlToImage": "https://g.foolcdn.com/image/?url=https%3A%2F%2Fg.foolcdn.com%2Feditorial%2Fimages%2F493144%2Fglobe-earth-energy-power.jpg&h=630&w=1200&op=resize",
      "publishedAt": "2018-09-02T18:05:00Z",
      "content": "For many investors, the tech bubble of the late 1990s is still a fresh memory. Twenty years later, markets are posting new record highs, and technology is yet again in the driver's seat. Thus, some worry that another tech-driven market crash will happen soone… [+4577 chars]",
      "fileName": "Big Technology s Spending Spree Is Great for the Global Economy",
      "createdon": "2018-09-20T05:20:37.608Z",
      "md5": "85ac096b045591776726ec9f3378272d",
      "text": "I'll play devil's advocate: Here's another reason why investors need not worry much about an economic implosion."
}