{
      "source": {
            "id": null,
            "name": "Bmj.com"
      },
      "author": "de Lusignan, S., Konstantara, E., Joy, M., Sherlock, J., Hoang, U., Coyle, R., Ferreira, F., Jones, S., OBrien, S. J.",
      "title": "Incidence of household transmission of acute gastroenteritis (AGE) in a primary care sentinel network (1992-2017): cross-sectional and retrospective cohort study protocol",
      "description": "Introduction Acute gastroenteritis (AGE) is a highly transmissible condition. Determining characteristics of household transmission will facilitate development of prevention strategies and reduce the burden of this disease.\n\nWe are carrying out this study to …",
      "url": "https://bmjopen.bmj.com/content/8/8/e022524",
      "urlToImage": "https://bmjopen.bmj.com/",
      "publishedAt": "2018-08-23T10:43:15Z",
      "content": "Introduction Acute gastroenteritis (AGE) contributes significantly to the burden of infectious diseases as well as having wider societal impact. 1–9 It is estimated that around 25% of the population suffers from an AGE episode per year. However, in common wit… [+3919 chars]",
      "fileName": "Incidence of household transmission of acute gastroenteritis AGE in a primary care sentinel network 1992 2017 cross sectional and retrospective cohort study protocol",
      "createdon": "2018-09-20T05:22:33.347Z",
      "md5": "e8db3e4040ab39e77c58002bdeebad85",
      "text": "Introduction Acute gastroenteritis (AGE) is a highly transmissible condition. Determining characteristics of household transmission will facilitate development of prevention strategies and reduce the burden of this disease.\n\nWe are carrying out this study to …"
}