{
      "source": {
            "id": null,
            "name": "Indianexpress.com"
      },
      "author": "IE Online",
      "title": "Realme 2 offers the cost value as compared to Redmi Y2",
      "description": "Realme 2 is your go-to all-rounder with a decent processor, beautiful design, and an impressive camera.",
      "url": "https://indianexpress.com/article/technology/sponsored/realme-2-offers-the-cost-value-as-compared-to-redmi-y2-5334436/",
      "urlToImage": "https://images.indianexpress.com/2018/08/lead1.jpg?w=759",
      "publishedAt": "2018-08-31T16:23:14Z",
      "content": "Published: August 31, 2018 9:53:14 pm The 4,230mAh battery on Realme 2 is backed by Artificial Intelligence (AI) features that help in saving power, without compromising on the performance. Realme 1 was a superb budget offering and was a smashing success. Rea… [+2697 chars]",
      "fileName": "Realme 2 offers the cost value as compared to Redmi Y2",
      "createdon": "2018-09-20T05:15:12.803Z",
      "md5": "80041b19805575cfa3d1c25a3826af11",
      "text": "Realme 2 is your go-to all-rounder with a decent processor, beautiful design, and an impressive camera."
}