{
      "source": {
            "id": null,
            "name": "Androidauthority.com"
      },
      "author": "Bogdan Petrovan",
      "title": "Huawei Mate 20 Lite hands-on: Lots of AI features, middling specs",
      "description": "Huawei just announced a new, AI-heavy mid-ranger. Read our Huawei Mate 20 Lite hands-on preview for the details.",
      "url": "https://www.androidauthority.com/huawei-mate-20-lite-review-900555/",
      "urlToImage": "https://cdn57.androidauthority.net/wp-content/uploads/2018/08/Mate-20-lite-hands-on-15-of-15-920x470.jpg",
      "publishedAt": "2018-08-31T12:30:20Z",
      "content": "Huawei just launched a new Mate device at IFA 2018, but it’s probably not what you were expecting. Instead of the top-shelf Mate 20, the Chinese giant revealed the more accessible Mate 20 Lite. It’s a phone that’s pretty much guaranteed to sell well, thanks t… [+4908 chars]",
      "fileName": "Huawei Mate 20 Lite hands on Lots of AI features middling specs",
      "createdon": "2018-09-20T05:25:13.203Z",
      "md5": "331b2a7617a1ed2f61f901a04c98a864",
      "text": "Huawei just announced a new, AI-heavy mid-ranger. Read our Huawei Mate 20 Lite hands-on preview for the details."
}