{
      "source": {
            "id": null,
            "name": "Harvard.edu"
      },
      "author": "HLS News Staff",
      "title": "Operationalizing innovation in legal organizations",
      "description": "On Google’s main campus in Mountain View, Calif., Harvard Law School's Center on the Legal Profession convened more than 80 innovation leaders from around the world—half from law firms and half from in-house legal departments—in June, for a series of in-depth…",
      "url": "https://today.law.harvard.edu/operationalizing-innovation-legal-organizations/",
      "urlToImage": "https://today.law.harvard.edu/wp-content/uploads/2018/08/Internal_Legal_Team_post-its_horizontal_IMG_6863-1200x630.jpg",
      "publishedAt": "2018-08-29T12:00:58Z",
      "content": "How is “innovation” operationalized within legal organizations? What are law firms and companies looking for regarding professional backgrounds and skill sets for innovation hires? What are the career paths for these individuals within organizations? By what … [+8517 chars]",
      "fileName": "Operationalizing innovation in legal organizations",
      "createdon": "2018-09-20T05:23:37.533Z",
      "md5": "06cad33b43216f69df070401e27ed8e3",
      "text": "On Google’s main campus in Mountain View, Calif., Harvard Law School's Center on the Legal Profession convened more than 80 innovation leaders from around the world—half from law firms and half from in-house legal departments—in June, for a series of in-depth…"
}