{
      "source": {
            "id": null,
            "name": "Diydrones.com"
      },
      "author": null,
      "title": "Andreas Gazis replied to BSHARK's discussion A HYDROGEN FUEL DRONE WITH LIMITLESS OPERATION RANGE IS COMING",
      "description": "A HYDROGEN FUEL DRONE WITH LIMITLESS OPERATION RANGE IS COMING\n\nThe Cheapest Hydrogen Drone for Sale\nNarwhal 2 hydrogen fuel cell drone, the long flight time…",
      "url": "https://diydrones.com/forum/topics/a-hydrogen-fuel-drone-with-limitless-operation-range-is-coming?commentId=705844%3AComment%3A2456224&xg_source=activity",
      "urlToImage": "https://www.bsharktech.com/ueditorImage/20180828/1535451863266063407.jpg",
      "publishedAt": "2018-09-03T14:45:14Z",
      "content": "The Cheapest Hydrogen Drone for Sale Narwhal 2 hydrogen fuel cell drone, the long flight time drone, with all features listed below still comes very competitive in pricing under 8 thousand dollars (USD 8,000), the price covers: The Narwhal 2, Hydrogen Fuel Ce… [+2465 chars]",
      "fileName": "Andreas Gazis replied to BSHARK s discussion A HYDROGEN FUEL DRONE WITH LIMITLESS OPERATION RANGE IS COMING",
      "createdon": "2018-09-20T05:22:25.470Z",
      "md5": "aaab4235cc4e5ed8c3da0438c46e84f1",
      "text": "A HYDROGEN FUEL DRONE WITH LIMITLESS OPERATION RANGE IS COMING\n\nThe Cheapest Hydrogen Drone for Sale\nNarwhal 2 hydrogen fuel cell drone, the long flight time…"
}