{
      "source": {
            "id": "business-insider",
            "name": "Business Insider"
      },
      "author": "Shana Lebowitz",
      "title": "Companies like IKEA and Accenture are following in Google's footsteps to stay ahead of the curve",
      "description": "Home Depot, IKEA, and Accenture are examples of major companies with innovation labs. The labs are designed to attract the brightest minds in technology, giving them a place to channel their entrepreneurial spirit with the security of working for an establish…",
      "url": "https://www.businessinsider.com/home-depot-ikea-accenture-corporate-innovation-labs-2018-9",
      "urlToImage": "https://amp.businessinsider.com/images/5b9c08a58ea82f1d008b607d-1920-960.jpg",
      "publishedAt": "2018-09-16T16:00:00Z",
      "content": "\"It's like being an entrepreneur,\" said Tomas Chamorro-Premuzic, \"minus the risk.\" Chamorro-Premuzic, a psychology professor at Columbia University and the chief talent scientist at Manpower, was referring to \"intrapreneurship.\" It's a general term for acting… [+7087 chars]",
      "fileName": "Companies like IKEA and Accenture are following in Google s footsteps to stay ahead of the curve",
      "createdon": "2018-09-20T05:21:05.233Z",
      "md5": "827466f165a18ca675544afbc22ff53a",
      "text": "Home Depot, IKEA, and Accenture are examples of major companies with innovation labs. The labs are designed to attract the brightest minds in technology, giving them a place to channel their entrepreneurial spirit with the security of working for an establish…"
}