{
      "source": {
            "id": null,
            "name": "Medgadget.com"
      },
      "author": "Editors",
      "title": "New Artificial Intelligence Software Spots Lung Nodules on CT Scans",
      "description": "Detecting lung nodules on CT scans is central to diagnosing cancer and the earlier that can be accomplished the better the outcome. Currently, only about two thirds of detectable nodules are actually spotted by trained professionals. Researchers at University…",
      "url": "https://www.medgadget.com/2018/08/new-artificial-intelligence-software-spots-lung-nodules-on-ct-scans.html",
      "urlToImage": "https://2nznub4x5d61ra4q12fyu67t-wpengine.netdna-ssl.com/wp-content/uploads/2018/08/nodule-detection.jpg",
      "publishedAt": "2018-08-27T16:06:05Z",
      "content": "27 aug allday 28 allday International Conference on Molecular Biology and Medicine, 2018 Dubai, United Arab Emirates 27 aug allday 28 allday 8th Global Experts Meeting on Advances in Neurology and Neuropsychiatry, 2018 Tokyo, Japan 27 aug allday 28 allday 2nd… [+4634 chars]",
      "fileName": "New Artificial Intelligence Software Spots Lung Nodules on CT Scans",
      "createdon": "2018-09-20T05:15:09.204Z",
      "md5": "8a47a36dc86c2f78f0de71b55f4ea78c",
      "text": "Detecting lung nodules on CT scans is central to diagnosing cancer and the earlier that can be accomplished the better the outcome. Currently, only about two thirds of detectable nodules are actually spotted by trained professionals. Researchers at University…"
}