{
      "source": {
            "id": null,
            "name": "Dezeen.com"
      },
      "author": "Dezeen staff",
      "title": "Responsive fish mobile wins Dezeen and Samsung's TV Ambient Mode design competition",
      "description": "Dezeen promotion: a digital mobile made up of gently moving fish is the winning design in the Dezeen and Samsung competition to create Ambient Mode graphics for the brand's QLED TV. Read more",
      "url": "http://www.dezeen.com/2018/09/03/responsive-fish-mobile-wins-dezeen-and-samsungs-tv-ambient-mode-design-competition/",
      "urlToImage": "https://static.dezeen.com/uploads/2018/08/samsung-qled-tv-ambient-mode-competition-dezeen-2364-sq4.jpg",
      "publishedAt": "2018-09-03T13:00:18Z",
      "content": "Dezeen promotion: a digital mobile made up of gently moving fish is the winning design in the Dezeen and Samsung competition to create Ambient Mode graphics for the brand's QLED TV. Kinetic Decor – designed by Matthew Cockerill, Stephen Waller and Peter Hälld… [+2086 chars]",
      "fileName": "Responsive fish mobile wins Dezeen and Samsung s TV Ambient Mode design competition",
      "createdon": "2018-09-20T05:15:05.311Z",
      "md5": "fe0e0f35ed79a54599a14ed3ede4567d",
      "text": "Dezeen promotion: a digital mobile made up of gently moving fish is the winning design in the Dezeen and Samsung competition to create Ambient Mode graphics for the brand's QLED TV. Read more"
}