{
      "source": {
            "id": null,
            "name": "Ghanabusinessnews.com"
      },
      "author": "Elorm",
      "title": "Two years after Paris Agreement: what's the state of foreign direct investment? - Ghana Business News",
      "description": "Ghana Business News Two years after Paris Agreement: what's the state of foreign direct investment? Ghana Business News The world gathered in the French capital, Paris in December 2015, to sign yet another international agreement to protect the climate after …",
      "url": "https://www.ghanabusinessnews.com/2018/09/05/two-years-after-paris-agreement-whats-the-state-of-foreign-direct-investment/",
      "urlToImage": "https://www.ghanabusinessnews.com/wp-content/uploads/2015/11/Screen-Shot-2015-11-23-at-12.51.19-PM.png",
      "publishedAt": "2018-09-05T11:33:36Z",
      "content": "The world gathered in the French capital, Paris in December 2015, to sign yet another international agreement to protect the climate after the 1997 Tokyo agreement. In all, 196 countries signed the agreement including both developed, developing and least deve… [+4678 chars]",
      "fileName": "Two years after Paris Agreement what s the state of foreign direct investment Ghana Business News",
      "createdon": "2018-09-20T05:08:31.741Z",
      "md5": "9a829c44ef44f64c34c2e3a0a2893d86",
      "text": "Ghana Business News Two years after Paris Agreement: what's the state of foreign direct investment? Ghana Business News The world gathered in the French capital, Paris in December 2015, to sign yet another international agreement to protect the climate after …"
}