{
      "source": {
            "id": null,
            "name": "Globalsecurity.org"
      },
      "author": "John Pike",
      "title": "US Pivots Again, Renews Pressure on North Korea",
      "description": "President Donald Trump on Wednesday warned that the United States could at any time restart joint military exercises with South Korea and Japan if progress stalls on North Korean denuclearization and warned that \"they will be far bigger than ever before.\"",
      "url": "https://www.globalsecurity.org/wmd/library/news/dprk/2018/dprk-180829-voa01.htm",
      "urlToImage": null,
      "publishedAt": "2018-08-30T01:05:09Z",
      "content": "By Brian Padden August 29, 2018 President Donald Trump on Wednesday warned that the United States could at any time restart joint military exercises with South Korea and Japan if progress stalls on North Korean denuclearization and warned that \"they will be f… [+7084 chars]",
      "fileName": "US Pivots Again Renews Pressure on North Korea",
      "createdon": "2018-09-20T05:23:37.456Z",
      "md5": "a6962f3c0647bca4e3256b408446c99d",
      "text": "President Donald Trump on Wednesday warned that the United States could at any time restart joint military exercises with South Korea and Japan if progress stalls on North Korean denuclearization and warned that \"they will be far bigger than ever before.\""
}