{
      "source": {
            "id": null,
            "name": "Scientificamerican.com"
      },
      "author": "Keridwen Cornelius",
      "title": "Contact Lenses Are a Surprising Source of Pollution",
      "description": "Wastewater contains billions of lenses, which eventually make their way into the environment -- Read more on ScientificAmerican.com",
      "url": "https://www.scientificamerican.com/article/contact-lenses-are-a-surprising-source-of-pollution/",
      "urlToImage": "https://static.scientificamerican.com/sciam/cache/file/C3D49F39-F415-4B8D-AC8E71754AE98EBB_agenda.jpg?w=600&h=335",
      "publishedAt": "2018-08-20T10:45:00Z",
      "content": "Every year, Americans flush 2.6 to 2.9 billion contact lenses down the drain, according to new research from Arizona State University. By tallying this detritus and studying how it persists in this environment, the study provides the first estimate of the pot… [+5275 chars]",
      "fileName": "Contact Lenses Are a Surprising Source of Pollution",
      "createdon": "2018-09-20T05:20:39.789Z",
      "md5": "2880eec6d1ec5863cd5979faa1ea7fa7",
      "text": "Wastewater contains billions of lenses, which eventually make their way into the environment -- Read more on ScientificAmerican.com"
}