{
      "source": {
            "id": null,
            "name": "Schneier.com"
      },
      "author": "Bruce Schneier",
      "title": "Security Risks of Government Hacking",
      "description": "Some of us -- myself included -- have proposed lawful government hacking as an alternative to backdoors. A new report from the Center of Internet and Society looks at the security risks of allowing government hacking. They include: Disincentive for vulnerabil…",
      "url": "https://www.schneier.com/blog/archives/2018/09/security_risks_14.html",
      "urlToImage": null,
      "publishedAt": "2018-09-13T14:08:32Z",
      "content": "Some of us -- myself included -- have proposed lawful government hacking as an alternative to backdoors. A new report from the Center of Internet and Society looks at the security risks of allowing government hacking. They include: Disincentive for vulnerabil… [+1467 chars]",
      "fileName": "Security Risks of Government Hacking",
      "createdon": "2018-09-20T05:20:37.633Z",
      "md5": "5bbb28c074577ed9e561bd740c66bd15",
      "text": "Some of us -- myself included -- have proposed lawful government hacking as an alternative to backdoors. A new report from the Center of Internet and Society looks at the security risks of allowing government hacking. They include: Disincentive for vulnerabil…"
}