{
      "source": {
            "id": null,
            "name": "Liveboldandbloom.com"
      },
      "author": "Barrie Davenport",
      "title": "I Have No Friends: 31 Of The Best Ways To Attract New People",
      "description": "Friendships can be difficult relationships to cultivate, especially when you're an adult. Our tightly-packed schedules and the transient nature of society doesn't allow enough time to build a friendship past an acquaintance level. People come into your life w…",
      "url": "https://liveboldandbloom.com/09/relationships/i-have-no-friends",
      "urlToImage": "https://lbb-q64ek6p4ssdz.netdna-ssl.com/wp-content/uploads/2018/08/Organic-Fruit-Stand-Owner-eating-and-enjoying-selection-of-organic-fruit-together-with-friends-847484294_2125x1416-1-e1535470608703.jpeg",
      "publishedAt": "2018-09-11T06:26:30Z",
      "content": "0 Friendships can be difficult relationships to cultivate, especially when you're an adult. Our tightly-packed schedules and the transient nature of society doesn't allow enough time to build a friendship past an acquaintance level. People come into your life… [+13913 chars]",
      "fileName": "I Have No Friends 31 Of The Best Ways To Attract New People",
      "createdon": "2018-09-20T05:24:25.199Z",
      "md5": "59b1e950fa77b2ba416bad0b5e2ab30e",
      "text": "Friendships can be difficult relationships to cultivate, especially when you're an adult. Our tightly-packed schedules and the transient nature of society doesn't allow enough time to build a friendship past an acquaintance level. People come into your life w…"
}