{
      "source": {
            "id": null,
            "name": "Socialnomics.net"
      },
      "author": "Socialnomics Trends",
      "title": "DevOps: Important Roles that Need to Be Filled",
      "description": "DevOps: Important Roles that Need to Be Filled Meta Description: Are you trying to figure out how DevOps testing can improve the quality of your IT team? Find out how in this guide. Just as smartphones revolutionized the way we talk and communicate with each …",
      "url": "https://socialnomics.net/2018/09/07/devops-important-roles-that-need-to-be-filled/",
      "urlToImage": "https://i0.wp.com/socialnomics.net/wp-content/uploads/2018/09/2_AdamPOPPED.jpg?fit=1024%2C683&ssl=1",
      "publishedAt": "2018-09-07T15:15:40Z",
      "content": "Meta Description: Are you trying to figure out how DevOps testing can improve the quality of your IT team? Find out how in this guide. Just as smartphones revolutionized the way we talk and communicate with each other, digital transformation platforms such as… [+3699 chars]",
      "fileName": "DevOps Important Roles that Need to Be Filled",
      "createdon": "2018-09-20T05:22:00.100Z",
      "md5": "b1fb9c135c29181a9b0e7e391980dfc0",
      "text": "DevOps: Important Roles that Need to Be Filled Meta Description: Are you trying to figure out how DevOps testing can improve the quality of your IT team? Find out how in this guide. Just as smartphones revolutionized the way we talk and communicate with each …"
}