{
      "source": {
            "id": null,
            "name": "Econsultancy.com"
      },
      "author": "Rebecca Sentance",
      "title": "Where are the key transformative tech trends of 2018?",
      "description": "It’s the beginning of September (and no, I don’t know how that happened either), and as the summer lull winds to a close and we prepare for a renewed frenzy of activity, it’s a good moment to take stock of the year so far.",
      "url": "https://www.econsultancy.com/blog/70310-where-are-the-key-transformative-tech-trends-of-2018",
      "urlToImage": "https://econsultancy.com/assets/logo-solid-e035f76a817a37a234ac6937b85ff1db.png",
      "publishedAt": "2018-09-03T08:47:12Z",
      "content": "It’s the beginning of September (and no, I don’t know how that happened either), and as the summer lull winds to a close and we prepare for a renewed frenzy of activity, it’s a good moment to take stock of the year so far. Last month, two different articles w… [+14156 chars]",
      "fileName": "Where are the key transformative tech trends of 2018",
      "createdon": "2018-09-20T05:25:09.337Z",
      "md5": "8c773cd7706a39d2b6f5375c8d04d0c2",
      "text": "It’s the beginning of September (and no, I don’t know how that happened either), and as the summer lull winds to a close and we prepare for a renewed frenzy of activity, it’s a good moment to take stock of the year so far."
}