{
      "source": {
            "id": null,
            "name": "Forbes.com"
      },
      "author": "Yoav Vilner, Contributor, Yoav Vilner, Contributor https://www.forbes.com/sites/yoavvilner/",
      "title": "South Korea Is Cementing Its Place As A Global Blockchain Leader",
      "description": "South Korea is proving its power and motivation when it comes to blockchain.",
      "url": "https://www.forbes.com/sites/yoavvilner/2018/08/23/south-korea-is-cementing-its-place-as-a-global-blockchain-leader/",
      "urlToImage": "https://thumbor.forbes.com/thumbor/600x315/https%3A%2F%2Fspecials-images.forbesimg.com%2Fdam%2Fimageserve%2F1162312177%2F960x0.jpg%3Ffit%3Dscale",
      "publishedAt": "2018-08-23T17:38:00Z",
      "content": "Share to facebook Share to twitter Share to linkedin South Korea is now a major force in technology. Its top chaebol (family-owned Korean conglomerates) Samsung and LG have already established themselves as global brands in technology and consumer electronics… [+14987 chars]",
      "fileName": "South Korea Is Cementing Its Place As A Global Blockchain Leader",
      "createdon": "2018-09-20T05:22:04.242Z",
      "md5": "56b6f2759ac1618934b760e493f22a5c",
      "text": "South Korea is proving its power and motivation when it comes to blockchain."
}