{
      "source": {
            "id": null,
            "name": "Moneycontrol.com"
      },
      "author": null,
      "title": "Need to work together to better manage challenges like data privacy, security issues: Ravi Shankar Prasad",
      "description": "The minister#39;s visit was facilitated by Indian IT body Nasscom and California Business Roundtable and other local partner organisations.",
      "url": "https://www.moneycontrol.com/news/india/need-to-work-together-to-better-manage-challenges-like-data-privacy-security-issues-ravi-shankar-prasad-2891011.html",
      "urlToImage": "https://static-news.moneycontrol.com/static-mcnews/2018/05/Union-Minister-Ravi-Shankar-Prasad-770x433.jpg",
      "publishedAt": "2018-08-28T15:26:05Z",
      "content": "Electronics and IT Minister Ravi Shankar Prasad met with senior executives from leading organisations of California, US and discussed the need to work together to better manage technology challenges like data privacy and security issues. Prasad was part of in… [+1804 chars]",
      "fileName": "Need to work together to better manage challenges like data privacy security issues Ravi Shankar Prasad",
      "createdon": "2018-09-20T05:22:00.348Z",
      "md5": "98323445ac8e3412d97276fdf384685a",
      "text": "The minister#39;s visit was facilitated by Indian IT body Nasscom and California Business Roundtable and other local partner organisations."
}