{
      "source": {
            "id": "the-washington-post",
            "name": "The Washington Post"
      },
      "author": "https://www.facebook.com/abhabhattarai",
      "title": "Is soda over? Pepsi to buy seltzer-maker SodaStream for $3.2 billion. - Washington Post",
      "description": "Washington Post Is soda over? Pepsi to buy seltzer-maker SodaStream for $3.2 billion. Washington Post PepsiCo is betting big on Americans' love affair with seltzer. Six months after launching its own sparkling water brand, Bubly, the cola giant announced Mond…",
      "url": "https://www.washingtonpost.com/business/2018/08/20/is-soda-over-pepsi-buys-seltzer-maker-sodastream-billion/",
      "urlToImage": "https://www.washingtonpost.com/resizer/VLKsOiLlKMgIYcD6UjVyQZ5KYhU=/1484x0/arc-anglerfish-washpost-prod-washpost.s3.amazonaws.com/public/H7E7H6VEOQI6RLLPBADXBXG5YI.jpg",
      "publishedAt": "2018-08-20T19:21:43Z",
      "content": "PepsiCo is betting big on Americans' love affair with seltzer. Six months after launching its own sparkling water brand, Bubly, the cola giant announced Monday that it is buying SodaStream International, the Israeli company behind the do-it-yourself soda make… [+4327 chars]",
      "fileName": "Is soda over Pepsi to buy seltzer maker SodaStream for 3 2 billion Washington Post",
      "createdon": "2018-09-20T05:20:27.944Z",
      "md5": "a70c7e02492efd1aa56455c11dcafb94",
      "text": "Washington Post Is soda over? Pepsi to buy seltzer-maker SodaStream for $3.2 billion. Washington Post PepsiCo is betting big on Americans' love affair with seltzer. Six months after launching its own sparkling water brand, Bubly, the cola giant announced Mond…"
}