{
      "source": {
            "id": "ars-technica",
            "name": "Ars Technica"
      },
      "author": "Timothy B. Lee",
      "title": "Massachusetts gives workers new protections against noncompete clauses",
      "description": "California's worker-friendly approach may have boosted Silicon Valley innovation.",
      "url": "https://arstechnica.com/tech-policy/2018/08/massachusetts-gives-workers-new-protections-against-noncompete-clauses/",
      "urlToImage": "https://cdn.arstechnica.net/wp-content/uploads/2018/08/3207111359_f544fbc51a_o-1-1-760x380.jpg",
      "publishedAt": "2018-08-21T14:20:28Z",
      "content": "Enlarge / Jimmy Johns required employees to sign noncompete agreements, a practice it dropped in 2016 after a lawsuit. reader comments 4 Tucked into an economic development bill signed by Massachusetts Gov. Charlie Baker earlier this month was a little-notice… [+8481 chars]",
      "fileName": "Massachusetts gives workers new protections against noncompete clauses",
      "createdon": "2018-09-20T05:20:37.683Z",
      "md5": "64e2731d0db11608e5063a2bcc94bb5d",
      "text": "California's worker-friendly approach may have boosted Silicon Valley innovation."
}