{
      "source": {
            "id": null,
            "name": "Theconversation.com"
      },
      "author": "Philip Farrell, Professor of Pediatrics and Population Health Sciences, University of Wisconsin-Madison",
      "title": "Discovering the ancient origin of cystic fibrosis, the most common genetic disease in Caucasians",
      "description": "Cystic fibrosis is the most common genetic disease among Caucasians. Now scientists believe they have discovered the origin of this often lethal genetic mutation and how it spread throughout Europe.",
      "url": "http://theconversation.com/discovering-the-ancient-origin-of-cystic-fibrosis-the-most-common-genetic-disease-in-caucasians-100499",
      "urlToImage": "https://images.theconversation.com/files/234132/original/file-20180829-195310-iy112y.jpg?ixlib=rb-1.1.0&rect=42%2C790%2C4046%2C2023&q=45&auto=format&w=1356&h=668&fit=crop",
      "publishedAt": "2018-09-07T10:44:46Z",
      "content": "The airways inside the human lung. Magic mine/Shutterstock.com Imagine the thrill of discovery when more than 10 years of research on the origin of a common genetic disease, cystic fibrosis (CF), results in tracing it to a group of distinct but mysterious Eur… [+13610 chars]",
      "fileName": "Discovering the ancient origin of cystic fibrosis the most common genetic disease in Caucasians",
      "createdon": "2018-09-20T05:22:35.814Z",
      "md5": "a96e707665a1bdc27e16fe0d6a0e2213",
      "text": "Cystic fibrosis is the most common genetic disease among Caucasians. Now scientists believe they have discovered the origin of this often lethal genetic mutation and how it spread throughout Europe."
}