{
      "source": {
            "id": null,
            "name": "Finextra.com"
      },
      "author": "Editorial Team",
      "title": "BNY Mellon names Roman Regelman as head of digital",
      "description": "BNY Mellon has appointed Roman Regelman to a new role as Senior Executive Vice President and Head of Digital, effective September 17, 2018.",
      "url": "https://www.finextra.com/pressarticle/75314/bny-mellon-names-roman-regelman-as-head-of-digital?utm_medium=rss&utm_source=finextrafeed",
      "urlToImage": "https://www.finextra.com/finextra-images/site/toplogo/finextralogo.png",
      "publishedAt": "2018-09-06T13:54:00Z",
      "content": "BNY Mellon has appointed Roman Regelman to a new role as Senior Executive Vice President and Head of Digital, effective September 17, 2018. Mr. Regelman will report to Chairman and Chief Executive Officer, Charles W. Scharf, and will join the firm's Executive… [+1480 chars]",
      "fileName": "BNY Mellon names Roman Regelman as head of digital",
      "createdon": "2018-09-20T05:21:55.870Z",
      "md5": "c3f28b4ace8b9842ac1503e0cfd7c2c6",
      "text": "BNY Mellon has appointed Roman Regelman to a new role as Senior Executive Vice President and Head of Digital, effective September 17, 2018."
}