{
      "source": {
            "id": null,
            "name": "Ibmbigdatahub.com"
      },
      "author": "hemant-suri",
      "title": "Fast, actionable insights require solid hybrid data management strategy",
      "description": "Today’s digital enterprise needs fast and actionable insights.",
      "url": "https://www.ibmbigdatahub.com/blog/fast-actionable-insights-require-solid-hybrid-data-management-strategy?utm_source=feedburner&utm_medium=feed&utm_campaign=Feed%3A+ibm-big-data-hub+%28IBM+Big+Data+%26+Analytics+Hub+-+All+Content%29",
      "urlToImage": "https://www.ibmbigdatahub.com/sites/default/files/styles/open_graph_image/public/hybriddatamanagement_thumbnail_0.jpg?itok=RRGK37yy",
      "publishedAt": "2018-09-17T11:17:21Z",
      "content": "Today’s digital enterprise needs fast and actionable insights. This is an increasingly tall order because data resides in higher volumes, greater variety and more locations throughout the organization, and a rising number of business users demand that data. C… [+4904 chars]",
      "fileName": "Fast actionable insights require solid hybrid data management strategy",
      "createdon": "2018-09-20T05:22:02.386Z",
      "md5": "24fe761fe1338d96f1305b758558b8c6",
      "text": "Today’s digital enterprise needs fast and actionable insights."
}