{
      "source": {
            "id": null,
            "name": "Helpnetsecurity.com"
      },
      "author": "Industry News",
      "title": "BitSight unveils cybersecurity performance planning and analytics solution",
      "description": "BitSight announced the availability of BitSight Forecasting, the analytics offering in the Security Rating Services industry to provide visibility into a company’s security program, as well as insights into the efficacy of its investments and initiatives. Bit…",
      "url": "https://www.helpnetsecurity.com/2018/09/06/bitsight-forecasting/",
      "urlToImage": null,
      "publishedAt": "2018-09-06T12:53:39Z",
      "content": "BitSight announced the availability of BitSight Forecasting, the analytics offering in the Security Rating Services industry to provide visibility into a company’s security program, as well as insights into the efficacy of its investments and initiatives. Bit… [+2003 chars]",
      "fileName": "BitSight unveils cybersecurity performance planning and analytics solution",
      "createdon": "2018-09-20T05:21:10.988Z",
      "md5": "f7ea75961d725039ec0ad8b098cb9b7d",
      "text": "BitSight announced the availability of BitSight Forecasting, the analytics offering in the Security Rating Services industry to provide visibility into a company’s security program, as well as insights into the efficacy of its investments and initiatives. Bit…"
}