{
      "source": {
            "id": null,
            "name": "Vanguardngr.com"
      },
      "author": "Nwafor Polycarp",
      "title": "Lagos moots compulsory health insurance scheme",
      "description": "The Lagos State Government is set to unveil its Compulsory Health Insurance Scheme that will avail Lagos residents access to quality healthcare. Continue reading Lagos moots compulsory health insurance scheme at Vanguard News.",
      "url": "https://www.vanguardngr.com/2018/08/lagos-moots-compulsory-health-insurance-scheme/",
      "urlToImage": "https://www.vanguardngr.com/wp-content/uploads/2018/07/ambode2-1.png",
      "publishedAt": "2018-08-21T06:19:47Z",
      "content": "…Says N40,000 will cover family of 6 By Gabriel Olawale The Lagos State Government is set to unveil its Compulsory Health Insurance Scheme that will avail Lagos residents access to quality healthcare. Speaking during a media capacity-building workshop organis… [+3131 chars]",
      "fileName": "Lagos moots compulsory health insurance scheme",
      "createdon": "2018-09-20T05:22:29.486Z",
      "md5": "abbab8337fccfdb2a36b78845edb5764",
      "text": "The Lagos State Government is set to unveil its Compulsory Health Insurance Scheme that will avail Lagos residents access to quality healthcare. Continue reading Lagos moots compulsory health insurance scheme at Vanguard News."
}