{
      "source": {
            "id": "daily-mail",
            "name": "Daily Mail"
      },
      "author": "https://www.facebook.com/DailyMail",
      "title": "Corbyn is hit with backlash over 'power grab' on free press",
      "description": "The Labour leader took aim at the media in a keynote speech after a torrid spell of coverage over his handling of the party's anti-Semitism crisis.",
      "url": "http://www.dailymail.co.uk/news/article-6094037/Corbyn-hit-backlash-power-grab-free-press.html",
      "urlToImage": "https://i.dailymail.co.uk/i/newpix/2018/08/24/10/4F548EF300000578-0-image-a-6_1535102425746.jpg",
      "publishedAt": "2018-08-24T09:24:07Z",
      "content": "Jeremy Corbyn has been hit with a backlash over his 'power grab' on the free press today - after he demanded tighter controls on media firms and a state funded version of Facebook. The Labour leader took aim at the media in a keynote speech after a torrid spe… [+2926 chars]",
      "fileName": "Corbyn is hit with backlash over power grab on free press",
      "createdon": "2018-09-20T05:21:56.272Z",
      "md5": "1aa377c7051eed821838a82ec70da9dd",
      "text": "The Labour leader took aim at the media in a keynote speech after a torrid spell of coverage over his handling of the party's anti-Semitism crisis."
}