{
      "source": {
            "id": null,
            "name": "Forbes.com"
      },
      "author": "John Welsh, Contributor, John Welsh, Contributor https://www.forbes.com/sites/johnwelsheurope/",
      "title": "How To Mentor (Part One): Learning To Be A Mentee By Investor Wendy Tan-White",
      "description": "Are you looking to be a mentor or a mentee? Find out how Wendy Tan-White's experience as an entrepreneur, investor and a mentee herself.",
      "url": "https://www.forbes.com/sites/johnwelsheurope/2018/09/04/how-to-mentor-part-one-learning-to-be-a-mentee-by-investor-wendy-tan-white/",
      "urlToImage": "https://thumbor.forbes.com/thumbor/600x315/https%3A%2F%2Fblogs-images.forbes.com%2Fjohnwelsheurope%2Ffiles%2F2018%2F08%2FWendy-Tan-White-no-gown-1200x1226.jpg",
      "publishedAt": "2018-09-04T09:09:00Z",
      "content": "Share to facebook Share to twitter Share to linkedin Wendy Tan-White: mentees&amp;nbsp; “want to know you are learning and bringing stuff in”. Nick Harrison Wendy Tan-White and husband Joe White have been angel investors in 25 companies. They include&amp;nbsp… [+12298 chars]",
      "fileName": "How To Mentor Part One Learning To Be A Mentee By Investor Wendy Tan White",
      "createdon": "2018-09-20T05:25:11.218Z",
      "md5": "6f05978f3ae377bb5d913ed6da8448b6",
      "text": "Are you looking to be a mentor or a mentee? Find out how Wendy Tan-White's experience as an entrepreneur, investor and a mentee herself."
}