{
      "source": {
            "id": "business-insider",
            "name": "Business Insider"
      },
      "author": "Dennis Green",
      "title": "Shoppers have a new attitude toward apps, and retailers are taking advantage",
      "description": "More people are downloading and using retailers' apps than ever before, according to a survey by financial-services firm Synchrony. Shoppers also seem to be using more of these apps, reporting regularly using a total of four apps on average. That's up from tw…",
      "url": "https://www.businessinsider.com/retail-apps-are-growing-2018-8",
      "urlToImage": "https://amp.businessinsider.com/images/578f50c04321f142368b939c-960-480.jpg",
      "publishedAt": "2018-08-23T14:10:43Z",
      "content": "Macy's has a popular shopping app. Macy's Customers are finally getting used to shopping on their phones. A big part of that is an uptick in the downloading and usage of retailers' mobile apps. A new study by financial-services firm Synchrony found that custo… [+1849 chars]",
      "fileName": "Shoppers have a new attitude toward apps and retailers are taking advantage",
      "createdon": "2018-09-20T05:20:35.672Z",
      "md5": "02c20038e11f9fd530b3253b8474ee33",
      "text": "More people are downloading and using retailers' apps than ever before, according to a survey by financial-services firm Synchrony. Shoppers also seem to be using more of these apps, reporting regularly using a total of four apps on average. That's up from tw…"
}