{
      "source": {
            "id": null,
            "name": "Fool.com"
      },
      "author": "newsfeedback@fool.com (Travis Hoium)",
      "title": "Why Big Beer Stocks Are Struggling",
      "description": "Consolidation hasn't paid off as planned for big beer companies.",
      "url": "https://www.fool.com/investing/2018/09/01/why-big-beer-stocks-are-struggling.aspx",
      "urlToImage": "https://g.foolcdn.com/image/?url=https%3A%2F%2Fg.foolcdn.com%2Feditorial%2Fimages%2F492714%2Fbeer-on-a-table.jpg&h=630&w=1200&op=resize",
      "publishedAt": "2018-09-02T00:04:00Z",
      "content": "When consolidation began in the beer industry a decade ago, it was supposed to be a big win for shareholders of big beer companies. Anheuser-Busch InBev ( NYSE:BUD ) and Molson Coors ( NYSE:TAP ) now dominate overall volume in the beer industry both domestica… [+2667 chars]",
      "fileName": "Why Big Beer Stocks Are Struggling",
      "createdon": "2018-09-20T05:20:35.723Z",
      "md5": "b2d2a618b98df949b1976ccbcbd0b6f6",
      "text": "Consolidation hasn't paid off as planned for big beer companies."
}