{
      "source": {
            "id": null,
            "name": "Boingboing.net"
      },
      "author": "Rob Beschizza",
      "title": "Craft: simple, fast Minecraft clone with just the basics",
      "description": "Fans of Minecraft who found that it had already gotten too fancy and complicated by 2010 should check out Craft, a clone by Michael Fogleman. It's pared down to the very basics, written in fast-as-hell C, has online multiplayer, and is available free of charg…",
      "url": "https://boingboing.net/2018/08/23/craft-simple-fast-minecraft.html",
      "urlToImage": "https://media.boingboing.net/wp-content/uploads/2018/08/Screen-Shot-2018-08-23-at-2.33.16-PM.jpg",
      "publishedAt": "2018-08-23T18:37:58Z",
      "content": "Gnat sent in a tip about The Hit Points, who use \"bluegrass instruments used to make beautiful music from classic video games (Street Fighter, Legend of Zelda, Mario Brothers, etc.)\" I'm inordinately fond of their cover of Super Mario's \"Athletic Theme\" (comp… [+1351 chars]",
      "fileName": "Craft simple fast Minecraft clone with just the basics",
      "createdon": "2018-09-20T05:20:29.686Z",
      "md5": "a34f150c496493b0c1a059ad756754c6",
      "text": "Fans of Minecraft who found that it had already gotten too fancy and complicated by 2010 should check out Craft, a clone by Michael Fogleman. It's pared down to the very basics, written in fast-as-hell C, has online multiplayer, and is available free of charg…"
}