{
      "source": {
            "id": null,
            "name": "Siliconangle.com"
      },
      "author": "Teryn O'Brien",
      "title": "The quest for data security: choosing the right tech",
      "description": "As technology companies work with enterprises on the digital transformation, data and data security is top of mind. And because there are so many areas to focus on, it can get complicated very quickly. So what are technology companies doing to help educate th…",
      "url": "https://siliconangle.com/2018/09/11/quest-data-security-choosing-right-tech-vmworld/",
      "urlToImage": "https://d15shllkswkct0.cloudfront.net/wp-content/blogs.dir/1/files/2018/09/Niels-Hagoort-and-Chris-Wahl-VMworld-2018.jpg",
      "publishedAt": "2018-09-11T16:49:38Z",
      "content": "As technology companies work with enterprises on the digital transformation, data and data security is top of mind. And because there are so many areas to focus on, it can get complicated very quickly. So what are technology companies doing to help educate th… [+4004 chars]",
      "fileName": "The quest for data security choosing the right tech",
      "createdon": "2018-09-20T05:22:04.460Z",
      "md5": "b32eb14e53f62c717eb144a7c9a4e031",
      "text": "As technology companies work with enterprises on the digital transformation, data and data security is top of mind. And because there are so many areas to focus on, it can get complicated very quickly. So what are technology companies doing to help educate th…"
}