{
      "source": {
            "id": null,
            "name": "Gizchina.com"
      },
      "author": "Argam Artashyan",
      "title": "Huawei Wants to Establish 5G in Russia: Kazan City is Conducting Experiments",
      "description": "Huawei is frustrated in the US market, but this does not hinder Huawei’s global business expansion. With the gradual approach of 5G, various communication equipment giants are grabbing market share, and no one wants to lag behind. Huawei is also the case. In …",
      "url": "https://www.gizchina.com/2018/09/12/huawei-wants-to-establish-5g-in-russia-kazan-city-is-conducting-experiments/",
      "urlToImage": "https://img.gizchina.com/2018/09/20180912_231405_638.jpg",
      "publishedAt": "2018-09-12T17:04:56Z",
      "content": "Huawei is frustrated in the US market, but this does not hinder Huawei’s global business expansion. With the gradual approach of 5G, various communication equipment giants are grabbing market share, and no one wants to lag behind. Huawei is also the case. In … [+1359 chars]",
      "fileName": "Huawei Wants to Establish 5G in Russia Kazan City is Conducting Experiments",
      "createdon": "2018-09-20T05:22:25.436Z",
      "md5": "f1917eeb89a605c656996c913f7c6d93",
      "text": "Huawei is frustrated in the US market, but this does not hinder Huawei’s global business expansion. With the gradual approach of 5G, various communication equipment giants are grabbing market share, and no one wants to lag behind. Huawei is also the case. In …"
}