{
      "source": {
            "id": null,
            "name": "R-bloggers.com"
      },
      "author": "Ilya Kipnis",
      "title": "Principal Component Momentum?",
      "description": "This post will investigate using Principal Components as part of a momentum strategy. Recently, I ran across a post from … Continue reading →",
      "url": "https://www.r-bloggers.com/principal-component-momentum/",
      "urlToImage": "https://www.r-bloggers.com/wp-content/uploads/2016/08/R_single_01-200-1.png",
      "publishedAt": "2018-09-17T19:14:18Z",
      "content": "This post will investigate using Principal Components as part of a momentum strategy. Recently, I ran across a post from David Varadi that I thought I’d further investigate and translate into code I can explicitly display (as David Varadi doesn’t). Of course,… [+6513 chars]",
      "fileName": "Principal Component Momentum",
      "createdon": "2018-09-20T05:23:21.482Z",
      "md5": "ae3aabaa625120ebffed4f4ca820a876",
      "text": "This post will investigate using Principal Components as part of a momentum strategy. Recently, I ran across a post from … Continue reading →"
}