{
      "source": {
            "id": null,
            "name": "Nature.com"
      },
      "author": null,
      "title": "Pathologists ﻿meet their match in tumour-spotting algorithm",
      "description": "Deep-learning model picks out two kinds of lung cancer by studying images of tissue.",
      "url": "https://www.nature.com/articles/d41586-018-06724-3",
      "urlToImage": "https://media.nature.com/lw1024/magazine-assets/d41586-018-06724-3/d41586-018-06724-3_16128654.jpg",
      "publishedAt": "2018-09-17T00:00:00Z",
      "content": "An earthquake similar to one that struck the Himalayas five centuries ago could kill almost 600,000 people in the region today, most of them in India. The Indian plate of Earth’s crust rams into the Eurasian plate, pushing the Himalayas upwards and raising th… [+839 chars]",
      "fileName": "Pathologists meet their match in tumour spotting algorithm",
      "createdon": "2018-09-20T05:25:03.392Z",
      "md5": "10aad5eaff86c944925cb4608ad86384",
      "text": "Deep-learning model picks out two kinds of lung cancer by studying images of tissue."
}