{
      "source": {
            "id": null,
            "name": "Stuff.co.nz"
      },
      "author": "Tom Pullar-Strecker",
      "title": "'Country' should take over digital strategy from Government, says NZTech",
      "description": "The country should take matters into its own hands after the Government's second failure to appoint a national chief technology officer, technology industry body NZTech says.",
      "url": "https://www.stuff.co.nz/technology/107131346/Country-should-take-over-digital-strategy-from-Government-says-NZTech",
      "urlToImage": "https://resources.stuff.co.nz/content/dam/images/1/p/6/q/q/9/image.related.StuffLandscapeSixteenByNine.620x349.1rs72q.png/1537138129363.jpg",
      "publishedAt": "2018-09-16T22:48:48Z",
      "content": "TOM PULLAR-STRECKER Last updated 10:48, September 17 2018 Digital policy momentum may be too important to be jeopardised by government missteps, industry body believes. The country should take matters into its own hands after the Government's second failure t… [+2710 chars]",
      "fileName": "Country should take over digital strategy from Government says NZTech",
      "createdon": "2018-09-20T05:22:57.449Z",
      "md5": "ad62028e696df0797441a6b622363beb",
      "text": "The country should take matters into its own hands after the Government's second failure to appoint a national chief technology officer, technology industry body NZTech says."
}