{
      "source": {
            "id": null,
            "name": "Pib.nic.in"
      },
      "author": null,
      "title": "Ambitious, transformative vision make India a safe destination for investments: Vice President",
      "description": "The Vice President of India, Shri M. Venkaiah Naidu has said that the ambitious, transformative vision that is making India one of the most favourite investment destinations in the word. He was addressing the India-Malta Business Forum in the presence of the …",
      "url": "http://pib.nic.in/newsite/PrintRelease.aspx?relid=183529",
      "urlToImage": null,
      "publishedAt": "2018-09-18T08:01:00Z",
      "content": "The Vice President of India, Shri M. Venkaiah Naidu has said that the ambitious, transformative vision that is making India one of the most favourite investment destinations in the word. He was addressing the India-Malta Business Forum in the presence of the … [+5489 chars]",
      "fileName": "Ambitious transformative vision make India a safe destination for investments Vice President",
      "createdon": "2018-09-20T05:22:00.221Z",
      "md5": "7a1afee8ee8f351a5316ed146dfa016e",
      "text": "The Vice President of India, Shri M. Venkaiah Naidu has said that the ambitious, transformative vision that is making India one of the most favourite investment destinations in the word. He was addressing the India-Malta Business Forum in the presence of the …"
}