{
      "source": {
            "id": null,
            "name": "Yahoo.com"
      },
      "author": null,
      "title": "Activists urge killer robot ban 'before too late'...",
      "description": "Countries should quickly agree a treaty banning the use of so-called killer robots \"before it is too late\", activists said Monday as talks on the issue resumed at the UN.  \"Killer robots are no longer the stuff of science fiction,\" Rasha Abdul Rahim, Amnesty …",
      "url": "https://www.yahoo.com/tech/activists-urge-killer-robot-ban-too-180139072.html",
      "urlToImage": "https://s.yimg.com/uu/api/res/1.2/SF8GgrevxUvAN_J37rxifw--~B/aD02ODI7dz0xMDI0O3NtPTE7YXBwaWQ9eXRhY2h5b24-/http://media.zenfs.com/en_us/News/afp.com/78db04451a077950beef9738f161d3c8c351faf0.jpg",
      "publishedAt": "2018-08-27T22:34:37Z",
      "content": "Geneva (AFP) - Countries should quickly agree a treaty banning the use of so-called killer robots \"before it is too late\", activists said Monday as talks on the issue resumed at the UN. They say time is running out before weapons are deployed that use lethal … [+2935 chars]",
      "fileName": "Activists urge killer robot ban before too late",
      "createdon": "2018-09-20T05:15:09.132Z",
      "md5": "c65f93edea93ec57e4769e51e806b824",
      "text": "Countries should quickly agree a treaty banning the use of so-called killer robots \"before it is too late\", activists said Monday as talks on the issue resumed at the UN.  \"Killer robots are no longer the stuff of science fiction,\" Rasha Abdul Rahim, Amnesty …"
}