{
      "source": {
            "id": "abc-news-au",
            "name": "ABC News (AU)"
      },
      "author": null,
      "title": "Former UN chief Kofi Annan honoured at state funeral",
      "description": "Thousands of mourners attend the ceremony in Ghana's capital to pay their last respects to a man who was hailed for his record as an advocate for humanity and world peace.",
      "url": "http://www.abc.net.au/news/2018-09-14/kofi-annan-united-nations-honoured-at-state-funeral/10246098",
      "urlToImage": "http://www.abc.net.au/news/image/10245970-16x9-700x394.jpg",
      "publishedAt": "2018-09-13T22:34:05Z",
      "content": "Posted September 14, 2018 08:34:05 World leaders and international dignitaries have travelled to Ghana to pay their last respects to the late United Nations secretary-general Kofi Annan who was honoured with a state funeral, as many lauded him as an exception… [+3540 chars]",
      "fileName": "Former UN chief Kofi Annan honoured at state funeral",
      "createdon": "2018-09-20T05:08:33.366Z",
      "md5": "6f649a2c1734ebd916843cb09e865a4e",
      "text": "Thousands of mourners attend the ceremony in Ghana's capital to pay their last respects to a man who was hailed for his record as an advocate for humanity and world peace."
}