{
      "source": {
            "id": null,
            "name": "Gamasutra.com"
      },
      "author": "Staff",
      "title": "Weekly Jobs Roundup: Cryptic Studios, The Game Band, and more are hiring!",
      "description": "Whether you're just starting out, looking for something new, or just seeing what's out there, here are just some of theÂ many, manyÂ positionsÂ being advertised right now on the Gamasutra Job Board....",
      "url": "http://www.gamasutra.com/view/news/326570/Weekly_Jobs_Roundup_Cryptic_Studios_The_Game_Band_and_more_are_hiring.php?utm_source=feedburner&utm_medium=feed&utm_campaign=Feed%3A+GamasutraFeatureArticles+%28Gamasutra+Feature+Articles%29",
      "urlToImage": "http://www.gamasutra.com/db_area/images/news/2018/Sep/326570/thegameband338.jpg",
      "publishedAt": "2018-09-14T19:52:00Z",
      "content": "Whether you're just starting out, looking for something new, or just seeing what's out there, the Gamasutra Job Board is the place where game developers move ahead in their careers. Gamasutra's Job Board is the most diverse, most active, and most established … [+3164 chars]",
      "fileName": "Weekly Jobs Roundup Cryptic Studios The Game Band and more are hiring",
      "createdon": "2018-09-20T05:25:11.239Z",
      "md5": "26d24a37b4fea8a420b7f92398b7fa80",
      "text": "Whether you're just starting out, looking for something new, or just seeing what's out there, here are just some of theÂ many, manyÂ positionsÂ being advertised right now on the Gamasutra Job Board...."
}