{
      "source": {
            "id": null,
            "name": "Marketwatch.com"
      },
      "author": "Ryan Vlastelica",
      "title": "The Tell: Don’t expect big stock gains for several years, Morgan Stanley warns",
      "description": "U.S. stock-market investors hopefully enjoyed strong returns, because it may be a while until a similar environment is seen again, say analysts at Morgan Stanley.",
      "url": "https://www.marketwatch.com/story/dont-expect-big-stock-gains-for-several-years-morgan-stanley-warns-2018-09-12",
      "urlToImage": "http://s.marketwatch.com/public/resources/MWimages/MW-GP887_MSrang_ZG_20180912082725.jpg",
      "publishedAt": "2018-09-12T12:43:40Z",
      "content": "U.S. stock-market investors hopefully enjoyed the sizable gains booked over the past several years, because it might be a while before they’re seen again. That’s according to Morgan Stanley, the investment bank that has been notably cautious on Wall Street in… [+4005 chars]",
      "fileName": "The Tell Don t expect big stock gains for several years Morgan Stanley warns",
      "createdon": "2018-09-20T05:22:51.577Z",
      "md5": "8b073c9b395db6d35e2a2b537b35db77",
      "text": "U.S. stock-market investors hopefully enjoyed strong returns, because it may be a while until a similar environment is seen again, say analysts at Morgan Stanley."
}