{
      "source": {
            "id": null,
            "name": "Kdnuggets.com"
      },
      "author": "Matt Mayo Editor",
      "title": "Top Stories, Sep 3-9: Essential Math for Data Science: Why and How; Journey to Machine Learning – 100 Days of ML Code",
      "description": "Also: Neural Networks and Deep Learning: A Textbook; Essential Math for Data Science: Why and How; Deep Learning for NLP: An Overview of Recent Trends; 5 Resources to Inspire Your Next Data Science Project; Data Visualization Cheat Sheet",
      "url": "https://www.kdnuggets.com/2018/09/top-news-week-0903-0909.html",
      "urlToImage": null,
      "publishedAt": "2018-09-10T13:00:57Z",
      "content": "Also: Neural Networks and Deep Learning: A Textbook; Essential Math for Data Science: Why and How; Deep Learning for NLP: An Overview of Recent Trends; 5 Resources to Inspire Your Next Data Science Project; Data Visualization Cheat Sheet",
      "fileName": "Top Stories Sep 3 9 Essential Math for Data Science Why and How Journey to Machine Learning 100 Days of ML Code",
      "createdon": "2018-09-20T05:25:07.471Z",
      "md5": "8a310104e3c943781ab07addb0aeaf1b",
      "text": "Also: Neural Networks and Deep Learning: A Textbook; Essential Math for Data Science: Why and How; Deep Learning for NLP: An Overview of Recent Trends; 5 Resources to Inspire Your Next Data Science Project; Data Visualization Cheat Sheet"
}