{
      "source": {
            "id": null,
            "name": "Seekingalpha.com"
      },
      "author": "Aleksey Razdolgin",
      "title": "Qiwi: Buy The Dip",
      "description": "Despite trading around its all-time low, Qiwi showed strong performance in Q2 and upgraded its 2018 revenue outlook. Thanks to the number of near-term catalysts",
      "url": "https://seekingalpha.com/article/4200510-qiwi-buy-dip",
      "urlToImage": "https://static1.seekingalpha.com/uploads/2018/8/30134745_15346324001750_rId8_thumb.jpg",
      "publishedAt": "2018-08-20T13:38:46Z",
      "content": "On Thursday, Qiwi (NASDAQ: QIWI ) announced its earnings results for Q2 that were higher than expected, as revenue, net income and the adjusted EBITDA were up Y/Y, while the earnings per share of $0.23 missed the analysts’ estimates by only $0.01. In the rece… [+5222 chars]",
      "fileName": "Qiwi Buy The Dip",
      "createdon": "2018-09-20T05:23:39.308Z",
      "md5": "fe24178c7b93dfa2dccc48f408fb6f3e",
      "text": "Despite trading around its all-time low, Qiwi showed strong performance in Q2 and upgraded its 2018 revenue outlook. Thanks to the number of near-term catalysts"
}