{
      "source": {
            "id": null,
            "name": "Autoblog.com"
      },
      "author": "Sven Gustafson",
      "title": "Vespa Elettrica electric scooter to begin production next month",
      "description": "Filed under: Green, Motorcycle, Bikes They'll offer smartphone integration and lots of customization. Continue reading Vespa Elettrica electric scooter to begin production next month Vespa Elettrica electric scooter to begin production next month originally a…",
      "url": "https://www.autoblog.com/2018/08/27/vespa-elettrica-electric-scooter-production/",
      "urlToImage": "https://o.aolcdn.com/images/dims3/GLOB/crop/5472x3080+0+301/resize/800x450!/format/jpg/quality/85/http://o.aolcdn.com/hss/storage/midas/98c11027a089a9465d0512de62c53da4/206621784/03_Vespa_Elettrica.jpg",
      "publishedAt": "2018-08-27T17:30:00Z",
      "content": "The maker of the iconic Vespa says it's planning to start production of its zero-emissions Elettrica electric scooter next month at its plant in Pontedera, Italy, with orders starting in October. There's still no concrete word on pricing, but parent Piaggio G… [+2029 chars]",
      "fileName": "Vespa Elettrica electric scooter to begin production next month",
      "createdon": "2018-09-20T05:20:39.673Z",
      "md5": "9b3d7e6a6520a5711dc791b3b71f8288",
      "text": "Filed under: Green, Motorcycle, Bikes They'll offer smartphone integration and lots of customization. Continue reading Vespa Elettrica electric scooter to begin production next month Vespa Elettrica electric scooter to begin production next month originally a…"
}