{
      "source": {
            "id": "the-economist",
            "name": "The Economist"
      },
      "author": null,
      "title": "KPMG is caught up in scandals but its woes are not existential",
      "description": "The firm has lost clients in South Africa. The fallout elsewhere is limited",
      "url": "https://www.economist.com/finance-and-economics/2018/08/30/kpmg-is-caught-up-in-scandals-but-its-woes-are-not-existential",
      "urlToImage": "https://cdn.static-economist.com/sites/default/files/images/print-edition/20180901_FND001_0.jpg",
      "publishedAt": "2018-09-14T16:50:22Z",
      "content": "AUDITORS are often accused of being too lenient on the companies they scrutinise. After all, those companies pay the bills. The four that dominate the market—Deloitte, EY, KPMG and PwC—also offer lucrative services like consulting and tax advice. Concerns hav… [+5184 chars]",
      "fileName": "KPMG is caught up in scandals but its woes are not existential",
      "createdon": "2018-09-20T05:21:09.054Z",
      "md5": "3651313061e6d02fb193ffe314b4566d",
      "text": "The firm has lost clients in South Africa. The fallout elsewhere is limited"
}