{
      "source": {
            "id": null,
            "name": "Indianexpress.com"
      },
      "author": "PTI",
      "title": "Hubble Space Telescope set to peer in to earliest galaxies: NASA",
      "description": "While the Hubble Space Telescope has already detected some of the most distant galaxies known, their numbers are small, making it hard for astronomers to determine if they represent the universe at large.",
      "url": "https://indianexpress.com/article/technology/science/hubble-space-telescope-set-to-peer-in-to-earliest-galaxies-nasa-5359201/",
      "urlToImage": "https://images.indianexpress.com/2018/09/hubble-galaxies-copy.jpg?w=759",
      "publishedAt": "2018-09-16T13:13:13Z",
      "content": "By: PTI | Washington | Published: September 16, 2018 6:43:13 pm The Hubble Space Telescope has started a new mission to study six massive galaxy clusters that may help shed light on how the earliest galaxies evolved in the universe, NASA said. Learning about … [+2364 chars]",
      "fileName": "Hubble Space Telescope set to peer in to earliest galaxies NASA",
      "createdon": "2018-09-20T05:25:13.269Z",
      "md5": "a70b1d2a26afdfbf2e1bf16048f1ad8e",
      "text": "While the Hubble Space Telescope has already detected some of the most distant galaxies known, their numbers are small, making it hard for astronomers to determine if they represent the universe at large."
}