{
      "source": {
            "id": null,
            "name": "Userzoom.com"
      },
      "author": null,
      "title": "UX Reading List: 22 must-read books and resources for beginners and experts",
      "description": "What books, articles, podcasts and other online resources should you read in order to develop and hone your UX knowledge? Here are the experts with their favourites.",
      "url": "https://www.userzoom.com/blog/the-ux-reading-list-22-must-read-books-and-resources-for-beginners-and-experts/",
      "urlToImage": "https://www.userzoom.com/wp-content/uploads/2018/08/patrick-tomasso-71909.jpg",
      "publishedAt": "2018-09-06T18:13:00Z",
      "content": "What books, articles, podcasts and other online resources should you read in order to develop and hone your UX knowledge? Here are the experts with their favourites… Join us as we pull the plastic sheet off our fondest wing-back armchair (which we haven’t bee… [+6256 chars]",
      "fileName": "UX Reading List 22 must read books and resources for beginners and experts",
      "createdon": "2018-09-20T05:22:08.062Z",
      "md5": "e3a2dcab102a0eb18bb0b08c1da6bc00",
      "text": "What books, articles, podcasts and other online resources should you read in order to develop and hone your UX knowledge? Here are the experts with their favourites."
}