{
      "source": {
            "id": "the-huffington-post",
            "name": "The Huffington Post"
      },
      "author": "HuffPost Staff",
      "title": "There Were Zero Things Better This Week Than Jared Kushner Outside A Locked Door",
      "description": "Except maybe video of Jared Kushner standing outside a locked door set to the music of Imogen Heap.",
      "url": "https://www.huffingtonpost.com/entry/good-stuff-jared-kushner-sting-shaggy-lucas-hedges_us_5b92e476e4b0511db3e23690",
      "urlToImage": "https://img.huffingtonpost.com/asset/5b92e84b200000300837b952.png?cache=w3revwxmh5&ops=1910_1000",
      "publishedAt": "2018-09-08T12:00:09Z",
      "content": "Welcome to Good Stuff, HuffPost’s weekly recommendation series devoted to the least bad things on and off the internet. I’m going to watch this every day until I die. le morte d’jared pic.twitter.com/ljVSTU4X29 — Ashley Feinberg (@ashleyfeinberg) September 7,… [+8041 chars]",
      "fileName": "There Were Zero Things Better This Week Than Jared Kushner Outside A Locked Door",
      "createdon": "2018-09-20T05:25:11.282Z",
      "md5": "66d77d8592472eebff0dbda2c4fd26bd",
      "text": "Except maybe video of Jared Kushner standing outside a locked door set to the music of Imogen Heap."
}