{
      "source": {
            "id": "the-guardian-au",
            "name": "The Guardian (AU)"
      },
      "author": "Mark Brown, Arts correspondent",
      "title": "Stalinist Truman Show: artist paid 400 people to live as Soviet citizens",
      "description": "Participants lived in replica Stalin-era research institute as part of three-year art project In an art project that has been compared to The Truman Show, Big Brother and the Charlie Kaufman film Synecdoche, New York, a Russian artist has paid 400 people to l…",
      "url": "https://www.theguardian.com/world/2018/aug/31/stalinist-truman-show-artist-paid-400-people-to-live-as-soviet-citizens",
      "urlToImage": "https://i.guim.co.uk/img/media/ace6f2077ea6f3fb5fea4d20f0d3a72d32b3548a/0_49_1565_939/master/1565.jpg?width=1200&height=630&quality=85&auto=format&usm=12&fit=crop&crop=faces%2Centropy&bm=normal&ba=bottom%2Cleft&blend64=aHR0cHM6Ly9hc3NldHMuZ3VpbS5jby51ay9pbWFnZXMvb3ZlcmxheXMvZDM1ODZhNWVmNTc4MTc1NmQyMWEzYjYzNWU1MTcxNDEvdGctZGVmYXVsdC5wbmc&s=0ab4f2e6970d9a20516a378fb7193ff2",
      "publishedAt": "2018-08-31T12:18:56Z",
      "content": "In an art project that has been compared to The Truman Show, Big Brother and the Charlie Kaufman film Synecdoche, New York, a Russian artist has paid 400 people to live for three years in a fictional but functioning Stalin-era research institute. In an experi… [+3922 chars]",
      "fileName": "Stalinist Truman Show artist paid 400 people to live as Soviet citizens",
      "createdon": "2018-09-20T05:08:33.357Z",
      "md5": "89f645a4a30fd346dce8b3f0534e48dc",
      "text": "Participants lived in replica Stalin-era research institute as part of three-year art project In an art project that has been compared to The Truman Show, Big Brother and the Charlie Kaufman film Synecdoche, New York, a Russian artist has paid 400 people to l…"
}