{
      "source": {
            "id": "the-guardian-au",
            "name": "The Guardian (AU)"
      },
      "author": "Chris Stephen in Tunis and Patrick Wintour",
      "title": "Hundreds of prisoners escape from Tripoli jail amid militia fighting",
      "description": "Italy forced to deny reports of military intervention as chaos throws elections into doubt A mass jailbreak by 400 prisoners has added to the chaos of nine days of militia fighting in the Libyan capital, Tripoli, throwing into doubt French-led plans to hold e…",
      "url": "https://www.theguardian.com/world/2018/sep/03/hundreds-of-prisoners-escape-from-tripoli-jail-amid-militia-fighting",
      "urlToImage": "https://i.guim.co.uk/img/media/7c19e836b11c4e0e3b886d89d37e818e34efa53a/0_196_3264_1959/master/3264.jpg?width=1200&height=630&quality=85&auto=format&usm=12&fit=crop&crop=faces%2Centropy&bm=normal&ba=bottom%2Cleft&blend64=aHR0cHM6Ly9hc3NldHMuZ3VpbS5jby51ay9pbWFnZXMvb3ZlcmxheXMvZDM1ODZhNWVmNTc4MTc1NmQyMWEzYjYzNWU1MTcxNDEvdGctZGVmYXVsdC5wbmc&s=c98a0fd912299b476268682913956fd0",
      "publishedAt": "2018-09-03T16:15:19Z",
      "content": "A mass jailbreak by 400 prisoners has added to the chaos of nine days of militia fighting in the Libyan capital, Tripoli, throwing into doubt French-led plans to hold elections later this year and forcing the Italian government to deny it would sanction a mil… [+3270 chars]",
      "fileName": "Hundreds of prisoners escape from Tripoli jail amid militia fighting",
      "createdon": "2018-09-21T02:09:06.919Z",
      "md5": "2c37304efa77fa2da0743f4f4152f6b6",
      "text": "Italy forced to deny reports of military intervention as chaos throws elections into doubt A mass jailbreak by 400 prisoners has added to the chaos of nine days of militia fighting in the Libyan capital, Tripoli, throwing into doubt French-led plans to hold e…"
}