{
      "source": {
            "id": "business-insider",
            "name": "Business Insider"
      },
      "author": "Dave Mosher",
      "title": "Elon Musk is building a spaceship that's so ambitious, some experts call it 'science fiction.' Here's what SpaceX and its engineers are up against.",
      "description": "Elon Musk plans to blast a tourist around the moon in a ship made by his rocket company, SpaceX. The private lunar mission is meant to demonstrate a new two-part launch system called Big Falcon Rocket, which is designed to eventually bring humans to Mars. Eng…",
      "url": "https://www.businessinsider.com/spacex-big-falcon-spaceship-construction-musk-mars-missions-2018-9",
      "urlToImage": "https://amp.businessinsider.com/images/5b9698ee2be4ab3b2d8b4f54-1136-568.png",
      "publishedAt": "2018-09-16T17:16:00Z",
      "content": "In December, a giant white tent appeared at the Port of Los Angeles. A routine permit suggested that SpaceX, the rocket company founded by Elon Musk, was using the roughly 20,000-square-foot, $500,000 facility as a \"storage tent.\" But Musk revealed the tent's… [+22525 chars]",
      "fileName": "Elon Musk is building a spaceship that s so ambitious some experts call it science fiction Here s what SpaceX and its engineers are up against",
      "createdon": "2018-09-20T05:20:31.919Z",
      "md5": "036a4beba83ed37d8afd11fb5894e6cc",
      "text": "Elon Musk plans to blast a tourist around the moon in a ship made by his rocket company, SpaceX. The private lunar mission is meant to demonstrate a new two-part launch system called Big Falcon Rocket, which is designed to eventually bring humans to Mars. Eng…"
}