{
      "source": {
            "id": null,
            "name": "Forbes.com"
      },
      "author": "Toby Shapshak, Contributor, Toby Shapshak, Contributor https://www.forbes.com/sites/tobyshapshak/",
      "title": "MultiChoice, Africa's Biggest TV Operator, To Be Listed By Naspers, Africa's Largest Public Company",
      "description": "Naspers, the emerging markets internet and media giant which is the largest public company in Africa, will list its satellite television subsidiary MultiChoice, it has announced.",
      "url": "https://www.forbes.com/sites/tobyshapshak/2018/09/17/multichoice-africas-biggest-tv-operator-to-be-listed-by-naspers-africas-largest-public-company/",
      "urlToImage": "https://thumbor.forbes.com/thumbor/600x315/https%3A%2F%2Fblogs-images.forbes.com%2Ftobyshapshak%2Ffiles%2F2016%2F06%2FNaspers_Logo-1200x720.png",
      "publishedAt": "2018-09-17T14:08:00Z",
      "content": "Share to facebook Share to twitter Share to linkedin Naspers is the most valuable listed company in Africa. Naspers Naspers, the emerging markets internet and media giant which is the largest public company in Africa, will list its satellite television subsid… [+14111 chars]",
      "fileName": "MultiChoice Africa s Biggest TV Operator To Be Listed By Naspers Africa s Largest Public Company",
      "createdon": "2018-09-20T05:21:58.125Z",
      "md5": "93d4497caec2c9b1dbe1fb29e92d71db",
      "text": "Naspers, the emerging markets internet and media giant which is the largest public company in Africa, will list its satellite television subsidiary MultiChoice, it has announced."
}