{
      "source": {
            "id": null,
            "name": "Business2community.com"
      },
      "author": "Brandon Redlinger",
      "title": "4 Biggest ABM Myths Dispelled",
      "description": "Passing knowledge from person to person and family to family has played an essential role in society. The study of myths began in ancient Greece and Rome. They were crucial in passing on culture from one generation to the next. However, when myths proliferate…",
      "url": "https://www.business2community.com/b2b-marketing/4-biggest-abm-myths-dispelled-02115730",
      "urlToImage": "https://cdn.business2community.com/wp-content/uploads/2018/09/myths.jpg",
      "publishedAt": "2018-09-05T12:56:58Z",
      "content": "Passing knowledge from person to person and family to family has played an essential role in society. The study of myths began in ancient Greece and Rome. They were crucial in passing on culture from one generation to the next. However, when myths proliferate… [+6675 chars]",
      "fileName": "4 Biggest ABM Myths Dispelled",
      "createdon": "2018-09-20T05:22:57.573Z",
      "md5": "229f93aebf284bf6a4bb602f3c3cb704",
      "text": "Passing knowledge from person to person and family to family has played an essential role in society. The study of myths began in ancient Greece and Rome. They were crucial in passing on culture from one generation to the next. However, when myths proliferate…"
}