{
      "source": {
            "id": null,
            "name": "Digitalcommerce360.com"
      },
      "author": "Elana Anderson",
      "title": "Reluctant telehealth adopters are out of excuses",
      "description": "If you need proof that virtual care has hit the mainstream, look no further than UnitedHealthcare’s “Night Shift” ad. In the primetime television commercial, two very sleep-deprived new parents discover something unusual in their baby’s diaper and know they n…",
      "url": "https://www.digitalcommerce360.com/2018/09/13/reluctant-telehealth-adopters-are-out-of-excuses/",
      "urlToImage": "https://www.digitalcommerce360.com/wp-content/uploads/2018/09/shutterstock_1108814168-1024x493.jpg",
      "publishedAt": "2018-09-13T17:22:28Z",
      "content": "If you need proof that virtual care has hit the mainstream, look no further than UnitedHealthcare’s “Night Shift” ad. In the primetime television commercial, two very sleep-deprived new parents discover something unusual in their baby’s diaper and know they n… [+6815 chars]",
      "fileName": "Reluctant telehealth adopters are out of excuses",
      "createdon": "2018-09-20T05:23:33.601Z",
      "md5": "f35616d769c0cc1b9a1a6aea226120c7",
      "text": "If you need proof that virtual care has hit the mainstream, look no further than UnitedHealthcare’s “Night Shift” ad. In the primetime television commercial, two very sleep-deprived new parents discover something unusual in their baby’s diaper and know they n…"
}