{
      "source": {
            "id": null,
            "name": "Tribtown.com"
      },
      "author": "The Associated Press",
      "title": "Frustration rules as Venezuela unveils new currency - Seymour Tribune",
      "description": "CBC.ca Frustration rules as Venezuela unveils new currency Seymour Tribune CARACAS, Venezuela — Saul Jimenez just wanted to buy bread from his neighborhood bakery in Venezuela's capital on Monday. It did not go well. Banks and most other businesses were close…",
      "url": "http://www.tribtown.com/2018/08/20/lt-venezuela-economic-crisis-5/",
      "urlToImage": "http://d1bdhkmqqz901h.cloudfront.net/1200x630/smart/http://s3.amazonaws.com/new-smedia/e25e1e47c30345bd816f523889420600/797db95f5e314ba6b84663193bcdd49c.jpg",
      "publishedAt": "2018-08-21T12:07:00Z",
      "content": "CARACAS, Venezuela — Saul Jimenez just wanted to buy bread from his neighborhood bakery in Venezuela’s capital on Monday. It did not go well. Banks and most other businesses were closed for the day as Venezuela launched a series of dramatic economic reforms, … [+3825 chars]",
      "fileName": "Frustration rules as Venezuela unveils new currency Seymour Tribune",
      "createdon": "2018-09-20T05:08:28.297Z",
      "md5": "9f6d0e929e1514439440f1548fd10bdd",
      "text": "CBC.ca Frustration rules as Venezuela unveils new currency Seymour Tribune CARACAS, Venezuela — Saul Jimenez just wanted to buy bread from his neighborhood bakery in Venezuela's capital on Monday. It did not go well. Banks and most other businesses were close…"
}