{
      "source": {
            "id": null,
            "name": "Yankodesign.com"
      },
      "author": "Sarang Sheth",
      "title": "Demystifying QR Codes: What are they and how do they work",
      "description": "Demystifying QR Codes: What are they and how do they work You’ve surely seen these codes around either in print or digital format. Chris Sacca may call QR Codes the ‘herpes of technology’, but they’re quite enabling;...",
      "url": "http://www.yankodesign.com/2018/09/14/demystifying-qr-codes-what-are-they-and-how-do-they-work/",
      "urlToImage": null,
      "publishedAt": "2018-09-15T00:39:23Z",
      "content": "You’ve surely seen these codes around either in print or digital format. Chris Sacca may call QR Codes the ‘herpes of technology’, but they’re quite enabling; allowing you to link web pages, profiles, and even bodies of information to a specially formulated c… [+5063 chars]",
      "fileName": "Demystifying QR Codes What are they and how do they work",
      "createdon": "2018-09-20T05:20:39.737Z",
      "md5": "8d1806ffdfd38f8db92559e087c52ed0",
      "text": "Demystifying QR Codes: What are they and how do they work You’ve surely seen these codes around either in print or digital format. Chris Sacca may call QR Codes the ‘herpes of technology’, but they’re quite enabling;..."
}