{
      "source": {
            "id": null,
            "name": "Gottabemobile.com"
      },
      "author": "Josh Smith",
      "title": "2018 Lexus LC 500h Review",
      "description": "2018 Lexus LC 500h Review is a post by Josh Smith from Gotta Be Mobile. The 2018 Lexus LC 500h is a stunning, luxurious coupe that demands attention. While I longed for a V8 in the LS 500, the LC 500h’s V6 hybrid system delivers zippy acceleration and a futur…",
      "url": "http://www.gottabemobile.com/2018-lexus-lc-500h-review/",
      "urlToImage": "https://i1.wp.com/www.gottabemobile.com/wp-content/uploads/2018/08/2018-Lexus-LC-500h-Review-1.jpg?fit=1645%2C1125&ssl=1",
      "publishedAt": "2018-08-22T17:36:19Z",
      "content": "The 2018 Lexus LC 500h is a stunning, luxurious coupe that demands attention. While I longed for a V8 in the LS 500, the LC 500h’s V6 hybrid system delivers zippy acceleration and a futuristic electric whirr that fulfills the audible connection to speed. With… [+6422 chars]",
      "fileName": "2018 Lexus LC 500h Review",
      "createdon": "2018-09-20T05:22:31.712Z",
      "md5": "f5bed11ba64ec6a4c96b7b841a7e9465",
      "text": "2018 Lexus LC 500h Review is a post by Josh Smith from Gotta Be Mobile. The 2018 Lexus LC 500h is a stunning, luxurious coupe that demands attention. While I longed for a V8 in the LS 500, the LC 500h’s V6 hybrid system delivers zippy acceleration and a futur…"
}