{
      "source": {
            "id": null,
            "name": "Dzone.com"
      },
      "author": "Thomas Kucharski",
      "title": "Effective Data Management",
      "description": "The most useful analytics come from data that is stored properly, categorized correctly, and mined thoroughly. To effectively store and use the data your business collects, you must first incorporate the following aspects. Data Management Over the last half-c…",
      "url": "https://dzone.com/articles/effective-data-management",
      "urlToImage": "https://dz2cdn3.dzone.com/storage/article-thumb/10118894-thumb.jpg",
      "publishedAt": "2018-09-02T05:04:01Z",
      "content": "The most useful analytics come from data that is stored properly, categorized correctly, and mined thoroughly. To effectively store and use the data your business collects, you must first incorporate the following aspects. Data Management Over the last half-c… [+6804 chars]",
      "fileName": "Effective Data Management",
      "createdon": "2018-09-20T05:21:12.948Z",
      "md5": "16b0a8fd778d1fad4688919d2d4dc5aa",
      "text": "The most useful analytics come from data that is stored properly, categorized correctly, and mined thoroughly. To effectively store and use the data your business collects, you must first incorporate the following aspects. Data Management Over the last half-c…"
}