{
      "source": {
            "id": null,
            "name": "Phys.org"
      },
      "author": null,
      "title": "Humans still heft groceries on-demand, for now",
      "description": "A self-driving car that delivers your groceries seems like a great idea: a robot vehicle that uses artificial intelligence to replicate the service of yesteryear's milkman and grocery store delivery kid.",
      "url": "https://phys.org/news/2018-09-humans-heft-groceries-on-demand.html",
      "urlToImage": "https://3c1703fe8d.site.internapcdn.net/newman/gfx/news/2018/humansstillh.jpg",
      "publishedAt": "2018-09-04T13:50:02Z",
      "content": "In this Aug. 29, 2018 photo, a Lincoln MKZ outfitted with AutoX's self-driving sensors sits in the parking lot of the company's headquarters in San Jose, Calif. The company is partnering with grocery delivery startup GrubMarket in a pilot test to deliver groc… [+6028 chars]",
      "fileName": "Humans still heft groceries on demand for now",
      "createdon": "2018-09-20T05:22:51.635Z",
      "md5": "3202243af1a58798548518478a151bfc",
      "text": "A self-driving car that delivers your groceries seems like a great idea: a robot vehicle that uses artificial intelligence to replicate the service of yesteryear's milkman and grocery store delivery kid."
}