{
      "source": {
            "id": null,
            "name": "Theregister.co.uk"
      },
      "author": "Rebecca Hill",
      "title": "Cloudera and MongoDB execs: Time is running out for legacy vendors",
      "description": "Database upstarts' revenues grow as sales plans take shape \"Antipathy\" towards legacy database vendors is at an all-time high because Internet of Things data is arriving too fast for them to handle – so say execs at two competitors that went public last year.…",
      "url": "https://www.theregister.co.uk/2018/09/06/cloudera_mongodb_q2_fiscal_2019/",
      "urlToImage": "https://regmedia.co.uk/2018/08/09/brokenwatch.jpg?x=1200&y=794",
      "publishedAt": "2018-09-06T15:00:24Z",
      "content": "\"Antipathy\" towards legacy database vendors is at an all-time high because Internet of Things data is arriving too fast for them to handle – so say execs at two competitors that went public last year. Both Cloudera and MongoDB released positive results for th… [+3814 chars]",
      "fileName": "Cloudera and MongoDB execs Time is running out for legacy vendors",
      "createdon": "2018-09-20T05:23:21.527Z",
      "md5": "5c81aea296234713b75315b4321b41d1",
      "text": "Database upstarts' revenues grow as sales plans take shape \"Antipathy\" towards legacy database vendors is at an all-time high because Internet of Things data is arriving too fast for them to handle – so say execs at two competitors that went public last year.…"
}