{
      "source": {
            "id": null,
            "name": "Vanguardngr.com"
      },
      "author": "adekunle",
      "title": "Why MTN, again",
      "description": "It seems MTN is never too far from the speed dial to trouble. Three years ago, the telco, which has the dominant share of the mobile telecoms market in Nigeria, was slammed with a $5.2 billion fine for failing to disconnect 5.1 million subscribers after the r…",
      "url": "https://www.vanguardngr.com/2018/09/why-mtn-again/",
      "urlToImage": "https://www.vanguardngr.com/wp-content/uploads/2015/10/mtn1.jpg",
      "publishedAt": "2018-09-07T06:11:11Z",
      "content": "It seems MTN is never too far from the speed dial to trouble. Three years ago, the telco, which has the dominant share of the mobile telecoms market in Nigeria, was slammed with a $5.2 billion fine for failing to disconnect 5.1 million subscribers after the r… [+7696 chars]",
      "fileName": "Why MTN again",
      "createdon": "2018-09-20T05:22:35.846Z",
      "md5": "bae66eb3dca14e552a77b5bdad65f062",
      "text": "It seems MTN is never too far from the speed dial to trouble. Three years ago, the telco, which has the dominant share of the mobile telecoms market in Nigeria, was slammed with a $5.2 billion fine for failing to disconnect 5.1 million subscribers after the r…"
}