{
      "source": {
            "id": null,
            "name": "Entrepreneur.com"
      },
      "author": "Vaibhav Khandelwal",
      "title": "How is Technology Redefining the Customer & Business Experiences in Logistics? - Entrepreneur",
      "description": "Entrepreneur How is Technology Redefining the Customer & Business Experiences in Logistics? Entrepreneur With every passing day, we observe new advancements in technology. Technologies like Artificial Intelligence, IoT and Blockchain are revolutionizing the w…",
      "url": "https://www.entrepreneur.com/article/320154",
      "urlToImage": "https://assets.entrepreneur.com/content/3x2/2000/20151009045712-Logistics.jpeg",
      "publishedAt": "2018-09-17T15:28:57Z",
      "content": "September 17, 2018 4 min read Opinions expressed by Entrepreneur contributors are their own. You're reading Entrepreneur India, an international franchise of Entrepreneur Media. With every passing day, we observe new advancements in technology. Technologies l… [+4053 chars]",
      "fileName": "How is Technology Redefining the Customer Business Experiences in Logistics Entrepreneur",
      "createdon": "2018-09-20T05:15:11.032Z",
      "md5": "4502fe7e995a71e0b90712d354ca956f",
      "text": "Entrepreneur How is Technology Redefining the Customer & Business Experiences in Logistics? Entrepreneur With every passing day, we observe new advancements in technology. Technologies like Artificial Intelligence, IoT and Blockchain are revolutionizing the w…"
}