{
      "source": {
            "id": "the-washington-post",
            "name": "The Washington Post"
      },
      "author": "https://www.facebook.com/sarah.l.ellison?ref=br_rs",
      "title": "CBS Chief Executive Les Moonves Is Departing Amid Probe Into Allegations Of Sexual Misconduct",
      "description": "The New Yorker described decades of Moonves's alleged sexual harassment and assault of six women, doubling the number of accusers who have come forward. In a statement to the magazine, Moonves said three of the encounters were consensual, but he denied the ot…",
      "url": "https://www.washingtonpost.com/business/2018/09/09/cbs-head-les-moonves-faces-new-sexual-assault-accusations-six-more-women-report-says/",
      "urlToImage": "https://www.washingtonpost.com/resizer/Gjf22vlSvB_UAPIwZwiZZmUfEr8=/1484x0/arc-anglerfish-washpost-prod-washpost.s3.amazonaws.com/public/T2YTQDVUKII6RLSPFQKDTSLNPE.jpg",
      "publishedAt": "2018-09-10T11:45:02Z",
      "content": "Leslie Moonves, the powerful longtime chairman and chief executive of CBS, will resign his position in the wake of sexual-assault allegations, concluding a whirlwind six weeks that saw him fall from a perch as one of the country’s most respected media titans.… [+8864 chars]",
      "fileName": "CBS Chief Executive Les Moonves Is Departing Amid Probe Into Allegations Of Sexual Misconduct",
      "createdon": "2018-09-20T05:22:02.103Z",
      "md5": "8050ef72aac758089656de76dd12b05d",
      "text": "The New Yorker described decades of Moonves's alleged sexual harassment and assault of six women, doubling the number of accusers who have come forward. In a statement to the magazine, Moonves said three of the encounters were consensual, but he denied the ot…"
}