{
      "source": {
            "id": null,
            "name": "Joythebaker.com"
      },
      "author": "joythebaker",
      "title": "Let It Be Sunday, 185!",
      "description": "Hello friends! It’s been an emotional and exciting week and, don’t worry, I’ve eaten plenty of cookies and french fries about all of it. I’ve also gone in on comfort food like Apricot Chicken with couscous – which, if you’re looking for dinner this week, is a…",
      "url": "http://joythebaker.com/2018/08/let-it-be-sunday-185/",
      "urlToImage": null,
      "publishedAt": "2018-08-19T08:51:28Z",
      "content": "Hello friends! It’s been an emotional and exciting week and, don’t worry, I’ve eaten plenty of cookies and french fries about all of it. I’ve also gone in on comfort food like Apricot Chicken with couscous – which, if you’re looking for dinner this week, is a… [+2356 chars]",
      "fileName": "Let It Be Sunday 185",
      "createdon": "2018-09-20T05:25:07.205Z",
      "md5": "9652af0b556b8f57ea5d3b5c65fb482e",
      "text": "Hello friends! It’s been an emotional and exciting week and, don’t worry, I’ve eaten plenty of cookies and french fries about all of it. I’ve also gone in on comfort food like Apricot Chicken with couscous – which, if you’re looking for dinner this week, is a…"
}