{
      "source": {
            "id": null,
            "name": "Jalopnik.com"
      },
      "author": "Justin T. Westbrook",
      "title": "The 400 HP 2018 Infiniti Q50 Red Sport AWD Is So Close to Being Good It Hurts",
      "description": "On paper, the 2018 Infiniti Q50 Red Sport AWD is a 400 horsepower premium sedan positioned to take on the higher trim competition from BMW, Mercedes and Audi. But in practice, it’s a 400 hp car with a jarringly dated interior and upsettingly numb steering, le…",
      "url": "https://jalopnik.com/the-400-hp-2018-infiniti-q50-red-sport-awd-is-so-close-1828372623",
      "urlToImage": "https://i.kinja-img.com/gawker-media/image/upload/s--6G6zRaQr--/c_fill,fl_progressive,g_center,h_900,q_80,w_1600/rrypugnw8lom8rvc0wso.png",
      "publishedAt": "2018-08-29T16:57:00Z",
      "content": "On paper, the 2018 Infiniti Q50 Red Sport AWD is a 400 horsepower premium sedan positioned to take on the higher trim competition from BMW, Mercedes and Audi. But in practice, it’s a 400 hp car with a jarringly dated interior and upsettingly numb steering, le… [+11671 chars]",
      "fileName": "The 400 HP 2018 Infiniti Q50 Red Sport AWD Is So Close to Being Good It Hurts",
      "createdon": "2018-09-20T05:22:23.432Z",
      "md5": "b0d68cb19d6fa84f3c45b0b171441e83",
      "text": "On paper, the 2018 Infiniti Q50 Red Sport AWD is a 400 horsepower premium sedan positioned to take on the higher trim competition from BMW, Mercedes and Audi. But in practice, it’s a 400 hp car with a jarringly dated interior and upsettingly numb steering, le…"
}