{
      "source": {
            "id": null,
            "name": "Wwd.com"
      },
      "author": "Michelle Elise",
      "title": "U.K. Trade Mission Focuses on Opportunities for Technology Startups",
      "description": "The mission is occurring in Chicago before it heads to New York later this week.",
      "url": "https://wwd.com/business-news/government-trade/uk-trade-mission-1202822739/",
      "urlToImage": "https://pmcwwd.files.wordpress.com/2018/06/a9597fffaf6885dd6f870d1269ef3b72.png?w=128",
      "publishedAt": "2018-09-18T17:02:11Z",
      "content": "For the second year running, private equity firm True — in collaboration with the U.K. Department for International Trade (DIT) and Capital Accelerate &amp; Scale Tech Superstars — hosted a retail technology trade mission to the U.S. Last year’s mission is cr… [+3291 chars]",
      "fileName": "U K Trade Mission Focuses on Opportunities for Technology Startups",
      "createdon": "2018-09-20T05:22:55.483Z",
      "md5": "3558834fed9470cf1caeaecaec0fe20c",
      "text": "The mission is occurring in Chicago before it heads to New York later this week."
}