{
      "source": {
            "id": null,
            "name": "Indianexpress.com"
      },
      "author": "AP",
      "title": "Useful or creepy? Machines suggest Gmail replies",
      "description": "Google stopped scanning email to target advertising in 2017, it still scans them to filter out junk mail, identify phishing scams and, now, to create suggested replies.",
      "url": "https://indianexpress.com/article/technology/tech-news-technology/useful-or-creepy-machines-suggest-gmail-replies-5335375/",
      "urlToImage": "https://images.indianexpress.com/2018/09/gmail-759.jpeg?w=759",
      "publishedAt": "2018-09-01T14:31:47Z",
      "content": "By: AP | New York | Published: September 1, 2018 8:01:47 pm The responses are automatically created using Google’s artificial intelligence systems. Google is toeing the line between helping you save time and creeping you out as it turns to machines to suggest… [+3850 chars]",
      "fileName": "Useful or creepy Machines suggest Gmail replies",
      "createdon": "2018-09-20T05:15:10.855Z",
      "md5": "40bc05fde08756065e3517adc5118f93",
      "text": "Google stopped scanning email to target advertising in 2017, it still scans them to filter out junk mail, identify phishing scams and, now, to create suggested replies."
}