{
      "source": {
            "id": null,
            "name": "Fastcompany.com"
      },
      "author": "Cale Guthrie Weissman",
      "title": "Google has been secretly tracking your offline purchases with help from Mastercard",
      "description": "Google wants to know what you buy, and Mastercard is here to help. The Holy Grail of advertising data is offline sales. Every marketer wants to know if an ad for something online led to someone going into a physical store and buying it. And data companies hav…",
      "url": "https://www.fastcompany.com/90230910/google-has-been-secretly-tracking-your-offline-purchases-with-help-from-mastercard?partner=feedburner&utm_source=feedburner&utm_medium=feed&utm_campaign=Feed%3A+fastcompany%2Fheadlines+%28Fast+Company%29",
      "urlToImage": "https://images.fastcompany.net/image/upload/w_1280,f_auto,q_auto,fl_lossy/wp-cms/uploads/2018/08/p-1-google-has-been-secretly-tracking-your-offline-purchases-thanks-to-mastercard.jpg",
      "publishedAt": "2018-08-31T11:12:09Z",
      "content": "The Holy Grail of advertising data is offline sales. Every marketer wants to know if an ad for something online led to someone going into a physical store and buying it. And data companies have long offered services trying to measure this. Nielsen Catalina, f… [+1535 chars]",
      "fileName": "Google has been secretly tracking your offline purchases with help from Mastercard",
      "createdon": "2018-09-20T05:20:23.344Z",
      "md5": "627af44cd721b542e6b387d0ed3ddb8b",
      "text": "Google wants to know what you buy, and Mastercard is here to help. The Holy Grail of advertising data is offline sales. Every marketer wants to know if an ad for something online led to someone going into a physical store and buying it. And data companies hav…"
}