{
      "source": {
            "id": "abc-news-au",
            "name": "ABC News (AU)"
      },
      "author": "Manika Dadson",
      "title": "'Quietest month in years': Launceston retailers record challenging August, but can't figure out why",
      "description": "Low wage growth, mall redevelopment, parking restrictions and the lack of a long-term plan are all being blamed for weaker-than-expected sales in August, with some retail veterans saying it's been the quietest month in decades.",
      "url": "http://www.abc.net.au/news/2018-09-18/retailers-take-action-after-sales-drop/10259038",
      "urlToImage": "http://www.abc.net.au/news/image/10259552-16x9-700x394.jpg",
      "publishedAt": "2018-09-18T01:36:28Z",
      "content": "Posted September 18, 2018 11:36:28 Launceston retailers are working out ways to bring more people into the city, after some stores experienced their worst trading month in years. Many retailers in Launceston have described August as \"challenging\", but said it… [+4305 chars]",
      "fileName": "Quietest month in years Launceston retailers record challenging August but can t figure out why",
      "createdon": "2018-09-20T05:23:29.210Z",
      "md5": "36237338a3f364fcbe07136da6e0aa64",
      "text": "Low wage growth, mall redevelopment, parking restrictions and the lack of a long-term plan are all being blamed for weaker-than-expected sales in August, with some retail veterans saying it's been the quietest month in decades."
}