{
      "source": {
            "id": null,
            "name": "Sys-con.com"
      },
      "author": null,
      "title": "Louis Frolio to Present #MachineLearning and #IoT at #CloudEXPO NY | @IBMcloud @FrolioL #IIoT #AI #SmartCities",
      "description": "With the mainstreaming of IoT, connected devices, and sensors, data is being generated at a phenomenal rate, particularly at the edge of the network. IDC's FutureScape for IoT report found that by 2019, 40% of IoT data will be stored, processed, analyzed and …",
      "url": "http://cloudcomputing.sys-con.com/node/4306469",
      "urlToImage": "http://res.cdn.sys-con.com/story/aug18/4306469/Louis%20Froliol%20468.png",
      "publishedAt": "2018-08-21T04:00:00Z",
      "content": "Approaches to Machine Learning at the IoT Edge Register for this session ▸ Here With the mainstreaming of IoT, connected devices, and sensors, data is being generated at a phenomenal rate, particularly at the edge of the network. IDC's FutureScape for IoT rep… [+8917 chars]",
      "fileName": "Louis Frolio to Present MachineLearning and IoT at CloudEXPO NY IBMcloud FrolioL IIoT AI SmartCities",
      "createdon": "2018-09-20T05:22:06.151Z",
      "md5": "b0c5be779d32117016287afb46ca18b7",
      "text": "With the mainstreaming of IoT, connected devices, and sensors, data is being generated at a phenomenal rate, particularly at the edge of the network. IDC's FutureScape for IoT report found that by 2019, 40% of IoT data will be stored, processed, analyzed and …"
}