{
      "source": {
            "id": null,
            "name": "Boingboing.net"
      },
      "author": "Cory Doctorow",
      "title": "This is the golden age of Chinese science fiction",
      "description": "We've been covering the rise and rise of Chinese science fiction here since the early part of the decade, as Chinese authors have been successfully exported to the English-speaking world (a rare feat, as there are enough books written in English to satisfy de…",
      "url": "https://boingboing.net/2018/09/12/xixin-liu.html",
      "urlToImage": "https://media.boingboing.net/wp-content/uploads/2018/09/140a6daf6a84069178b17c0f77cab0ca.jpg",
      "publishedAt": "2018-09-12T17:36:44Z",
      "content": "We've been covering the rise and rise of Chinese science fiction here since the early part of the decade, as Chinese authors have been successfully exported to the English-speaking world (a rare feat, as there are enough books written in English to satisfy de… [+5557 chars]",
      "fileName": "This is the golden age of Chinese science fiction",
      "createdon": "2018-09-21T02:09:08.646Z",
      "md5": "8a5a81a59f9350e9efdf4e7ea13b8111",
      "text": "We've been covering the rise and rise of Chinese science fiction here since the early part of the decade, as Chinese authors have been successfully exported to the English-speaking world (a rare feat, as there are enough books written in English to satisfy de…"
}