{
      "source": {
            "id": null,
            "name": "Adage.com"
      },
      "author": "adageeditor@adage.com (George P. Slefo)",
      "title": "Now that Tim Armstrong is leaving Oath, where will he land next?",
      "description": "Tim Armstrong, CEO of Verizon's Oath, is in talks to leave the company as early as October, according to a report in the Wall Street Journal. Oath includes AOL and Yahoo, two former internet stalwarts that Verizon recently purchased for a combined $9 billion.…",
      "url": "https://adage.com/article/digital/tim-armstrong-leave-oath/314858/",
      "urlToImage": "https://gaia.adage.com/images/bin/image/x-large/TimArmstrong_Bloomberg_3x2.jpg",
      "publishedAt": "2018-09-07T16:39:12Z",
      "content": "Tim Armstrong. Credit: Bloomberg Tim Armstrong, CEO of Verizon's Oath, is in talks to leave the company as early as October, according to a report in the Wall Street Journal. Oath includes AOL and Yahoo, two former internet stalwarts that Verizon recently pur… [+3599 chars]",
      "fileName": "Now that Tim Armstrong is leaving Oath where will he land next",
      "createdon": "2018-09-20T05:21:16.849Z",
      "md5": "43ba4310d0a3acd88de152cc7cd428d5",
      "text": "Tim Armstrong, CEO of Verizon's Oath, is in talks to leave the company as early as October, according to a report in the Wall Street Journal. Oath includes AOL and Yahoo, two former internet stalwarts that Verizon recently purchased for a combined $9 billion.…"
}