{
      "source": {
            "id": "the-guardian-au",
            "name": "The Guardian (AU)"
      },
      "author": "Shane Hickey",
      "title": "What’s the deal for your personal finances if there’s a no-deal Brexit?",
      "description": "Amid warnings of dire consequences, here’s how to cope if it does become a reality The currency markets have been doing little to allow British holidaymakers to enjoy a relaxing summer. The pound recently slumped to its lowest level against the dollar and the…",
      "url": "https://www.theguardian.com/money/2018/aug/20/no-deal-brexit-personal-finance-what-does-it-mean",
      "urlToImage": "https://i.guim.co.uk/img/media/e4326a0e3db33875d0829680b4ee71a5c34fbf26/174_302_2986_1791/master/2986.jpg?w=1200&h=630&q=55&auto=format&usm=12&fit=crop&crop=faces%2Centropy&bm=normal&ba=bottom%2Cleft&blend64=aHR0cHM6Ly9hc3NldHMuZ3VpbS5jby51ay9pbWFnZXMvb3ZlcmxheXMvZjZlYzA2YWNlZGUwZWRmMDNiMDM3MmE1Y2VkZWJmZTIvdG8tZGVmYXVsdC5wbmc&s=0e54c3b38ff8e177bdd8a2c385269f69",
      "publishedAt": "2018-08-20T05:59:40Z",
      "content": "T he currency markets have been doing little to allow British holidaymakers to enjoy a relaxing summer. The pound recently slumped to its lowest level against the dollar and the euro so far this year, meaning a break away just got more expensive. Behind that … [+7052 chars]",
      "fileName": "What s the deal for your personal finances if there s a no deal Brexit",
      "createdon": "2018-09-20T05:20:41.705Z",
      "md5": "7d8b0f7245261db594b9f7e1f4559490",
      "text": "Amid warnings of dire consequences, here’s how to cope if it does become a reality The currency markets have been doing little to allow British holidaymakers to enjoy a relaxing summer. The pound recently slumped to its lowest level against the dollar and the…"
}