{
      "source": {
            "id": null,
            "name": "Phys.org"
      },
      "author": null,
      "title": "Army researchers provide insights on offering feedback",
      "description": "A collaborative research project between Army researchers and academia has led to a best paper award at the 2018 Institute of Electrical and Electronics Engineers, or IEEE, Conference on Cognitive and Computational Aspects of Situation Management, a multi-dis…",
      "url": "https://phys.org/news/2018-09-army-insights-feedback.html",
      "urlToImage": "https://3c1703fe8d.site.internapcdn.net/newman/gfx/news/hires/2018/13-armyresearch.jpg",
      "publishedAt": "2018-09-05T17:29:09Z",
      "content": "A team comprised of members from the U.S. Army Research Laboratory and Rensselaer Polytechnic Institute proposed an award-winning cognitively-inspired adaptive leadership framework that can provide intelligent decision making support for a commander deliverin… [+3762 chars]",
      "fileName": "Army researchers provide insights on offering feedback",
      "createdon": "2018-09-20T05:15:16.685Z",
      "md5": "65610a87d764c79264b6ccf6f1ebd445",
      "text": "A collaborative research project between Army researchers and academia has led to a best paper award at the 2018 Institute of Electrical and Electronics Engineers, or IEEE, Conference on Cognitive and Computational Aspects of Situation Management, a multi-dis…"
}