{
      "source": {
            "id": null,
            "name": "Howtogeek.com"
      },
      "author": "Justin Pot",
      "title": "Facebook Removed Their Spying VPN From The App Store (But It’s Still on Google Play)",
      "description": "Facebook removed Onavo—a free VPN run by the social networking company—from the iOS App Store today. The voluntary move by Facebook was prompted by discussions with Apple about privacy policy.",
      "url": "https://www.howtogeek.com/fyi/facebook-removed-their-spying-vpn-from-the-app-store-but-its-still-on-google-play/",
      "urlToImage": "https://www.howtogeek.com/thumbcache/2/200/b77de2b65036dd2e853024de4a402547/wp-content/uploads/2018/08/spying-watching-fun.jpg",
      "publishedAt": "2018-08-23T15:43:44Z",
      "content": "Facebook removed Onavo—a free VPN run by the social networking company—from the iOS App Store today. The voluntary move by Facebook was prompted by discussions with Apple about privacy policy. Onavo promises to help “secure your personal details” on the produ… [+1194 chars]",
      "fileName": "Facebook Removed Their Spying VPN From The App Store But It s Still on Google Play",
      "createdon": "2018-09-20T05:21:05.331Z",
      "md5": "e86d6da59ab8f1b74b88d5910ace4a90",
      "text": "Facebook removed Onavo—a free VPN run by the social networking company—from the iOS App Store today. The voluntary move by Facebook was prompted by discussions with Apple about privacy policy."
}