{
      "source": {
            "id": null,
            "name": "Qz.com"
      },
      "author": "Jenni Avins",
      "title": "Whalar shows brands how to make friends and influence people in the Instagram age",
      "description": "Whalar, an influencer marketing agency, is like a dating site for big brands and social media influencers—and its handiwork has probably already appeared in your feed.",
      "url": "https://qz.com/quartzy/1376749/whalar-is-showing-dior-and-nike-how-to-influence-people-in-the-instagram-age/",
      "urlToImage": "https://cms.qz.com/wp-content/uploads/2018/08/08.16.18_Quartz__Whalar_0064.jpg?quality=75&strip=all&w=1400",
      "publishedAt": "2018-09-19T12:00:19Z",
      "content": "Neil Waller and his cofounders started Whalar in 2016 after using social media to advertise their watch brand, Shore Projects, and struggling with the lack of infrastructure surrounding it. As the influencer advertising market has sky-rocketed since, it has b… [+5692 chars]",
      "fileName": "Whalar shows brands how to make friends and influence people in the Instagram age",
      "createdon": "2018-09-20T05:20:33.902Z",
      "md5": "27e550423191d0a1bd3d87be466bc083",
      "text": "Whalar, an influencer marketing agency, is like a dating site for big brands and social media influencers—and its handiwork has probably already appeared in your feed."
}