{
      "source": {
            "id": null,
            "name": "Fool.com"
      },
      "author": "newsfeedback@fool.com (Dan Caplinger)",
      "title": "Is This Favorite Dividend Strategy Keeping Up With Soaring Stock Markets?",
      "description": "Find out the latest for this much-loved way of picking blue-chip dividend stocks.",
      "url": "https://www.fool.com/investing/2018/09/07/is-this-favorite-dividend-strategy-keeping-up-with.aspx",
      "urlToImage": "https://g.foolcdn.com/image/?url=https%3A%2F%2Fg.foolcdn.com%2Feditorial%2Fimages%2F493853%2Fdogs-2-gettyimages-186182291.jpg&h=630&w=1200&op=resize",
      "publishedAt": "2018-09-07T20:32:00Z",
      "content": "The stock market has been extremely volatile during 2018, but the past month has brought new optimism to the market for investors. Most major market benchmarks, including the S&amp;P 500 and the Nasdaq Composite, have rocketed higher to new record levels. Yet… [+3854 chars]",
      "fileName": "Is This Favorite Dividend Strategy Keeping Up With Soaring Stock Markets",
      "createdon": "2018-09-20T05:22:49.420Z",
      "md5": "605faeae5b4bd9353ef189c37c383143",
      "text": "Find out the latest for this much-loved way of picking blue-chip dividend stocks."
}