{
      "source": {
            "id": null,
            "name": "Yahoo.com"
      },
      "author": null,
      "title": "The 3 Things Salesforce Management Can't Stop Talking About",
      "description": "The biggest takeaway was management's excitement and enthusiasm for the future.",
      "url": "https://finance.yahoo.com/news/3-things-salesforce-management-apos-111800260.html",
      "urlToImage": "https://s.yimg.com/uu/api/res/1.2/bmc8STGlWMIxgDUKBlJneg--~B/aD0zODc7dz01ODA7c209MTthcHBpZD15dGFjaHlvbg--/http://media.zenfs.com/en-US/homerun/motleyfool.com/74d2b11c522049cca0ba63f9b7649acd",
      "publishedAt": "2018-09-09T11:18:00Z",
      "content": "There was plenty of good news when Salesforce.com (NYSE: CRM) reported its second-quarter financial results. The company continued its habit of \"beat and raise,\" beating expectations and raising its forecast for the remainder of the year. Revenue for the quar… [+4678 chars]",
      "fileName": "The 3 Things Salesforce Management Can t Stop Talking About",
      "createdon": "2018-09-20T05:22:06.189Z",
      "md5": "043a76a00f9cb1519dac5316faaab843",
      "text": "The biggest takeaway was management's excitement and enthusiasm for the future."
}