{
      "source": {
            "id": "techcrunch",
            "name": "TechCrunch"
      },
      "author": "Ron Miller",
      "title": "Hu-manity launches app giving consumers legal control over medical data",
      "description": "Hu-manity wants to change the way we share data by giving people legal ownership with contractual enforcement handled on the blockchain. The first foray will be with medical data, and today the company debuted the #My31 app in Google Play and the Apple App St…",
      "url": "http://techcrunch.com/2018/09/06/hu-manity-launches-app-giving-consumers-legal-control-over-medical-data/",
      "urlToImage": "https://techcrunch.com/wp-content/uploads/2018/09/Selfie@3x.png?w=493",
      "publishedAt": "2018-09-06T11:00:49Z",
      "content": "Hu-manity wants to change the way we share data by giving people legal ownership with contractual enforcement handled on the blockchain. The first foray will be with medical data, and today the company debuted the #My31 app in Google Play and the Apple App St… [+3391 chars]",
      "fileName": "Hu manity launches app giving consumers legal control over medical data",
      "createdon": "2018-09-20T05:22:45.528Z",
      "md5": "641234ede1751ccf602909a869d81507",
      "text": "Hu-manity wants to change the way we share data by giving people legal ownership with contractual enforcement handled on the blockchain. The first foray will be with medical data, and today the company debuted the #My31 app in Google Play and the Apple App St…"
}