{
      "source": {
            "id": null,
            "name": "Hackaday.com"
      },
      "author": "Ben James",
      "title": "Learn To Loop The Python Way: Iterators And Generators Explained",
      "description": "If you’ve ever written any Python at all, the chances are you’ve used iterators without even realising it. Writing your own and using them in your programs can provide significant performance improvements, particularly when handling large datasets or running …",
      "url": "https://hackaday.com/2018/09/19/learn-to-loop-the-python-way-iterators-and-generators-explained/",
      "urlToImage": "https://hackadaycom.files.wordpress.com/2017/04/python-ide-ask-hackaday-featured1.jpg?w=1200",
      "publishedAt": "2018-09-19T14:00:11Z",
      "content": "If you’ve ever written any Python at all, the chances are you’ve used iterators without even realising it. Writing your own and using them in your programs can provide significant performance improvements, particularly when handling large datasets or running … [+9705 chars]",
      "fileName": "Learn To Loop The Python Way Iterators And Generators Explained",
      "createdon": "2018-09-20T05:20:34.010Z",
      "md5": "4329881673dfcaacdd3d59428e3d281a",
      "text": "If you’ve ever written any Python at all, the chances are you’ve used iterators without even realising it. Writing your own and using them in your programs can provide significant performance improvements, particularly when handling large datasets or running …"
}