{
      "source": {
            "id": null,
            "name": "Pocketnow.com"
      },
      "author": "Jules Wang",
      "title": "vivo V11 brings the teardrop notch in mere weeks",
      "description": "In China, we're getting ready for another smartphone with a notch, though this is a send-up to a minimal design. The post vivo V11 brings the teardrop notch in mere weeks appeared first on Pocketnow.",
      "url": "https://pocketnow.com/vivo-v11-teaser",
      "urlToImage": "https://pocketnow.com/wp-content/uploads/2018/08/image0012.png",
      "publishedAt": "2018-08-23T19:53:23Z",
      "content": "Chinese manufacturer vivo is ready to take its commitment to the teardrop notch to the next level. Beyond the vivo X23, we now have the vivo V11 to think about. The Halo FullView display being promoted in this teaser refers to its tall nature with that tapere… [+348 chars]",
      "fileName": "vivo V11 brings the teardrop notch in mere weeks",
      "createdon": "2018-09-20T05:15:09.004Z",
      "md5": "8843f8a63d8be6c94c496dbd443aff02",
      "text": "In China, we're getting ready for another smartphone with a notch, though this is a send-up to a minimal design. The post vivo V11 brings the teardrop notch in mere weeks appeared first on Pocketnow."
}