{
      "source": {
            "id": null,
            "name": "Nature.com"
      },
      "author": "David Langley, Therina Theron",
      "title": "Discovery relies on strong support staff",
      "description": "A lack of trained administrators is holding African scientists back.",
      "url": "https://www.nature.com/articles/d41586-018-06624-6",
      "urlToImage": "https://media.nature.com/lw1024/magazine-assets/d41586-018-06624-6/d41586-018-06624-6_16135294.jpg",
      "publishedAt": "2018-09-19T00:00:00Z",
      "content": "A researcher demonstrates the difference between two substances to a group of students in South Africa. hphimagelibrary/Gallo Images/Getty Images The global research funding system is becoming increasingly complex and competitive. Scientists need to demonstra… [+4926 chars]",
      "fileName": "Discovery relies on strong support staff",
      "createdon": "2018-09-20T05:22:55.516Z",
      "md5": "589ceda7c1a73fe12994a0ff2fe02841",
      "text": "A lack of trained administrators is holding African scientists back."
}