{
      "source": {
            "id": null,
            "name": "Suse.com"
      },
      "author": null,
      "title": "The SUSE Open Source Policy",
      "description": "Share with friends and colleagues on social mediaSUSE is an open source company. Open source is in our genes. Our products are all open source and our development mantra is “Open source first, upstream first”. This is because working in the open allows for a …",
      "url": "https://www.suse.com/c/the-suse-open-source-policy/",
      "urlToImage": null,
      "publishedAt": "2018-09-13T18:28:12Z",
      "content": "Share with friends and colleagues on social media SUSE is an open source company. Open source is in our genes. Our products are all open source and our development mantra is “Open source first, upstream first”. This is because working in the open allows for a… [+2181 chars]",
      "fileName": "The SUSE Open Source Policy",
      "createdon": "2018-09-20T05:20:37.710Z",
      "md5": "3a6622e698cc80d65d90a0573ac6ea67",
      "text": "Share with friends and colleagues on social mediaSUSE is an open source company. Open source is in our genes. Our products are all open source and our development mantra is “Open source first, upstream first”. This is because working in the open allows for a …"
}