{
      "source": {
            "id": null,
            "name": "Blog.google"
      },
      "author": "Max Saltonstall",
      "title": "Unlock your team’s creativity: running great hackathons",
      "description": "Creative, talented employees have awesome ideas, but chances are they rarely have enough time to actually try them out and find out which ones are worth pursuing. To allow their imagination to run free and spur creative innovation, companies need to create sp…",
      "url": "https://www.blog.google/inside-google/working-google/unlock-your-teams-creativity-running-great-hackathons/?utm_source=feedburner&utm_medium=feed&utm_campaign=Feed%3A+blogspot%2FMKuf+%28The+Keyword+%7C+Official+Google+Blog%29",
      "urlToImage": "https://storage.googleapis.com/gweb-uniblog-publish-prod/images/IO_Thurs_Afternoon_MR_DSC04633.max-1300x1300.jpg",
      "publishedAt": "2018-08-28T17:30:00Z",
      "content": "Creative, talented employees have awesome ideas, but chances are they rarely have enough time to actually try them out and find out which ones are worth pursuing. To allow their imagination to run free and spur creative innovation, companies need to create sp… [+4334 chars]",
      "fileName": "Unlock your team s creativity running great hackathons",
      "createdon": "2018-09-20T05:25:03.414Z",
      "md5": "40bbdf252b6353bdc13a6918e65582af",
      "text": "Creative, talented employees have awesome ideas, but chances are they rarely have enough time to actually try them out and find out which ones are worth pursuing. To allow their imagination to run free and spur creative innovation, companies need to create sp…"
}