{
      "source": {
            "id": "time",
            "name": "Time"
      },
      "author": "CHRISTOPHER SHERMAN / AP",
      "title": "Daniel Ortega’s Government Is Behind Widespread Repression in Nicaragua, the U.N. Says",
      "description": "More than 300 people have been killed in violence since mid-April in the Central American nation",
      "url": "http://time.com/5382368/daniel-ortega-nicaragua-united-nations/",
      "urlToImage": "https://timedotcom.files.wordpress.com/2018/08/gettyimages-469181648.jpg?quality=85",
      "publishedAt": "2018-08-30T01:34:46Z",
      "content": "(MEXICO CITY) — A United Nations report released Wednesday on four months of unrest in Nicaragua describes a comprehensive effort of repression by the government that extends from the streets to the courts. The report by the Office of the U.N. High Commission… [+5097 chars]",
      "fileName": "Daniel Ortega s Government Is Behind Widespread Repression in Nicaragua the U N Says",
      "createdon": "2018-09-21T02:09:06.997Z",
      "md5": "488399e0b85e21a27b4c13b6139e468f",
      "text": "More than 300 people have been killed in violence since mid-April in the Central American nation"
}