{
      "source": {
            "id": "engadget",
            "name": "Engadget"
      },
      "author": "Mallory Locklear",
      "title": "LinkedIn opens up data to researchers to learn about the job market",
      "description": "LinkedIn will open up its data to academic researchers for the purpose of better understanding the labor market and the economy, Bloomberg reports. The company is inviting academics to submit study proposals that in some way involve analytics, econom...",
      "url": "https://www.engadget.com/2018/08/21/linkedin-data-researchers-job-market-economics/",
      "urlToImage": "https://o.aolcdn.com/images/dims?thumbnail=1200%2C630&quality=80&image_uri=https%3A%2F%2Fo.aolcdn.com%2Fimages%2Fdims%3Fcrop%3D4441%252C2432%252C0%252C0%26quality%3D85%26format%3Djpg%26resize%3D1600%252C876%26image_uri%3Dhttp%253A%252F%252Fo.aolcdn.com%252Fhss%252Fstorage%252Fmidas%252F109dddbf8b744c11217fb9f7f45dbdb6%252F206609114%252Fsilhouettes-of-people-are-seen-in-front-of-the-logo-of-social-in-picture-id1001511094%26client%3Da1acac3e1b3290917d92%26signature%3D1c544a0dfbe3b919f95d0ea5f19edd7e2fcdcf04&client=amp-blogside-v2&signature=96bf060c4620d956cfaee85689db7459b2a1f10d",
      "publishedAt": "2018-08-21T17:12:00Z",
      "content": "In a post-Cambridge Analytica world, giving researchers access to troves of user data may not seem like the best plan. But LinkedIn has put a number of protections in place to ensure its users' privacy isn't violated. Researchers will only be able to access a… [+1069 chars]",
      "fileName": "LinkedIn opens up data to researchers to learn about the job market",
      "createdon": "2018-09-20T05:21:03.451Z",
      "md5": "90a7fdeeab728671855306133fd61c3a",
      "text": "LinkedIn will open up its data to academic researchers for the purpose of better understanding the labor market and the economy, Bloomberg reports. The company is inviting academics to submit study proposals that in some way involve analytics, econom..."
}