{
      "source": {
            "id": null,
            "name": "Phys.org"
      },
      "author": null,
      "title": "Upgraded Water Risk Filter can help transform business response to water risk",
      "description": "world assess their water risk. More than 200,000 sites have already been assessed by over 3,000 users. But now it's time for a change. Indeed, some big changes.",
      "url": "https://phys.org/news/2018-08-filter-business-response.html",
      "urlToImage": "https://3c1703fe8d.site.internapcdn.net/newman/gfx/news/hires/2018/1-water.jpg",
      "publishedAt": "2018-08-20T13:41:55Z",
      "content": "Credit: CC0 Public Domain world assess their water risk. More than 200,000 sites have already been assessed by over 3,000 users. But now it's time for a change. Indeed, some big changes. Co-developed by WWF and KfW-DEG (the German Development Bank), the tool … [+7174 chars]",
      "fileName": "Upgraded Water Risk Filter can help transform business response to water risk",
      "createdon": "2018-09-20T05:20:33.952Z",
      "md5": "9689baa1b6e8cb59fa068e2bb3ba5752",
      "text": "world assess their water risk. More than 200,000 sites have already been assessed by over 3,000 users. But now it's time for a change. Indeed, some big changes."
}