{
      "source": {
            "id": null,
            "name": "Firstpost.com"
      },
      "author": "tech2 News Staff",
      "title": "MIT researchers break water-air barrier so submarines can talk to airplanes",
      "description": "It's been impossible to communicate directly between the two mediums, water and air, until now. The post MIT researchers break water-air barrier so submarines can talk to airplanes appeared first on Firstpost.",
      "url": "https://www.firstpost.com/tech/news-analysis/mit-researchers-break-water-air-barrier-so-submarines-can-talk-to-airplanes-5031071.html",
      "urlToImage": "https://images.firstpost.com/wp-content/uploads/2018/08/Submarines-Airplanes-MIT-1280.jpg",
      "publishedAt": "2018-08-23T15:02:01Z",
      "content": "Voices underwater can’t be heard on the ground, and this is because sonar waves or sound waves are used for communication underwater, and radio waves are used to communicate on the surface. So far, communication between underwater devices and the outside worl… [+2676 chars]",
      "fileName": "MIT researchers break water air barrier so submarines can talk to airplanes",
      "createdon": "2018-09-20T05:22:27.286Z",
      "md5": "16d535cf7bafcb57c223081624d4810d",
      "text": "It's been impossible to communicate directly between the two mediums, water and air, until now. The post MIT researchers break water-air barrier so submarines can talk to airplanes appeared first on Firstpost."
}