{
      "source": {
            "id": null,
            "name": "Mobihealthnews.com"
      },
      "author": "susan.morse@himssmedia.com (Susan Morse)",
      "title": "Cigna to put $250M into healthcare innovation through new venture fund",
      "description": "The focus will be invest in early and growth stage startups working in insights and analytics, digital health and retail, and care delivery and management.",
      "url": "https://www.mobihealthnews.com/content/cigna-put-250m-healthcare-innovation-through-new-venture-fund",
      "urlToImage": "https://www.mobihealthnews.com/sites/default/files/CignaHQGoogle.jpg",
      "publishedAt": "2018-09-13T13:27:50Z",
      "content": "Cigna has launched corporate venture fund Cigna Ventures with $250 million in capital to invest in early and growth stage startups, the company announced today. The investments will go to emerging companies that are driving innovation in healthcare through th… [+2124 chars]",
      "fileName": "Cigna to put 250M into healthcare innovation through new venture fund",
      "createdon": "2018-09-20T05:21:20.631Z",
      "md5": "6b38a2ae8af7829a5c670f4ece93772d",
      "text": "The focus will be invest in early and growth stage startups working in insights and analytics, digital health and retail, and care delivery and management."
}