{
      "source": {
            "id": null,
            "name": "Clickz.com"
      },
      "author": "Kimberly Collins",
      "title": "Weekly martech review: Sisense raises $80m, Adobe updates video suite, iHeartMedia acquires podcasting business.",
      "description": "We review the top news in martech from the week of September 11–17, 2018. The post Weekly martech review: Sisense raises $80m, Adobe updates video suite, iHeartMedia acquires podcasting business. appeared first on ClickZ.",
      "url": "http://www.clickz.com/weekly-martech-review-Sisense-raises-%2480m-Adobe-updates-video-suite-iHeartMedia-acquires-podcasting-business",
      "urlToImage": "https://www.clickz.com/wp-content/uploads/sites/2/2018/09/shutterstock_414803434.jpg",
      "publishedAt": "2018-09-17T17:29:02Z",
      "content": "In our review of last week’s martech news, we highlight Sisense raising $80m Series E funding, Adobe’s updates to video suite, and iHeartMedia acquisition of a major podcast business. Data analytics software company Sisense raised $80m Series E funding. What … [+2603 chars]",
      "fileName": "Weekly martech review Sisense raises 80m Adobe updates video suite iHeartMedia acquires podcasting business",
      "createdon": "2018-09-20T05:21:14.935Z",
      "md5": "7c1a50d32eb60af4caa4765e6360d01a",
      "text": "We review the top news in martech from the week of September 11–17, 2018. The post Weekly martech review: Sisense raises $80m, Adobe updates video suite, iHeartMedia acquires podcasting business. appeared first on ClickZ."
}