{
      "source": {
            "id": null,
            "name": "Eurogamer.net"
      },
      "author": null,
      "title": "GeForce RTX 2080 and RTX 2080 Ti review: our first glimpse of next-gen graphics?",
      "description": "It took Nvidia ten years to finalise the real-time ray tracing technology found within the new GeForce RTX cards, but alas, reviewers were given just five days to review what genuinely stakes a claim as next-generation graphics hardware. We'll be updating thi…",
      "url": "https://www.eurogamer.net/articles/digitalfoundry-2018-9-19-geforce-rtx-2080-2080-ti-review",
      "urlToImage": "https://cdn.gamer-network.net/2018/articles/2018-09-19-11-27/digitalfoundry-2018-9-19-geforce-rtx-2080-2080-ti-review-1537352850937.jpg/EG11/thumbnail/1920x1080/format/jpg/1997093.jpg",
      "publishedAt": "2018-09-19T13:00:00Z",
      "content": "It took Nvidia ten years to finalise the real-time ray tracing technology found within the new GeForce RTX cards, but alas, reviewers were given just five days to review what genuinely stakes a claim as next-generation graphics hardware. We'll be updating thi… [+7106 chars]",
      "fileName": "GeForce RTX 2080 and RTX 2080 Ti review our first glimpse of next gen graphics",
      "createdon": "2018-09-20T05:25:09.379Z",
      "md5": "df85497afbefc9cdc4ee4da23b42327b",
      "text": "It took Nvidia ten years to finalise the real-time ray tracing technology found within the new GeForce RTX cards, but alas, reviewers were given just five days to review what genuinely stakes a claim as next-generation graphics hardware. We'll be updating thi…"
}