{
      "source": {
            "id": null,
            "name": "Nih.gov"
      },
      "author": null,
      "title": "NIH and AHRQ Announce Upcoming Updates to Application Instructions and Review Criteria for Fellowship Award Applications",
      "description": "NIH Funding Opportunities and Notices in the NIH Guide for Grants and Contracts: NIH & AHRQ Announce Upcoming Updates to Application Instructions and Review Criteria for Fellowship Award Applications NOT-OD-18-227. NIH",
      "url": "https://grants.nih.gov/grants/guide/notice-files/NOT-OD-18-227.html",
      "urlToImage": null,
      "publishedAt": "2018-09-14T07:08:55Z",
      "content": "NIH &amp; AHRQ Announce Upcoming Updates to Application Instructions and Review Criteria for Fellowship Award Applications Notice Number: NOT-OD-18-227 Key Dates Release Date: September 14, 2018 Related Announcements NOT-OD-18-116 NOT-OD-18-228 NOT-OD-18-229 … [+3868 chars]",
      "fileName": "NIH and AHRQ Announce Upcoming Updates to Application Instructions and Review Criteria for Fellowship Award Applications",
      "createdon": "2018-09-20T05:23:33.630Z",
      "md5": "211e8876a08bbe8fef7ccdb70c83f77e",
      "text": "NIH Funding Opportunities and Notices in the NIH Guide for Grants and Contracts: NIH & AHRQ Announce Upcoming Updates to Application Instructions and Review Criteria for Fellowship Award Applications NOT-OD-18-227. NIH"
}