{
      "source": {
            "id": null,
            "name": "Gamasutra.com"
      },
      "author": null,
      "title": "Blog: Why I love physics-based games",
      "description": "Independent video game developer Peter Stock explores how and why physics can provide enduringly fun gameplay....",
      "url": "http://www.gamasutra.com/blogs/PeterStock/20180913/326374/Why_I_love_physicsbased_games.php",
      "urlToImage": "http://www.gamasutra.com/blogs/edit/img/portrait/247535/portrait.png",
      "publishedAt": "2018-09-17T13:03:00Z",
      "content": "The following blog post, unless otherwise noted, was written by a member of Gamasutra’s community. The thoughts and opinions expressed are those of the writer and not Gamasutra or its parent company. I've always loved games based around physics, and my two ga… [+7825 chars]",
      "fileName": "Blog Why I love physics based games",
      "createdon": "2018-09-20T05:25:11.198Z",
      "md5": "f349bbf6db14c93bbf3bd18d460bcf00",
      "text": "Independent video game developer Peter Stock explores how and why physics can provide enduringly fun gameplay...."
}