{
      "source": {
            "id": null,
            "name": "Tlnt.com"
      },
      "author": "Alexis Fink and Keith McNulty",
      "title": "If You Haven’t Invested in Analytics, Start Now. Here’s How",
      "description": "People analytics is currently having a moment in the HR space. Fueled by the growth of data science, more and more companies and organizations are trying to drive greater insight into their people and talent, and more and more vendors...",
      "url": "https://www.tlnt.com/if-you-havent-invested-in-analytics-start-now-heres-how/",
      "urlToImage": "https://s3.amazonaws.com/media.eremedia.com/uploads/2017/07/data-and-magnifying-glass-big-data-for-hr.jpg",
      "publishedAt": "2018-09-19T13:59:01Z",
      "content": "People analytics is currently having a moment in the HR space. Fueled by the growth of data science, more and more companies and organizations are trying to drive greater insight into their people and talent, and more and more vendors are offering technology … [+12337 chars]",
      "fileName": "If You Haven t Invested in Analytics Start Now Here s How",
      "createdon": "2018-09-20T05:21:16.760Z",
      "md5": "89ddd307718fd87c7a000c8880b3c72e",
      "text": "People analytics is currently having a moment in the HR space. Fueled by the growth of data science, more and more companies and organizations are trying to drive greater insight into their people and talent, and more and more vendors..."
}