{
      "source": {
            "id": null,
            "name": "Itprotoday.com"
      },
      "author": "Jeffrey Burt",
      "title": "Artificial Intelligence Risk: Get Ready for AI-Powered Malware",
      "description": "IBM’s DeepLocker PoC gives the industry a look at artificial intelligence risk--and what an attack produced with the help of deep neural networks will look like.",
      "url": "https://www.itprotoday.com/machine-learning/artificial-intelligence-risk-get-ready-ai-powered-malware",
      "urlToImage": "https://www.itprotoday.com/sites/itprotoday.com/files/Screen%20Shot%202018-09-11%20at%209.11.03%20PM_0.png",
      "publishedAt": "2018-09-12T05:15:00Z",
      "content": "Cybersecurity vendors are aggressively applying artificial intelligence --and subsets such as machine learning and deep learning--to better defend against the growing numbers and increasing sophistication of threats from ransomware to cryptomining to banking … [+6926 chars]",
      "fileName": "Artificial Intelligence Risk Get Ready for AI Powered Malware",
      "createdon": "2018-09-20T05:25:07.339Z",
      "md5": "5900dce0e4b2fde5f9d525d22bb6d2e4",
      "text": "IBM’s DeepLocker PoC gives the industry a look at artificial intelligence risk--and what an attack produced with the help of deep neural networks will look like."
}