{
      "source": {
            "id": null,
            "name": "Thedrum.com"
      },
      "author": "Stephen Lepitak",
      "title": "10 questions with... Craig Hepburn, head of digital transformation for Uefa",
      "description": "The media and marketing sector is ultimately about people. In this weekly series, The Drum speaks to professionals across the sector who are bringing something a little different to the industry and asks what little insights they can offer the rest of us. Thi…",
      "url": "http://www.thedrum.com/news/2018/08/20/10-questions-with-craig-hepburn-head-digital-transformation-uefa",
      "urlToImage": "http://media-assets-04.thedrum.com/cache/images/thedrum-prod/s3-craighepburn--default--1200.jpg",
      "publishedAt": "2018-08-20T03:55:29Z",
      "content": "The media and marketing sector is ultimately about people. In this weekly series, The Drum speaks to professionals across the sector who are bringing something a little different to the industry and asks what little insights they can offer the rest of us. Thi… [+1452 chars]",
      "fileName": "10 questions with Craig Hepburn head of digital transformation for Uefa",
      "createdon": "2018-09-20T05:21:56.021Z",
      "md5": "1cbe447a15f07332d16a8b902407c226",
      "text": "The media and marketing sector is ultimately about people. In this weekly series, The Drum speaks to professionals across the sector who are bringing something a little different to the industry and asks what little insights they can offer the rest of us. Thi…"
}