{
      "source": {
            "id": null,
            "name": "Dataversity.net"
      },
      "author": "Bruck Assefa",
      "title": "Master Data Management for Achieving GDPR Compliance",
      "description": "Click to learn more about author Bruck Assefa. Organizations are constantly at risk of paying a hefty penalty for not complying with rules and regulations that dictate how they should operate and do business. A recent research by the Ponemon Institute and Glo…",
      "url": "http://www.dataversity.net/master-data-management-achieving-gdpr-compliance/",
      "urlToImage": "https://d3an9kf42ylj3p.cloudfront.net/uploads/2018/03/Bruck_assefa2_300x224.png?x38402",
      "publishedAt": "2018-09-07T07:35:02Z",
      "content": "Click to learn more about author Bruck Assefa. Organizations are constantly at risk of paying a hefty penalty for not complying with rules and regulations that dictate how they should operate and do business. A recent research by the Ponemon Institute and Glo… [+5895 chars]",
      "fileName": "Master Data Management for Achieving GDPR Compliance",
      "createdon": "2018-09-20T05:23:31.406Z",
      "md5": "f5a4cd65fbb87e959d5634376bd4b9cd",
      "text": "Click to learn more about author Bruck Assefa. Organizations are constantly at risk of paying a hefty penalty for not complying with rules and regulations that dictate how they should operate and do business. A recent research by the Ponemon Institute and Glo…"
}