{
      "source": {
            "id": "the-new-york-times",
            "name": "The New York Times"
      },
      "author": "CECILIA KANG, SHEERA FRENKEL, KATE CONGER and MATTHEW ROSENBERG",
      "title": "Live Briefing: Facebook and Twitter Executives Head to Capitol Hill",
      "description": "Sheryl Sandberg of Facebook and Jack Dorsey of Twitter will testify about their companies response to foreign meddling in elections and the moderation of online content.",
      "url": "https://www.nytimes.com/2018/09/05/technology/facebook-twitter-congress.html",
      "urlToImage": "https://static01.nyt.com/images/2018/09/06/business/06techlivebriefing/06techlivebriefing-facebookJumbo.jpg",
      "publishedAt": "2018-09-05T09:00:07Z",
      "content": "• The hearings can be watched live on the Senate Intelligence Committee website, C-Span, and the House Energy and Commerce committee website. Five Things to Watch For How will Ms. Sandberg and Mr. Dorsey respond to accusations of bias? The afternoon hearing i… [+8336 chars]",
      "fileName": "Live Briefing Facebook and Twitter Executives Head to Capitol Hill",
      "createdon": "2018-09-20T05:15:12.929Z",
      "md5": "7fc671e75e0044434012ee6628ac1bf3",
      "text": "Sheryl Sandberg of Facebook and Jack Dorsey of Twitter will testify about their companies response to foreign meddling in elections and the moderation of online content."
}