{
      "source": {
            "id": null,
            "name": "Yahoo.com"
      },
      "author": null,
      "title": "Are Insiders Bearish About Xcel Energy Inc (NASDAQ:XEL)?",
      "description": "Xcel Energy Inc., through its subsidiaries, engages primarily in the generation, purchase, transmission, distribution, and sale of electricity in the United States. Xcel Energy is one of United States’s large-capRead More...",
      "url": "https://finance.yahoo.com/news/insiders-bearish-xcel-energy-inc-180535046.html",
      "urlToImage": "https://s.yimg.com/uu/api/res/1.2/CJ7wV6k_rsbQRP6Tq1AVow--~B/aD0zMDA7dz0xMDgwO3NtPTE7YXBwaWQ9eXRhY2h5b24-/http://media.zenfs.com/en-US/homerun/simply_wall_st__316/a57ddca5371e0a0545a27ac4d085f0de",
      "publishedAt": "2018-08-27T18:05:35Z",
      "content": "Xcel Energy Inc., through its subsidiaries, engages primarily in the generation, purchase, transmission, distribution, and sale of electricity in the United States. Xcel Energy is one of United States’s large-cap stocks that saw some insider selling over the … [+4284 chars]",
      "fileName": "Are Insiders Bearish About Xcel Energy Inc NASDAQ XEL",
      "createdon": "2018-09-20T05:22:17.685Z",
      "md5": "2b31d230f0f736f642d73665304e77e2",
      "text": "Xcel Energy Inc., through its subsidiaries, engages primarily in the generation, purchase, transmission, distribution, and sale of electricity in the United States. Xcel Energy is one of United States’s large-capRead More..."
}