{
      "source": {
            "id": null,
            "name": "Cnet.com"
      },
      "author": "Marrian Zhou",
      "title": "Apple by the numbers: Apple nearing 2 billion iOS devices shipped - CNET",
      "description": "A milestone for Apple.",
      "url": "https://www.cnet.com/news/apple-by-the-numbers-apple-nearing-2-billion-ios-devices-shipped/",
      "urlToImage": "https://cnet3.cbsistatic.com/img/PUa8_RSo0ozUyo6QNvD6_qBnz_w=/724x407/2018/09/12/a18c32dc-e458-49b3-b4ff-f30b80571235/apple-announcements-sept-12-2018-cupertino-010.jpg",
      "publishedAt": "2018-09-12T17:31:54Z",
      "content": "Nearly 2 billion iOS device shipped. James Martin/CNET Apple, the first US company to hit a trillion-dollar valuation, is no stranger to big numbers. And on Wednesday, CEO Tim Cook said the consumer electronics giant was nearing another one, shipping close to… [+673 chars]",
      "fileName": "Apple by the numbers Apple nearing 2 billion iOS devices shipped CNET",
      "createdon": "2018-09-20T05:20:25.790Z",
      "md5": "b9b128dee756f8925c19a82156871949",
      "text": "A milestone for Apple."
}