{
      "source": {
            "id": null,
            "name": "Valuewalk.com"
      },
      "author": "Gregory Silberman",
      "title": "Why Hedge Funds Are Betting On The Dollar",
      "description": "It was neigh on ten years ago, the world was just about half way through the ‘Great Recession’ and I was sending out a newsletter wondering how much lower the Dollar could plunge. Q2 hedge fund letters, conference, scoops etc […] The post Why Hedge Funds Are …",
      "url": "https://www.valuewalk.com/2018/09/hedge-funds-betting-the-dollar/",
      "urlToImage": "https://www.valuewalk.com/wp-content/uploads/2018/09/Hedge-Funds-Are-Betting-On-The-Dollar.jpg",
      "publishedAt": "2018-09-04T13:57:10Z",
      "content": "It was neigh on ten years ago, the world was just about half way through the ‘ Great Recession ’ and I was sending out a newsletter wondering how much lower the Dollar could plunge. Get the entire 10-part series on Timeless Reading in PDF. Save it to your des… [+7388 chars]",
      "fileName": "Why Hedge Funds Are Betting On The Dollar",
      "createdon": "2018-09-20T05:22:33.594Z",
      "md5": "7129b272a25391227f99ac8509d9a30d",
      "text": "It was neigh on ten years ago, the world was just about half way through the ‘Great Recession’ and I was sending out a newsletter wondering how much lower the Dollar could plunge. Q2 hedge fund letters, conference, scoops etc […] The post Why Hedge Funds Are …"
}