{
      "source": {
            "id": null,
            "name": "Zdnet.com"
      },
      "author": "Greg Nichols",
      "title": "Business analytics is being leveraged to prevent school shootings",
      "description": "Sisense, which just closed $80M, uses analytics to help companies and organizations solve an array of problems, including crime and serious threats",
      "url": "https://www.zdnet.com/article/business-analytics-is-being-leveraged-to-prevent-school-shootings/",
      "urlToImage": "https://zdnet1.cbsistatic.com/hub/i/r/2018/09/13/50490bd1-3b14-4e61-962c-ac9db0e9c195/thumbnail/770x578/5cd7d7b2303731b0ffaa2ffc14884b37/ai-brain.png",
      "publishedAt": "2018-09-13T09:08:18Z",
      "content": "Business analytics is one of the hottest B2B sectors, and business intelligence company Sisense has $80M more in its war chest to prove it. The newly announced funding, led by New-York based Insight Venture Partners, brings Sisense's total funding to date to … [+3452 chars]",
      "fileName": "Business analytics is being leveraged to prevent school shootings",
      "createdon": "2018-09-20T05:21:20.551Z",
      "md5": "fcaf3693c1465a56a8df2cd2f04b548c",
      "text": "Sisense, which just closed $80M, uses analytics to help companies and organizations solve an array of problems, including crime and serious threats"
}