{
      "source": {
            "id": null,
            "name": "Vulture.com"
      },
      "author": "Matt Zoller Seitz",
      "title": "BoJack Horseman Season 5 Goes Deep on Grief, Addiction, and Sight Gags",
      "description": "The BoJack-centric storylines are terrific, and the stand-alone episodes about other characters are even better.",
      "url": "http://www.vulture.com/2018/09/bojack-horseman-season-5-review.html",
      "urlToImage": "https://pixel.nymag.com/imgs/daily/vulture/2018/09/12/12-bojack.w1200.h630.jpg",
      "publishedAt": "2018-09-13T13:00:49Z",
      "content": "Netflix’s BoJack Horseman, which premieres its fifth season on Friday, has gotten so confident that it tosses off jokes other shows would milk to death. Among many other gags throughout the season, I’m thinking of a silent, background scene in a restaurant, i… [+6244 chars]",
      "fileName": "BoJack Horseman Season 5 Goes Deep on Grief Addiction and Sight Gags",
      "createdon": "2018-09-20T05:25:09.450Z",
      "md5": "4234110393d6dbed67ba195b5f351a29",
      "text": "The BoJack-centric storylines are terrific, and the stand-alone episodes about other characters are even better."
}