{
      "source": {
            "id": null,
            "name": "Digiday.com"
      },
      "author": "Suman Bhattacharyya",
      "title": "A Japanese coffee shop will give you free coffee in exchange for your data",
      "description": "A Japanese coffee retailer is letting customers pay for coffee with data. The post A Japanese coffee shop will give you free coffee in exchange for your data appeared first on Digiday.",
      "url": "https://digiday.com/retail/japanese-coffee-shop-will-give-free-coffee-exchange-data/",
      "urlToImage": "https://digiday.com/wp-content/uploads/2018/08/shiru.jpg",
      "publishedAt": "2018-08-30T04:00:00Z",
      "content": "For some customers, free coffee is worth giving up some personal data. Japanese coffee chain Shiru Cafe, which has 21 stores located mostly in Japan and India, launched its first U.S. location in Providence, Rhode Island, at the Brown University campus earlie… [+3573 chars]",
      "fileName": "A Japanese coffee shop will give you free coffee in exchange for your data",
      "createdon": "2018-09-20T05:21:09.121Z",
      "md5": "72c812a85f5ef330b226709119b113eb",
      "text": "A Japanese coffee retailer is letting customers pay for coffee with data. The post A Japanese coffee shop will give you free coffee in exchange for your data appeared first on Digiday."
}