{
      "source": {
            "id": null,
            "name": "Microsoft.com"
      },
      "author": "Rob Caron",
      "title": "Azure.Source - Volume 45",
      "description": "Keep current on what's happening in Azure, including what's now in preview, generally available, news & updates, and more.",
      "url": "https://azure.microsoft.com/en-gb/blog/azure-source-volume-45/",
      "urlToImage": "https://azurecomcdn.azureedge.net/mediahandler/acomblog/media/Default/blog/1b40c558-9f91-44ff-9794-dfafebb26fae.png",
      "publishedAt": "2018-08-20T13:00:36Z",
      "content": "Now generally available Announcing VNet service endpoints general availability for MySQL and PostgreSQL - Virtual network service endpoints for Azure Database for MySQL and PostgreSQL in all regions where the service is available for General Purpose and Memor… [+11236 chars]",
      "fileName": "Azure Source Volume 45",
      "createdon": "2018-09-20T05:21:18.589Z",
      "md5": "89c7b9ab0db3b3f901898a7c3e329450",
      "text": "Keep current on what's happening in Azure, including what's now in preview, generally available, news & updates, and more."
}