{
      "source": {
            "id": "the-telegraph",
            "name": "The Telegraph"
      },
      "author": null,
      "title": "Facebook whistleblower: Social media giant should face new laws for 'failing to safeguard children'",
      "description": "Facebook needs to be reined in with new laws because of its deliberate failure to protect children&rsquo;s personal data, safety and mental health, a whistleblower has told The Daily Telegraph.",
      "url": "https://www.telegraph.co.uk/news/2018/09/03/facebook-whistleblower-social-media-giant-should-face-new-laws/",
      "urlToImage": "https://www.telegraph.co.uk/content/dam/news/2016/09/06/74161017-facebook-news-xlarge_trans_NvBQzQNjv4BqmhL9VDUxzt6AYDp2M8cBLhErCe86pln-3ul73Lpypc0.jpg",
      "publishedAt": "2018-09-03T05:00:00Z",
      "content": "F acebook needs to be reined in with new laws because of its deliberate failure to protect children’s personal data, safety and mental health, a whistleblower has told The Daily Telegraph. Sandy Parakilas, who was responsible for privacy and compliance at Fac… [+761 chars]",
      "fileName": "Facebook whistleblower Social media giant should face new laws for failing to safeguard children",
      "createdon": "2018-09-20T05:22:49.561Z",
      "md5": "e33ac510be17dd0e54dbe7a56e01a744",
      "text": "Facebook needs to be reined in with new laws because of its deliberate failure to protect children&rsquo;s personal data, safety and mental health, a whistleblower has told The Daily Telegraph."
}