{
      "source": {
            "id": null,
            "name": "Sputniknews.com"
      },
      "author": "Sputnik",
      "title": "Sanctions Spree: How US 'Deep State' is Turning Trump Into Its Whipping Boy",
      "description": "Donald Trump might prove to be an ideal figure for the US establishment, which is preventing the president from changing the status quo in regard to Moscow, while scapegoating him for US political failures, Professor Vladimir Golstein told Sputnik. According …",
      "url": "https://sputniknews.com/analysis/201808301067608974-us-sanctions-trump-russia/",
      "urlToImage": "https://cdn4.img.sputniknews.com/images/106735/72/1067357290.jpg",
      "publishedAt": "2018-08-30T16:58:00Z",
      "content": "Donald Trump might prove to be an ideal figure for the US establishment, which is preventing the president from changing the status quo in regard to Moscow, while scapegoating him for US political failures, Professor Vladimir Golstein told Sputnik. According … [+7394 chars]",
      "fileName": "Sanctions Spree How US Deep State is Turning Trump Into Its Whipping Boy",
      "createdon": "2018-09-20T05:23:29.449Z",
      "md5": "abbc9bbad2aaec2e716c4fe823c4d460",
      "text": "Donald Trump might prove to be an ideal figure for the US establishment, which is preventing the president from changing the status quo in regard to Moscow, while scapegoating him for US political failures, Professor Vladimir Golstein told Sputnik. According …"
}