{
      "source": {
            "id": null,
            "name": "Ubergizmo.com"
      },
      "author": "Adnan Farooqui",
      "title": "Huawei Says New Smartwatch Will Come In Due Course",
      "description": "The last smartwatch that Huawei released was the Huawei Watch 2. It came out in April last year. It has thus been a considerable amount of time and Huawei is yet to release a new smartwatch. When asked if the company is still into making smartwatches, the com…",
      "url": "https://www.ubergizmo.com/2018/09/huawei-new-smartwatch-come-in-due-course/",
      "urlToImage": "https://cdnssl.ubergizmo.com/wp-content/uploads/2017/06/Huawei-watch-2-workout-11.jpg",
      "publishedAt": "2018-09-03T16:46:13Z",
      "content": "The last smartwatch that Huawei released was the Huawei Watch 2. It came out in April last year. It has thus been a considerable amount of time and Huawei is yet to release a new smartwatch. When asked if the company is still into making smartwatches, the com… [+1139 chars]",
      "fileName": "Huawei Says New Smartwatch Will Come In Due Course",
      "createdon": "2018-09-20T05:15:16.815Z",
      "md5": "27d686ea740e7badc66aa62fc5335153",
      "text": "The last smartwatch that Huawei released was the Huawei Watch 2. It came out in April last year. It has thus been a considerable amount of time and Huawei is yet to release a new smartwatch. When asked if the company is still into making smartwatches, the com…"
}