{
      "source": {
            "id": null,
            "name": "Mediatemple.net"
      },
      "author": "Chris Coyier",
      "title": "The Low Hanging Fruit of Web Performance",
      "description": "I kicked off a really poppin' Twitter thread the other day: What are the LOWEST hanging fruit of web performance? Nothing fancy, anyone can do, big impact. Gzip. Optimize stuff. Reduce requests... What are other big ones? — Chris Coyier (@chriscoyier) August …",
      "url": "http://mediatemple.net/blog/tips/low-hanging-fruit-web-performance/",
      "urlToImage": "http://s2.mt-cdn.net/blog/wp-content/uploads/2018/08/performance1665x705-200x200.png",
      "publishedAt": "2018-09-12T14:39:05Z",
      "content": "There is so much to know about making websites fast. It’s rather incredible. Things like understanding servers and networks, how browsers parse things and make decisions, efficient coding choices, and file format nuances make being a performance expert a full… [+10696 chars]",
      "fileName": "The Low Hanging Fruit of Web Performance",
      "createdon": "2018-09-20T05:20:33.823Z",
      "md5": "03bd26f6687ed592fa8f9f8460d8adf5",
      "text": "I kicked off a really poppin' Twitter thread the other day: What are the LOWEST hanging fruit of web performance? Nothing fancy, anyone can do, big impact. Gzip. Optimize stuff. Reduce requests... What are other big ones? — Chris Coyier (@chriscoyier) August …"
}