{
      "source": {
            "id": "techcrunch",
            "name": "TechCrunch"
      },
      "author": "Devin Coldewey",
      "title": "SETI neural networks spot dozens of new mysterious signals emanating from distant galaxy",
      "description": "The perennial optimists at the Search for Extraterrestrial Intelligence, or SETI, have joined the rest of the world in deploying AI to help manage huge datasets — and their efforts almost instantly bore fruit. 72 new \"fast radio bursts\" from a mysteriously no…",
      "url": "http://techcrunch.com/2018/09/10/seti-neural-networks-spot-dozens-of-new-mysterious-signals-emanating-from-distant-galaxy/",
      "urlToImage": "https://techcrunch.com/wp-content/uploads/2018/09/greenbanktelescope.jpg?w=600",
      "publishedAt": "2018-09-10T22:54:08Z",
      "content": "The perennial optimists at the Search for Extraterrestrial Intelligence, or SETI, have joined the rest of the world in deploying AI to help manage huge datasets — and their efforts almost instantly bore fruit. 72 new “fast radio bursts” from a mysteriously no… [+2925 chars]",
      "fileName": "SETI neural networks spot dozens of new mysterious signals emanating from distant galaxy",
      "createdon": "2018-09-20T05:22:17.373Z",
      "md5": "33243c08eb61ec0c334187b9cd3707b1",
      "text": "The perennial optimists at the Search for Extraterrestrial Intelligence, or SETI, have joined the rest of the world in deploying AI to help manage huge datasets — and their efforts almost instantly bore fruit. 72 new \"fast radio bursts\" from a mysteriously no…"
}