{
      "source": {
            "id": null,
            "name": "Forbes.com"
      },
      "author": "Parmy Olson, Forbes Staff, Parmy Olson, Forbes Staff https://www.forbes.com/sites/parmyolson/",
      "title": "Health Tech Rising Star Medopad Buys Patient-Tracking Rival Sherbit To Expand Stateside And Boost A.I.",
      "description": "The British company is growing its trove of patient data used to help healthcare providers remotely monitor vital signs to predict illness and disease.",
      "url": "https://www.forbes.com/sites/parmyolson/2018/09/11/health-tech-rising-star-medopad-buys-patient-tracking-rival-sherbit-to-expand-stateside-and-boost-ai/",
      "urlToImage": "https://thumbor.forbes.com/thumbor/600x315/https%3A%2F%2Fspecials-images.forbesimg.com%2Fimageserve%2F5b97d624a7ea434b99d5f1c1%2F960x0.jpg%3F%26cropX1%3D103%26cropX2%3D1170%26cropY1%3D0%26cropY2%3D600",
      "publishedAt": "2018-09-11T14:50:58Z",
      "content": "Sherbit CEO Alex Senemar and Medopad CEO Dan Vahdat. Photo via Medopad Medopad, a British health technology company that uses apps and wearables to monitor patient vital signs, has bought Sherbit, a rival startup in the U.S. to expand its footprint westwards.… [+4422 chars]",
      "fileName": "Health Tech Rising Star Medopad Buys Patient Tracking Rival Sherbit To Expand Stateside And Boost A I",
      "createdon": "2018-09-20T05:21:10.975Z",
      "md5": "2c2c3b6766dd76b203ded92a952b1a33",
      "text": "The British company is growing its trove of patient data used to help healthcare providers remotely monitor vital signs to predict illness and disease."
}