{
      "source": {
            "id": null,
            "name": "Hackaday.com"
      },
      "author": "Al Williams",
      "title": "Apollo 12 Was the Lucky Number Among Apollo Disasters",
      "description": "I recently saw Apollo 13 again — this time with the score played live by the Houston Symphony. What a crazy coincidence that thirteen has long been considered an unlucky number and that Apollo 13 would be the one we almost lost. However, Apollo 12 almost beca…",
      "url": "https://hackaday.com/2018/09/07/apollo-12-was-the-lucky-number-among-apollo-disasters/",
      "urlToImage": "https://hackadaycom.files.wordpress.com/2018/09/apollo12.jpg?w=1200",
      "publishedAt": "2018-09-07T14:11:00Z",
      "content": "I recently saw Apollo 13 again — this time with the score played live by the Houston Symphony. What a crazy coincidence that thirteen has long been considered an unlucky number and that Apollo 13 would be the one we almost lost. However, Apollo 12 almost beca… [+8443 chars]",
      "fileName": "Apollo 12 Was the Lucky Number Among Apollo Disasters",
      "createdon": "2018-09-20T05:15:09.290Z",
      "md5": "b7a5737285672307a15b98abb398650d",
      "text": "I recently saw Apollo 13 again — this time with the score played live by the Houston Symphony. What a crazy coincidence that thirteen has long been considered an unlucky number and that Apollo 13 would be the one we almost lost. However, Apollo 12 almost beca…"
}