{
      "source": {
            "id": null,
            "name": "Jalopnik.com"
      },
      "author": "Erik Shilling",
      "title": "Cars Are the Future",
      "description": "Self-driving autonomous concepts are all the rage these days, with Volvo introducing its 360c concept last week and Mercedes unveiling its own yesterday, while GM came out with their own phoned in version earlier this year. Laugh now, but this is going to be …",
      "url": "https://jalopnik.com/cars-are-the-future-1828971150",
      "urlToImage": "https://i.kinja-img.com/gawker-media/image/upload/s--Yytp-R1L--/c_fill,fl_progressive,g_center,h_900,q_80,w_1600/klqhlbjw2v8lj19iclvo.jpg",
      "publishedAt": "2018-09-11T20:44:00Z",
      "content": "Self-driving autonomous concepts are all the rage these days, with Volvo introducing its 360c concept last week and Mercedes unveiling its own yesterday, while GM came out with their own phoned in version earlier this year. Laugh now, but this is going to be … [+5731 chars]",
      "fileName": "Cars Are the Future",
      "createdon": "2018-09-20T05:08:30.005Z",
      "md5": "83ce5e9d9f9d85dbd40939ef0208e03b",
      "text": "Self-driving autonomous concepts are all the rage these days, with Volvo introducing its 360c concept last week and Mercedes unveiling its own yesterday, while GM came out with their own phoned in version earlier this year. Laugh now, but this is going to be …"
}