{
      "source": {
            "id": null,
            "name": "Dcrainmaker.com"
      },
      "author": "DC Rainmaker",
      "title": "Wahoo KICKR CORE Trainer In-Depth Review",
      "description": "This past July at Eurobike, Wahoo announced their two latest trainers – the near-annual update of their mainstay, the Wahoo KICKR (2018 Edition), as well as a new lower priced trainer – the KICKR CORE. Wahoo has always had an … Read More Here →",
      "url": "https://www.dcrainmaker.com/2018/09/wahoo-kickr-core-trainer-in-depth-review.html",
      "urlToImage": "https://media.dcrainmaker.com/images/2018/09/Wahoo-KICKR-CORE.jpg",
      "publishedAt": "2018-09-13T00:18:23Z",
      "content": "This past July at Eurobike, Wahoo announced their two latest trainers – the near-annual update of their mainstay, the Wahoo KICKR (2018 Edition), as well as a new lower priced trainer – the KICKR CORE. Wahoo has always had an even lower priced option, the KIC… [+35843 chars]",
      "fileName": "Wahoo KICKR CORE Trainer In Depth Review",
      "createdon": "2018-09-20T05:22:23.507Z",
      "md5": "05f87f070515f10c27d9ff52c3f5cb1d",
      "text": "This past July at Eurobike, Wahoo announced their two latest trainers – the near-annual update of their mainstay, the Wahoo KICKR (2018 Edition), as well as a new lower priced trainer – the KICKR CORE. Wahoo has always had an … Read More Here →"
}