{
      "source": {
            "id": null,
            "name": "Infosecurity-magazine.com"
      },
      "author": "Phil Muncaster",
      "title": "Cybercrime Prosecutions Fall Again in UK",
      "description": "Police under-resourced, claims leading law firm",
      "url": "https://www.infosecurity-magazine.com:443/news/cybercrime-prosecutions-fall-again/",
      "urlToImage": "https://assets.infosecurity-magazine.com/webpage/og/8fd33cb4-24d1-4131-b8b7-12404b86cdd6.jpg",
      "publishedAt": "2018-08-21T08:48:00Z",
      "content": "The number of cybercrime prosecutions in the UK fell for the second successive year in 2017 as police struggled with increasingly complex cases, according to a leading law firm. There were just 47 prosecutions under the Computer Misuse Act and other laws last… [+1644 chars]",
      "fileName": "Cybercrime Prosecutions Fall Again in UK",
      "createdon": "2018-09-20T05:21:58.117Z",
      "md5": "d491182c76e4deb93a0f20ce30ab73ac",
      "text": "Police under-resourced, claims leading law firm"
}