{
      "source": {
            "id": null,
            "name": "Medium.com"
      },
      "author": "Jeremy Cowles",
      "title": "SIGGRAPH 2018 Papers: Machine Learning, Graphics, and Rendering",
      "description": "Machine Learning, Graphics, and Rendering",
      "url": "https://medium.com/@jcowles/siggraph-2018-papers-ee2bb1be9050",
      "urlToImage": null,
      "publishedAt": "2018-08-19T09:15:13Z",
      "content": "While the SIGGRAPH 2018 talks and exhibitor sessions were dominated by ray tracing, research was skewed toward machine learning. The papers selected below are even more heavily biased toward machine learning because this is my personal list of papers of inter… [+5156 chars]",
      "fileName": "SIGGRAPH 2018 Papers Machine Learning Graphics and Rendering",
      "createdon": "2018-09-20T05:25:03.324Z",
      "md5": "05c8cb8b9604aacbaf37c8f408aedfc9",
      "text": "Machine Learning, Graphics, and Rendering"
}