{
      "source": {
            "id": null,
            "name": "Nerdist.com"
      },
      "author": "Derrick Rossignol",
      "title": "Artificial Intelligence Can Turn Anybody into the World’s Greatest Dancer",
      "description": "Though none of us want to admit it, some of us are just bad at dancing. But there are multiple ways around that. You could simply not dance. You could make a stop-motion video of yourself that gives off the distinct impression that you can in fact dance. Of c…",
      "url": "https://nerdist.com/ai-can-make-you-a-good-dancer/",
      "urlToImage": "https://nerdist.com/wp-content/uploads/2018/08/dance-dancing-flickr.jpg",
      "publishedAt": "2018-08-29T15:03:02Z",
      "content": "Though none of us want to admit it, some of us are just bad at dancing. But there are multiple ways around that. You could simply not dance. You could make a stop-motion video of yourself that gives off the distinct impression that you can in fact dance. Of c… [+1577 chars]",
      "fileName": "Artificial Intelligence Can Turn Anybody into the World s Greatest Dancer",
      "createdon": "2018-09-20T05:15:05.313Z",
      "md5": "013143fce7edff12a48441f80ec79f58",
      "text": "Though none of us want to admit it, some of us are just bad at dancing. But there are multiple ways around that. You could simply not dance. You could make a stop-motion video of yourself that gives off the distinct impression that you can in fact dance. Of c…"
}