{
      "source": {
            "id": "cnn",
            "name": "CNN"
      },
      "author": "Analysis by Z. Byron Wolf, CNN",
      "title": "Here's what else the Trump administration did this summer",
      "description": "Set aside Michael Cohen's guilty plea and allegation that he coordinated with President Donald Trump to cover up damaging information about alleged affairs with hush money. Set aside the guilty verdict for former Trump campaign chairman Paul Manafort in Alexa…",
      "url": "https://www.cnn.com/2018/08/22/politics/trump-policies-summer/index.html",
      "urlToImage": "https://cdn.cnn.com/cnnnext/dam/assets/180820154042-coal-power-trump-super-tease.jpg",
      "publishedAt": "2018-08-22T10:01:54Z",
      "content": "(CNN) Set aside Michael Cohen's guilty plea and allegation that he coordinated with President Donald Trump to cover up damaging information about alleged affairs with hush money. Set aside the guilty verdict for former Trump campaign chairman Paul Manafort in… [+7930 chars]",
      "fileName": "Here s what else the Trump administration did this summer",
      "createdon": "2018-09-20T05:20:31.864Z",
      "md5": "e6d9dfe02953977ecc369316136a36be",
      "text": "Set aside Michael Cohen's guilty plea and allegation that he coordinated with President Donald Trump to cover up damaging information about alleged affairs with hush money. Set aside the guilty verdict for former Trump campaign chairman Paul Manafort in Alexa…"
}