{
      "source": {
            "id": null,
            "name": "Creativebloq.com"
      },
      "author": "Ruth Hamilton",
      "title": "Debenhams gets a joyful rebrand from Mother Design",
      "description": "The department store waves goodbye to 20 year old logo.",
      "url": "https://www.creativebloq.com/news/debenhams-gets-a-joyful-rebrand-from-mother-design",
      "urlToImage": "https://cdn.mos.cms.futurecdn.net/uh3TLZGUv9ve5G9p3HRKJ6-1200-80.jpg",
      "publishedAt": "2018-09-03T11:08:04Z",
      "content": "UK department store Debenhams has been given an identity overhaul courtesy of Mother Design, including a new logo design that will replace the design that has been in place since 1999. The rebrand forms part of an ongoing transformation dubbed 'Debenhams Rede… [+2158 chars]",
      "fileName": "Debenhams gets a joyful rebrand from Mother Design",
      "createdon": "2018-09-20T05:21:54.181Z",
      "md5": "60f13b943519e3da129ec131089b17a5",
      "text": "The department store waves goodbye to 20 year old logo."
}