{
      "source": {
            "id": null,
            "name": "Slashgear.com"
      },
      "author": "Brittany A. Roston",
      "title": "Harvard, Google AI predicts earthquake aftershocks up to a year later",
      "description": "Google and researchers with Harvard University have teamed up to develop an artificial intelligence model capable of predicting aftershocks that may happen up to a year after the earthquake took place. The AI was trained using a database containing info on mo…",
      "url": "https://www.slashgear.com/harvard-google-ai-predicts-earthquake-aftershocks-up-to-a-year-later-30544019/",
      "urlToImage": "https://c.slashgear.com/wp-content/uploads/2018/08/earthquake_cc0_pixabay.jpg",
      "publishedAt": "2018-08-30T22:39:07Z",
      "content": "Google and researchers with Harvard University have teamed up to develop an artificial intelligence model capable of predicting aftershocks that may happen up to a year after the earthquake took place. The AI was trained using a database containing info on mo… [+1373 chars]",
      "fileName": "Harvard Google AI predicts earthquake aftershocks up to a year later",
      "createdon": "2018-09-20T05:15:09.069Z",
      "md5": "c2617e247f0d54432d0e02ee2be3d723",
      "text": "Google and researchers with Harvard University have teamed up to develop an artificial intelligence model capable of predicting aftershocks that may happen up to a year after the earthquake took place. The AI was trained using a database containing info on mo…"
}