{
      "source": {
            "id": null,
            "name": "Firstpost.com"
      },
      "author": "Press Trust of India",
      "title": "Cognizant to acquire SaaSfocus for undisclosed amount to strengthen business in India, Australia",
      "description": "SaaSFocus, which is privately held, offers digital transformation services leveraging the Salesforce platform. The post Cognizant to acquire SaaSfocus for undisclosed amount to strengthen business in India, Australia appeared first on Firstpost.",
      "url": "https://www.firstpost.com/business/cognizant-to-acquire-saasfocus-for-undisclosed-amount-to-strengthen-business-in-india-australia-5029271.html",
      "urlToImage": "https://images.firstpost.com/wp-content/uploads/2017/08/cognizant1_cr.jpg",
      "publishedAt": "2018-08-23T09:45:45Z",
      "content": "New Delhi: Cognizant on Thursday said it will acquire SaaSfocus, a provider of Salesforce consulting services, for an undisclosed amount as the IT major looks to further strengthen its business in the Indian and Australian markets. SaaSFocus, which is private… [+1157 chars]",
      "fileName": "Cognizant to acquire SaaSfocus for undisclosed amount to strengthen business in India Australia",
      "createdon": "2018-09-20T05:21:55.931Z",
      "md5": "8723f7ba66a4586d2e1b159617e92352",
      "text": "SaaSFocus, which is privately held, offers digital transformation services leveraging the Salesforce platform. The post Cognizant to acquire SaaSfocus for undisclosed amount to strengthen business in India, Australia appeared first on Firstpost."
}