{
      "source": {
            "id": null,
            "name": "Sixcolors.com"
      },
      "author": "Six Colors Sponsor",
      "title": "(Sponsor) Feed Sponsor: PhotoLemur",
      "description": "PhotoLemur is an award-winning photo enhancer that makes all your images great automatically with the help of Artificial Intelligence. Editing has never been this easy! Whether you want to skip that humdrum photo editing routine or you simply want to save tim…",
      "url": "https://sixcolors.com/feed-only/2018/09/feed-sponsor-photolemur/",
      "urlToImage": null,
      "publishedAt": "2018-09-18T20:38:11Z",
      "content": "PhotoLemur is an award-winning photo enhancer that makes all your images great automatically with the help of Artificial Intelligence. Editing has never been this easy! Whether you want to skip that humdrum photo editing routine or you simply want to save tim… [+615 chars]",
      "fileName": "Sponsor Feed Sponsor PhotoLemur",
      "createdon": "2018-09-20T05:15:16.664Z",
      "md5": "8b5f76037757224ee43c2c1ac6ab1df4",
      "text": "PhotoLemur is an award-winning photo enhancer that makes all your images great automatically with the help of Artificial Intelligence. Editing has never been this easy! Whether you want to skip that humdrum photo editing routine or you simply want to save tim…"
}