{
      "source": {
            "id": null,
            "name": "Newindianexpress.com"
      },
      "author": null,
      "title": "Pakistan will not fight any other country's war: PM Imran Khan - The New Indian Express",
      "description": "The New Indian Express Pakistan will not fight any other country's war: PM Imran Khan The New Indian Express Prime Minister Imran Khan was addressing the Defence and Martyrs Day ceremony organised by the Army at its headquarters in Rawalpindi attended by parl…",
      "url": "http://www.newindianexpress.com/world/2018/sep/07/pakistan-will-not-fight-any-other-countrys-war-pm-imran-khan-1868847.html",
      "urlToImage": "http://images.newindianexpress.com/uploads/user/imagelibrary/2018/8/28/w600X390/imran_khan_AP_Pakistan.jpg",
      "publishedAt": "2018-09-07T09:37:00Z",
      "content": "ISLAMABAD: Pakistan will never fight any other country's war in future, Prime Minister Imran Khan said Thursday, asserting that he was against the war from the very beginning and his government's foreign policy will be in the best interest of the nation. Prim… [+3431 chars]",
      "fileName": "Pakistan will not fight any other country s war PM Imran Khan The New Indian Express",
      "createdon": "2018-09-20T05:08:33.551Z",
      "md5": "d9217755451e0ab6203c1b466d17e00c",
      "text": "The New Indian Express Pakistan will not fight any other country's war: PM Imran Khan The New Indian Express Prime Minister Imran Khan was addressing the Defence and Martyrs Day ceremony organised by the Army at its headquarters in Rawalpindi attended by parl…"
}