{
      "source": {
            "id": null,
            "name": "Kdnuggets.com"
      },
      "author": "Matt Mayo Editor",
      "title": "Neural Networks and Deep Learning: A Textbook",
      "description": "This book covers both classical and modern models in deep learning. The book is intended to be a textbook for universities, and it covers the theoretical and algorithmic aspects of deep learning.",
      "url": "https://www.kdnuggets.com/2018/09/aggarwal-neural-networks-textbook.html",
      "urlToImage": null,
      "publishedAt": "2018-09-07T18:29:59Z",
      "content": "Sponsored Post. Neural Networks and Deep Learning, Springer, September 2018 Charu C. Aggarwal. Comprehensive textbook on neural networks and deep learning: Table of Contents Publisher book page (e-copy or hardcopy) PDF download link for computers connected to… [+3022 chars]",
      "fileName": "Neural Networks and Deep Learning A Textbook",
      "createdon": "2018-09-20T05:25:07.293Z",
      "md5": "c1485b66f4077936283085a755424e68",
      "text": "This book covers both classical and modern models in deep learning. The book is intended to be a textbook for universities, and it covers the theoretical and algorithmic aspects of deep learning."
}