{
      "source": {
            "id": null,
            "name": "Seekingalpha.com"
      },
      "author": "SA Transcripts",
      "title": "GoPro. (GPRO) CEO Nick Woodman Presents at Citi 2018 Global Technology Conference (Transcript)",
      "description": "Call Start: 11:45 Call End: 12:27 GoPro. (NASDAQ:GPRO) Citi 2018 Global Technology Conference September 6, 2018 11:45 PM ET Executives Nick Woodman - Founder &a",
      "url": "https://seekingalpha.com/article/4204755-gopro-gpro-ceo-nick-woodman-presents-citi-2018-global-technology-conference-transcript",
      "urlToImage": "https://static3.seekingalpha.com/assets/og_image_192-59bfd51c9fe6af025b2f9f96c807e46f8e2f06c5ae787b15bf1423e6c676d4db.png",
      "publishedAt": "2018-09-06T20:55:06Z",
      "content": "Call Start: 11:45 January 1, 0000 12:27 PM ET GoPro. (NASDAQ: GPRO ) Citi 2018 Global Technology Conference September 6, 2018 11:45 PM ET Executives Nick Woodman - Founder &amp; CEO Brian McGee - CFO Analysts Joshua Kehoe - Citigroup Joshua Kehoe Good morning… [+30412 chars]",
      "fileName": "GoPro GPRO CEO Nick Woodman Presents at Citi 2018 Global Technology Conference Transcript",
      "createdon": "2018-09-20T05:22:55.680Z",
      "md5": "63f96c54420d876e8bce18de949c771b",
      "text": "Call Start: 11:45 Call End: 12:27 GoPro. (NASDAQ:GPRO) Citi 2018 Global Technology Conference September 6, 2018 11:45 PM ET Executives Nick Woodman - Founder &a"
}