{
      "source": {
            "id": null,
            "name": "Thisisyourboss.com"
      },
      "author": null,
      "title": "A new voice chat app connects freelancers and creators to act as each other's bosses.",
      "description": "A new voice chat app connects freelancers and creators to act as each other's bosses. ↩︎ Your Boss View Post →",
      "url": "https://thisisyourboss.com/",
      "urlToImage": "https://thisisyourboss.com/assets/images/card.jpg?v37943888794351",
      "publishedAt": "2018-08-24T18:07:00Z",
      "content": "Terms of Service Acceptance of these Terms of Service The App and the Services are owned and operated by Your Boss, LLC (“Your Boss,” “we,” or “us”) and are accessed by you under the Terms of Service described herein (“Terms of Service” or “Terms”). Please re… [+10926 chars]",
      "fileName": "A new voice chat app connects freelancers and creators to act as each other s bosses",
      "createdon": "2018-09-20T05:22:27.249Z",
      "md5": "3b3bd83332111d2cea8cf09287de9487",
      "text": "A new voice chat app connects freelancers and creators to act as each other's bosses. ↩︎ Your Boss View Post →"
}