{
      "source": {
            "id": null,
            "name": "Zdnet.com"
      },
      "author": "Colin Barker",
      "title": "Data management: Using NoSQL to drive business transformation",
      "description": "Couchbase CEO Matt Cain explains how his company gives end users a competitive edge through real-time data.",
      "url": "https://www.zdnet.com/article/using-nossql-to-drive-business-transformation/",
      "urlToImage": "https://zdnet4.cbsistatic.com/hub/i/r/2018/08/22/5ead726c-1471-4481-baec-53fc901f4790/thumbnail/770x578/32496930d59a4567e2b959dd39a25641/istock-847519080.jpg",
      "publishedAt": "2018-08-22T09:26:00Z",
      "content": "Couchbase's main product is its Engagement Database, which is built on NoSQL technology and designed for 'the massively interactive enterprise'. The company lists Tommy Hilfiger, Ryanair, United Airlines, Amadeus and Betfair among its customers. ZDNet spoke t… [+9582 chars]",
      "fileName": "Data management Using NoSQL to drive business transformation",
      "createdon": "2018-09-20T05:21:56.191Z",
      "md5": "2f5c6ac6c9c6cdcb4effe60217b7eb5a",
      "text": "Couchbase CEO Matt Cain explains how his company gives end users a competitive edge through real-time data."
}