{
      "source": {
            "id": "al-jazeera-english",
            "name": "Al Jazeera English"
      },
      "author": "Al Jazeera",
      "title": "Ethiopia arrests ex-Somali region head over rights abuses",
      "description": "Abdi Mohamed Omar arrested on charges of human rights abuses and stoking deadly ethnic clashes in restive region.",
      "url": "https://www.aljazeera.com/news/2018/08/ethiopia-arrests-somali-region-head-rights-abuses-180827161340917.html",
      "urlToImage": "https://www.aljazeera.com/mritems/Images/2018/8/27/b6202c0e56f040e68734ddf86f4c38f9_18.jpg",
      "publishedAt": "2018-08-27T19:58:15Z",
      "content": "Police in Ethiopia arrested the former president of the volatile eastern Somali region on charges of human rights abuses after a series of deadly clashes earlier this month. Monday's arrest of Abdi Mohamed Omar, who was forced to resign earlier this month, ca… [+2466 chars]",
      "fileName": "Ethiopia arrests ex Somali region head over rights abuses",
      "createdon": "2018-09-21T02:09:07.046Z",
      "md5": "b5e1dc3363f3d619e82ad75530a52b3f",
      "text": "Abdi Mohamed Omar arrested on charges of human rights abuses and stoking deadly ethnic clashes in restive region."
}