{
      "source": {
            "id": null,
            "name": "Forbes.com"
      },
      "author": "Barry Libert and Megan Beck, Contributor, Barry Libert and Megan Beck, Contributor https://www.forbes.com/sites/barrylibert/",
      "title": "Machine Learning Is A Moneyball Moment For Companies",
      "description": "Data and machine learning will transform business strategy just as it transformed baseball.",
      "url": "https://www.forbes.com/sites/barrylibert/2018/08/31/machine-learning-is-a-moneyball-moment-for-companies/",
      "urlToImage": "https://thumbor.forbes.com/thumbor/600x315/https%3A%2F%2Fspecials-images.forbesimg.com%2Fdam%2Fimageserve%2F671673041%2F960x0.jpg%3Ffit%3Dscale",
      "publishedAt": "2018-09-01T03:28:00Z",
      "content": "Share to facebook Share to twitter Share to linkedin Runner Slides Into Home Base (Photo by Lambert/Getty Images) By now, you have heard of Moneyball. Maybe you have even read the book by Michael Lewis ( The Art of Winning and Unfair Game ), seen the movie th… [+11074 chars]",
      "fileName": "Machine Learning Is A Moneyball Moment For Companies",
      "createdon": "2018-09-20T05:22:49.607Z",
      "md5": "2a6a7b4a629b68acfdc6889f4b2addf3",
      "text": "Data and machine learning will transform business strategy just as it transformed baseball."
}