{
      "source": {
            "id": "bbc-news",
            "name": "BBC News"
      },
      "author": "https://www.facebook.com/bbcnews",
      "title": "Four things to know for the week ahead",
      "description": "Your Monday briefing on the most important stories coming up over the next seven days.",
      "url": "https://www.bbc.co.uk/news/world-45513742",
      "urlToImage": "https://ichef.bbci.co.uk/news/1024/branded_news/FEDA/production/_103424256_untitled.png",
      "publishedAt": "2018-09-16T23:19:38Z",
      "content": "It's Monday, it's a new week, and while we won't pretend we know everything that's going to happen over the next seven days, we have some sense of what's coming up. Here's your briefing on some of the most important and interesting stories happening in the we… [+3185 chars]",
      "fileName": "Four things to know for the week ahead",
      "createdon": "2018-09-21T02:09:06.927Z",
      "md5": "b17a17f3e768c044786b7866eff53de4",
      "text": "Your Monday briefing on the most important stories coming up over the next seven days."
}