{
      "source": {
            "id": null,
            "name": "Codeproject.com"
      },
      "author": "Joe Programmer 1",
      "title": "A Flock of Lambdas",
      "description": "What's going on with lambda expressions, anonymous functions, and all that stuff?",
      "url": "https://www.codeproject.com/Articles/896099/Flock-of-Lambdas",
      "urlToImage": null,
      "publishedAt": "2018-08-22T04:50:00Z",
      "content": "Introduction I've been seeing the subject of lambdas more and more lately on the Internet, especially when I'm looking for information about C# and/or LINQ. \"Lambda\" abstractions refer to unnamed (anonymous) functions that may accept specified arguments and m… [+14270 chars]",
      "fileName": "A Flock of Lambdas",
      "createdon": "2018-09-20T05:23:31.454Z",
      "md5": "5891c0b06c57e69e7233e71bf1a0d1d6",
      "text": "What's going on with lambda expressions, anonymous functions, and all that stuff?"
}