{
      "source": {
            "id": "cbc-news",
            "name": "CBC News"
      },
      "author": "Shane Magee",
      "title": "Moncton water bills estimated after batteries fail earlier than expected",
      "description": "The City of Moncton is asking water customers with estimated bills to self-report actual usage numbers after batteries in hundreds of water meters started to fail.",
      "url": "https://www.cbc.ca/news/canada/new-brunswick/moncton-water-bills-estimated-1.4795016",
      "urlToImage": "https://i.cbc.ca/1.4795118.1534965297!/fileImage/httpImage/image.JPG_gen/derivatives/16x9_620/nicole-taylor.JPG",
      "publishedAt": "2018-08-24T08:00:00Z",
      "content": "The city of Moncton wants some people to self-report their water use after a surging number of water meters stopped broadcasting consumption data to the city. Batteries in a component that sends water use data to the city are failing between three to four yea… [+3139 chars]",
      "fileName": "Moncton water bills estimated after batteries fail earlier than expected",
      "createdon": "2018-09-20T05:22:33.318Z",
      "md5": "5dbd6a972441d409fd9f53aaec7cef64",
      "text": "The City of Moncton is asking water customers with estimated bills to self-report actual usage numbers after batteries in hundreds of water meters started to fail."
}