{
      "source": {
            "id": null,
            "name": "Emergingedtech.com"
      },
      "author": "Alec Sears",
      "title": "4 Expert Tips for Getting Your EdTech Budget Approved",
      "description": null,
      "url": "https://www.emergingedtech.com/2018/08/expert-tips-for-getting-edtech-budget-approved/",
      "urlToImage": "https://www.emergingedtech.com/wp/wp-content/uploads/2011/04/clipArt_moneySymbol.jpg",
      "publishedAt": "2018-08-29T12:04:35Z",
      "content": "Proper training and education are vital to success in today’s world. Everyone from students to employees need effective, efficient learning processes to help guarantee continued growth. And whether it’s a K-12 school, local college, major state university, or… [+4538 chars]",
      "fileName": "4 Expert Tips for Getting Your EdTech Budget Approved",
      "createdon": "2018-09-20T05:23:31.335Z",
      "md5": "5c5bec329d7827a281575bc2c3e7fa55",
      "text": null
}