{
      "source": {
            "id": null,
            "name": "Nature.com"
      },
      "author": "Minsu Jang, Rackhyun Park, Hyunju Kim, Sim Namkoong, Daum Jo, Yang Hoon Huh, Ik-Soon Jang, Jin I. Lee, Junsoo Park",
      "title": "AMPK contributes to autophagosome maturation and lysosomal fusion",
      "description": "AMPK contributes to autophagosome maturation and lysosomal fusion",
      "url": "https://www.nature.com/articles/s41598-018-30977-7?utm_source=feedburner&utm_medium=feed&utm_campaign=Feed%3A+srep%2Frss%2Fcurrent+%28Scientific+Reports%29",
      "urlToImage": "https://media.springernature.com/m685/springer-static/image/art%3A10.1038%2Fs41598-018-30977-7/MediaObjects/41598_2018_30977_Fig1_HTML.png",
      "publishedAt": "2018-08-23T00:00:00Z",
      "content": "Cell culture and cell proliferation assay HEK293T cells were grown in DMEM medium (Welgene, Korea) supplemented with 10% fetal bovine serum (Gibco, Waltham, MA, USA) and 1% antibiotic-antimycotic solution (Welgene, Seoul, Korea). Cell proliferation was measur… [+4706 chars]",
      "fileName": "AMPK contributes to autophagosome maturation and lysosomal fusion",
      "createdon": "2018-09-20T05:22:31.498Z",
      "md5": "3d560640c0ea1dac8cdddd0e991e9717",
      "text": "AMPK contributes to autophagosome maturation and lysosomal fusion"
}