{
      "source": {
            "id": null,
            "name": "Themuse.com"
      },
      "author": "Abby Wolfe",
      "title": "I’m an AI Researcher at Facebook—Here’s What I Actually Do Every Day",
      "description": "Angela Fan—an artificial intelligence researcher at Facebook—is aware that most people don’t really understand what AI is, let alone what she does at work every day. Here's how she landed her job, including transferring teams from data science, and what she d…",
      "url": "https://www.themuse.com/advice/ai-researcher-at-facebook-what-its-like",
      "urlToImage": "https://pilbox.themuse.com/image.jpg?url=https%3A%2F%2Fassets.themuse.com%2Fuploaded%2Fattachments%2F39168%2F3dfdb53c-e0f2-4d17-a60d-d18da06da396.jpg%3Fv%3D9582ccea450d887a31b834c3c97161ec680dcf6e07e510d36f55de7bb134dc66&fmt=jpeg&h=367&mode=fill&prog=1&w=750",
      "publishedAt": "2018-09-05T11:11:46Z",
      "content": "Angela Fan—an artificial intelligence (AI) researcher at Facebook—is aware that most people don’t really understand what AI is, let alone what she does at work every day. Despite the frustrations that come with this reality, Fan’s really happy with the field … [+4375 chars]",
      "fileName": "I m an AI Researcher at Facebook Here s What I Actually Do Every Day",
      "createdon": "2018-09-20T05:15:16.625Z",
      "md5": "121b258d9773a106bd484425baef8982",
      "text": "Angela Fan—an artificial intelligence researcher at Facebook—is aware that most people don’t really understand what AI is, let alone what she does at work every day. Here's how she landed her job, including transferring teams from data science, and what she d…"
}