{
      "source": {
            "id": null,
            "name": "Imaginarycloud.com"
      },
      "author": "Tiago Franco",
      "title": "Why We're Ditching Ruby on Rails for JavaScript and Node.js",
      "description": "We've stopped using Ruby on Rails for our new projects, embracing JavaScript & Node.js as a better choice. Find out exactly why we've done it.",
      "url": "http://www.imaginarycloud.com/blog/ditching-ruby-on-rails-for-javascript-and-nodejs/",
      "urlToImage": "https://images.unsplash.com/photo-1517344296525-3f2079b011d9?ixlib=rb-0.3.5&q=80&fm=jpg&crop=entropy&cs=tinysrgb&w=1080&fit=max&ixid=eyJhcHBfaWQiOjExNzczfQ&s=8f99eb9fe269665d609727f857f073d6",
      "publishedAt": "2018-09-19T17:02:47Z",
      "content": "During my college years, as a software engineering student, Java was the new kid on the blog. Fortunately, I had a few visionary professors eager to tag C++ as something of the past and move forward to the wonderful world of \"code once, deploy anywhere\". Most… [+8964 chars]",
      "fileName": "Why We re Ditching Ruby on Rails for JavaScript and Node js",
      "createdon": "2018-09-20T05:20:39.690Z",
      "md5": "874ff3252b6c5c1b0a87aff98a2710ce",
      "text": "We've stopped using Ruby on Rails for our new projects, embracing JavaScript & Node.js as a better choice. Find out exactly why we've done it."
}