{
      "source": {
            "id": null,
            "name": "Forbes.com"
      },
      "author": "John Nosta, Contributor, John Nosta, Contributor https://www.forbes.com/sites/johnnosta/",
      "title": "You Might Want Artificial Intelligence Reading Your Next Mammogram",
      "description": "How artificial intelligence is spotting breast cancer better than some physicians.",
      "url": "https://www.forbes.com/sites/johnnosta/2018/09/18/you-might-want-artificial-intelligence-reading-your-next-mammogram/",
      "urlToImage": "https://thumbor.forbes.com/thumbor/600x315/https%3A%2F%2Fspecials-images.forbesimg.com%2Fdam%2Fimageserve%2F594416314%2F960x0.jpg%3Ffit%3Dscale",
      "publishedAt": "2018-09-18T14:36:00Z",
      "content": "“You don’t have cancer.” These are perhaps the most powerful and important four words a woman can hear after a breast-screening visit. X-ray based mammography is an effective screening tool for detecting cancer, but what many women may not know is that breast… [+6855 chars]",
      "fileName": "You Might Want Artificial Intelligence Reading Your Next Mammogram",
      "createdon": "2018-09-20T05:25:11.318Z",
      "md5": "66b4a36e2dc88cd6d1b37c16137cf594",
      "text": "How artificial intelligence is spotting breast cancer better than some physicians."
}