{
      "source": {
            "id": null,
            "name": "Bikeportland.org"
      },
      "author": "Jonathan Maus (Publisher/Editor)",
      "title": "It’s crunch time for PBOT’s ambitious Central City in Motion project",
      "description": "A council date for the plan is set for next month. The post It’s crunch time for PBOT’s ambitious Central City in Motion project appeared first on BikePortland.org.",
      "url": "https://bikeportland.org/2018/09/05/its-crunch-time-for-pbots-ambitious-central-city-in-motion-project-288637",
      "urlToImage": "https://bikeportland.org/wp-content/uploads/2018/09/ccim-bac1.jpg",
      "publishedAt": "2018-09-05T17:05:35Z",
      "content": "The PBOT Bicycle Advisory Committee weighed in on the latest project at their monthly meeting last month. (Photos: Jonathan Maus/BikePortland) “There are some projects where we looked at the right-of-way and thought, ‘What is the highest and best use?’ And in… [+12728 chars]",
      "fileName": "It s crunch time for PBOT s ambitious Central City in Motion project",
      "createdon": "2018-09-20T05:23:39.536Z",
      "md5": "3ae2d29737fbd0054b1202551c35700d",
      "text": "A council date for the plan is set for next month. The post It’s crunch time for PBOT’s ambitious Central City in Motion project appeared first on BikePortland.org."
}