{
      "source": {
            "id": "the-hindu",
            "name": "The Hindu"
      },
      "author": "TCA Sharad Raghavan Priscilla Jebaraj",
      "title": "‘EPFO data not the right gauge of employment level’",
      "description": "Economists say the figures, showing a decline in net enrolment numbers, cannot be used for any correlation as the picture is complicated",
      "url": "https://www.thehindu.com/news/national/epfo-data-not-the-right-gauge-of-employment-level/article24764207.ece",
      "urlToImage": "https://www.thehindu.com/news/national/q0qsyr/article24764206.ece/ALTERNATES/LANDSCAPE_615/TH24epfocol",
      "publishedAt": "2018-08-23T19:16:01Z",
      "content": "The recent downward revision in the Employees’ Provident Fund Organisation data for September-June does not imply a decrease in formal sector employment, according to labour economists, who add that there are several problems with the EPFO data and caution ag… [+2744 chars]",
      "fileName": "EPFO data not the right gauge of employment level",
      "createdon": "2018-09-20T05:20:35.836Z",
      "md5": "b30544fd8ddd3eb665d181515d35a9b6",
      "text": "Economists say the figures, showing a decline in net enrolment numbers, cannot be used for any correlation as the picture is complicated"
}