{
      "source": {
            "id": null,
            "name": "Firstcoastnews.com"
      },
      "author": "Mike Snider, USA TODAY",
      "title": "Facebook, NYU team up to try to make MRI scans 10 times faster through artificial intelligence - FirstCoastNews.com WTLV-WJXX",
      "description": "FirstCoastNews.com WTLV-WJXX Facebook, NYU team up to try to make MRI scans 10 times faster through artificial intelligence FirstCoastNews.com WTLV-WJXX Facebook is working with the NYU School of Medicine to shorten the length of time patients must spend in M…",
      "url": "https://www.firstcoastnews.com/article/news/nation-now/facebook-nyu-team-up-to-try-to-make-mri-scans-10-times-faster-through-artificial-intelligence/465-00dc57b3-2d37-4bb0-8d2b-ff3fb72efcb1",
      "urlToImage": "https://media.firstcoastnews.com/assets/GANNETT/images/962412d5-3282-49e3-9455-89ab78b635cc/962412d5-3282-49e3-9455-89ab78b635cc_1140x641.jpg",
      "publishedAt": "2018-08-21T12:48:00Z",
      "content": "Facebook is working with the NYU School of Medicine to shorten the length of time patients must spend in MRI scanners. Facebook's Artificial Intelligence Research (FAIR) group and the medical school's radiology department are investigating whether artificial … [+3033 chars]",
      "fileName": "Facebook NYU team up to try to make MRI scans 10 times faster through artificial intelligence FirstCoastNews com WTLV WJXX",
      "createdon": "2018-09-20T05:15:12.969Z",
      "md5": "487de16b022306210c44bed0adb0b178",
      "text": "FirstCoastNews.com WTLV-WJXX Facebook, NYU team up to try to make MRI scans 10 times faster through artificial intelligence FirstCoastNews.com WTLV-WJXX Facebook is working with the NYU School of Medicine to shorten the length of time patients must spend in M…"
}