{
      "source": {
            "id": "reuters",
            "name": "Reuters"
      },
      "author": "Saqib Iqbal Ahmed",
      "title": "As Tesla shares fall, Amazon takes over as most shorted U.S. stock",
      "description": "With Tesla Inc's shares briefly dipping below the $300 level on Thursday, the electric carmaker ceded its seat as the most shorted U.S. stock to Amazon.com Inc , according to data from financial technology and analytics firm S3 Partners.",
      "url": "https://www.reuters.com/article/us-tesla-stock-shortsellers/as-tesla-shares-fall-amazon-takes-over-as-most-shorted-u-s-stock-idUSKCN1LF2KL",
      "urlToImage": "https://s4.reutersmedia.net/resources/r/?m=02&d=20180830&t=2&i=1299072197&w=1200&r=LYNXNPEE7T1LY",
      "publishedAt": "2018-08-30T20:53:45Z",
      "content": "NEW YORK (Reuters) - With Tesla Inc’s ( TSLA.O ) shares briefly dipping below the $300 level on Thursday, the electric carmaker ceded its seat as the most shorted U.S. stock to Amazon.com Inc ( AMZN.O ), according to data from financial technology and analyti… [+2276 chars]",
      "fileName": "As Tesla shares fall Amazon takes over as most shorted U S stock",
      "createdon": "2018-09-20T05:21:07.307Z",
      "md5": "a180fd40fd44f465db4a0a0bd88fabfc",
      "text": "With Tesla Inc's shares briefly dipping below the $300 level on Thursday, the electric carmaker ceded its seat as the most shorted U.S. stock to Amazon.com Inc , according to data from financial technology and analytics firm S3 Partners."
}