{
      "source": {
            "id": null,
            "name": "Forbes.com"
      },
      "author": "Workday Contributor, Workday, Workday Contributor, Workday https://www.forbes.com/sites/workday/people/workdaycontributor/",
      "title": "Workday BrandVoice: The Top Three Challenges Global Companies Face, and How to Solve Them",
      "description": "Global companies are grappling with increased complexities and challenges, especially as they expand into new markets. Here’s a look at three significant sources of those challenges, and how leveraging advances in financial systems and a single source of trut…",
      "url": "https://www.forbes.com/sites/workday/2018/09/13/the-top-three-challenges-global-companies-face-and-how-to-solve-them/",
      "urlToImage": "https://thumbor.forbes.com/thumbor/600x315/https%3A%2F%2Fspecials-images.forbesimg.com%2Fimageserve%2F5b9aaf5431358e5690ccefb1%2F960x0.jpg",
      "publishedAt": "2018-09-13T19:41:16Z",
      "content": "By Christy Sasser, Staff Writer, Workday Managing a global organization has become increasingly complex. Companies are grappling with constant change—from strengthening economic activity in emerging markets, to the rise of economic nationalism, to increasing … [+17643 chars]",
      "fileName": "Workday BrandVoice The Top Three Challenges Global Companies Face and How to Solve Them",
      "createdon": "2018-09-20T05:21:16.645Z",
      "md5": "6048ee8c60eb47399acc537065a338b8",
      "text": "Global companies are grappling with increased complexities and challenges, especially as they expand into new markets. Here’s a look at three significant sources of those challenges, and how leveraging advances in financial systems and a single source of trut…"
}