{
      "source": {
            "id": null,
            "name": "Insightsonindia.com"
      },
      "author": "InsightsIAS",
      "title": "SECURE SYNOPSIS: 10 SEPTEMBER 2018",
      "description": "SECURE SYNOPSIS: 10 SEPTEMBER 2018 NOTE: Please remember that following ‘answers’ are NOT ‘model answers’. They are NOT synopsis too if we go by definition of the term. What we are providing is content that both meets demand of the question and at the same ti…",
      "url": "http://www.insightsonindia.com/2018/09/18/secure-synopsis-10-september-2018/",
      "urlToImage": "http://www.insightsonindia.com/wp-content/uploads/2015/09/cropped-cropped-FullSizeRender-6.jpg",
      "publishedAt": "2018-09-18T07:41:42Z",
      "content": "SECURE SYNOPSIS: 10 SEPTEMBER 2018 NOTE: Please remember that following ‘answers’ are NOT ‘model answers’. They are NOT synopsis too if we go by definition of the term. What we are providing is content that both meets demand of the question and at the same ti… [+56649 chars]",
      "fileName": "SECURE SYNOPSIS 10 SEPTEMBER 2018",
      "createdon": "2018-09-20T05:23:27.550Z",
      "md5": "1d7740736c9a8ba19bb077e9eeb84ff1",
      "text": "SECURE SYNOPSIS: 10 SEPTEMBER 2018 NOTE: Please remember that following ‘answers’ are NOT ‘model answers’. They are NOT synopsis too if we go by definition of the term. What we are providing is content that both meets demand of the question and at the same ti…"
}