{
      "source": {
            "id": null,
            "name": "Hootsuite.com"
      },
      "author": "Kaylynn Chong",
      "title": "5 Brands Doing Cool Things on Social and What You Can Learn From Them",
      "description": "Splash. That’s the sound of the brands that push the envelope when it comes to social media marketing. While great campaigns deserve recognition, they likewise teach us a... Read More The post 5 Brands Doing Cool Things on Social and What You Can Learn From T…",
      "url": "https://blog.hootsuite.com/brands-doing-cool-things-on-social/?lang=en",
      "urlToImage": "https://blog-assets.hootsuite.com/wp-content/uploads/2017/01/brands-doing-cool-things-940x470.jpg",
      "publishedAt": "2018-09-06T21:30:12Z",
      "content": "Splash. That’s the sound of the brands that push the envelope when it comes to social media marketing. While great campaigns deserve recognition, they likewise teach us a little bit more about innovation and creativity in the digital world. Bonus: Download a … [+6595 chars]",
      "fileName": "5 Brands Doing Cool Things on Social and What You Can Learn From Them",
      "createdon": "2018-09-20T05:21:18.722Z",
      "md5": "6c0d3f4a5dbb0169dfd8d0aed32dc0df",
      "text": "Splash. That’s the sound of the brands that push the envelope when it comes to social media marketing. While great campaigns deserve recognition, they likewise teach us a... Read More The post 5 Brands Doing Cool Things on Social and What You Can Learn From T…"
}