{
      "source": {
            "id": null,
            "name": "Diyphotography.net"
      },
      "author": "John Aldred",
      "title": "Don’t want to be in this festival’s photographs? Then put a red dot on your head",
      "description": "The whole issue of privacy in a public place seems to keep coming up. People want their privacy, I get that. But they want it in public places, where everybody else can see. While privacy advocates might object to cameras being pointed anywhere near their gen…",
      "url": "https://www.diyphotography.net/dont-want-to-be-in-this-festivals-photographs-then-put-a-red-dot-on-your-head/",
      "urlToImage": "https://s23527.pcdn.co/wp-content/uploads/2018/08/red-dot-festival.jpg.optimal.jpg",
      "publishedAt": "2018-08-20T15:22:26Z",
      "content": "The whole issue of privacy in a public place seems to keep coming up. People want their privacy, I get that. But they want it in public places, where everybody else can see. While privacy advocates might object to cameras being pointed anywhere near their gen… [+1786 chars]",
      "fileName": "Don t want to be in this festival s photographs Then put a red dot on your head",
      "createdon": "2018-09-20T05:20:37.821Z",
      "md5": "a97b4742f5b58a7b89e3dbe4cdf49a4a",
      "text": "The whole issue of privacy in a public place seems to keep coming up. People want their privacy, I get that. But they want it in public places, where everybody else can see. While privacy advocates might object to cameras being pointed anywhere near their gen…"
}