{
      "source": {
            "id": "techcrunch",
            "name": "TechCrunch"
      },
      "author": "Brian Heater",
      "title": "Fitbit targets employers and health plans with Care",
      "description": "When it launched the Versa back in March, Fitbit also announced plans to pivot. While the company will continue to operate in consumer hardware, it’s also shifting much of its focus toward healthcare. A month earlier, the company had acquired Twine, a platfor…",
      "url": "http://techcrunch.com/2018/09/19/fitbit-targets-employers-and-health-plans-with-care/",
      "urlToImage": "https://techcrunch.com/wp-content/uploads/2018/03/fitbit4.jpg?w=711",
      "publishedAt": "2018-09-19T18:43:28Z",
      "content": "When it launched the Versa back in March, Fitbit also announced plans to pivot. While the company will continue to operate in consumer hardware, it’s also shifting much of its focus toward healthcare. A month earlier, the company had acquired Twine, a platfor… [+1379 chars]",
      "fileName": "Fitbit targets employers and health plans with Care",
      "createdon": "2018-09-20T05:20:23.312Z",
      "md5": "6924d84bff83b85111b1cbfbc6c8e8e8",
      "text": "When it launched the Versa back in March, Fitbit also announced plans to pivot. While the company will continue to operate in consumer hardware, it’s also shifting much of its focus toward healthcare. A month earlier, the company had acquired Twine, a platfor…"
}