{
      "source": {
            "id": null,
            "name": "Fooddive.com"
      },
      "author": "Krishna Thakker",
      "title": "Hershey shares digital growth plan",
      "description": "The confectionary and snack company has laid out its strategy to integrate e-commerce into its in-store programs.",
      "url": "https://www.fooddive.com/news/hershey-shares-digital-growth-strategy-but-is-action-coming-soon/531307/",
      "urlToImage": "https://www.retaildive.com/user_media/cache/f7/05/f705c55fbb5a4d7983bb6158bf8ae32d.jpg",
      "publishedAt": "2018-08-30T14:53:00Z",
      "content": "Dive Brief: Hershey shared a glimpse into its digital growth strategy at its Analyst Event held at its Global Customer Innovation Center in Hershey, Pennsylvania. A large focus for the company will be incorporating its digital growth into in-store programs. T… [+3573 chars]",
      "fileName": "Hershey shares digital growth plan",
      "createdon": "2018-09-20T05:21:56.238Z",
      "md5": "cce641df6110b9a98ad2831e940c7563",
      "text": "The confectionary and snack company has laid out its strategy to integrate e-commerce into its in-store programs."
}