{
      "source": {
            "id": null,
            "name": "Forbes.com"
      },
      "author": "Adrian Swinscoe, Contributor, Adrian Swinscoe, Contributor https://www.forbes.com/sites/adrianswinscoe/",
      "title": "Is Powered By Humans Becoming A Thing?",
      "description": "Many customers as a result, of the advancement of digitization and automation are now starting to demand services, advice and experiences that are delivered by human beings instead of by machines or software. Is it set to become a thing? T-Mobile believes it …",
      "url": "https://www.forbes.com/sites/adrianswinscoe/2018/08/28/is-powered-by-humans-becoming-a-thing/",
      "urlToImage": "https://thumbor.forbes.com/thumbor/600x315/https%3A%2F%2Fspecials-images.forbesimg.com%2Fdam%2Fimageserve%2Fc50c22896a454391bfda9bcd18c0f058%2F960x0.jpg%3Ffit%3Dscale",
      "publishedAt": "2018-08-28T10:16:00Z",
      "content": "Rohit Bhargava has been publishing his annual Non-Obvious Trend Report since 2011. Rather than trying to compete with the normal avalanche of predictions that emerge at the end of every year, Rohit has developed a method where he and his team uncover and shar… [+6080 chars]",
      "fileName": "Is Powered By Humans Becoming A Thing",
      "createdon": "2018-09-20T05:22:55.317Z",
      "md5": "2cd36db5135a06b0b53e8e7c018b6e2a",
      "text": "Many customers as a result, of the advancement of digitization and automation are now starting to demand services, advice and experiences that are delivered by human beings instead of by machines or software. Is it set to become a thing? T-Mobile believes it …"
}