{
      "source": {
            "id": null,
            "name": "Finextra.com"
      },
      "author": "Editorial Team",
      "title": "Mitek CEO Jim DeBello 5o leave",
      "description": "Mitek Systems, Inc. (NASDAQ: MITK, www.miteksystems.com), a global leader in mobile capture and digital identity verification solutions, announced today that its CEO, Jim DeBello, will be transitioning out of his role at the Company.",
      "url": "https://www.finextra.com/pressarticle/75199/mitek-ceo-jim-debello-5o-leave?utm_medium=rss&utm_source=finextrafeed",
      "urlToImage": "https://www.finextra.com/finextra-images/site/toplogo/finextralogo.png",
      "publishedAt": "2018-08-28T14:04:00Z",
      "content": "Mr. DeBello’s departure will be effective January 1, 2019 to help facilitate an orderly transition. In addition, Bruce Hansen, Mitek’s lead independent director, will immediately assume the role of Chairman of the Board and will assist with the transition pro… [+2786 chars]",
      "fileName": "Mitek CEO Jim DeBello 5o leave",
      "createdon": "2018-09-20T05:22:02.211Z",
      "md5": "96e2c2b15638b55a4909b637474d18c2",
      "text": "Mitek Systems, Inc. (NASDAQ: MITK, www.miteksystems.com), a global leader in mobile capture and digital identity verification solutions, announced today that its CEO, Jim DeBello, will be transitioning out of his role at the Company."
}