{
      "source": {
            "id": "techcrunch",
            "name": "TechCrunch"
      },
      "author": "Romain Dillet",
      "title": "iOS 12 is now available to download",
      "description": "Apple has just released the final version of iOS 12. This update is all about making your phone work better — and there are also a bunch of new features. The update is currently rolling out and is available both over-the-air in the Settings app, and by pluggi…",
      "url": "http://techcrunch.com/2018/09/17/ios-12-is-now-available-to-download/",
      "urlToImage": "https://techcrunch.com/wp-content/uploads/2018/09/iOS-12.jpg?w=748",
      "publishedAt": "2018-09-17T17:04:39Z",
      "content": "Apple has just released the final version of iOS 12. This update is all about making your phone work better — and there are also a bunch of new features. The update is currently rolling out and is available both over-the-air in the Settings app, and by pluggi… [+2551 chars]",
      "fileName": "iOS 12 is now available to download",
      "createdon": "2018-09-20T05:20:23.358Z",
      "md5": "31aad9fa6258ff865132e71b4b1bd7f9",
      "text": "Apple has just released the final version of iOS 12. This update is all about making your phone work better — and there are also a bunch of new features. The update is currently rolling out and is available both over-the-air in the Settings app, and by pluggi…"
}