{
      "source": {
            "id": "the-next-web",
            "name": "The Next Web"
      },
      "author": "Tristan Greene",
      "title": "This neural network lets you build and evolve little AI creatures",
      "description": "The magic of artificial intelligence brings us better Netflix recommendations, better cancer diagnoses, and the ability to becomes gods by creating our own AI-powered creatures and forcing them to evolve for our amusement. So, about those Netflix recommendati…",
      "url": "https://thenextweb.com/?p=1149365",
      "urlToImage": "https://cdn0.tnwcdn.com/wp-content/blogs.dir/1/files/2018/09/tnwAIevolve-social.jpg",
      "publishedAt": "2018-09-06T18:22:31Z",
      "content": "The magic of artificial intelligence brings us better Netflix recommendations, better cancer diagnoses, and the ability to becomes gods by creating our own AI-powered creatures and forcing them to evolve for our amusement. So, about those Netflix recommendati… [+2071 chars]",
      "fileName": "This neural network lets you build and evolve little AI creatures",
      "createdon": "2018-09-20T05:14:59.129Z",
      "md5": "b1c17d74c6d523b52380fbbc218fae34",
      "text": "The magic of artificial intelligence brings us better Netflix recommendations, better cancer diagnoses, and the ability to becomes gods by creating our own AI-powered creatures and forcing them to evolve for our amusement. So, about those Netflix recommendati…"
}