{
      "source": {
            "id": "reuters",
            "name": "Reuters"
      },
      "author": "Reuters Editorial",
      "title": "Zimbabwe's Mnangagwa names team to probe soldiers role in post-election violence",
      "description": "Zimbabwe's President Emmerson Mnangagwa on Wednesday named a commission including a South African ex-president and a British human rights lawyer to investigate the death of six people in an army crackdown on post-election protests early this month.",
      "url": "https://www.reuters.com/article/us-zimbabwe-politics/zimbabwes-mnangagwa-names-team-to-probe-soldiers-role-in-post-election-violence-idUSKCN1LE237",
      "urlToImage": "https://s3.reutersmedia.net/resources/r/?m=02&d=20180829&t=2&i=1298657347&w=1200&r=LYNXNPEE7S18L",
      "publishedAt": "2018-08-29T16:21:02Z",
      "content": "HARARE (Reuters) - Zimbabwe’s President Emmerson Mnangagwa on Wednesday named a commission including a South African ex-president and a British human rights lawyer to investigate the death of six people in an army crackdown on post-election protests early thi… [+1923 chars]",
      "fileName": "Zimbabwe s Mnangagwa names team to probe soldiers role in post election violence",
      "createdon": "2018-09-21T02:09:08.879Z",
      "md5": "4b352e1b757feaa7cec24408c9954633",
      "text": "Zimbabwe's President Emmerson Mnangagwa on Wednesday named a commission including a South African ex-president and a British human rights lawyer to investigate the death of six people in an army crackdown on post-election protests early this month."
}