{
      "source": {
            "id": "business-insider",
            "name": "Business Insider"
      },
      "author": "Joe Ciolli",
      "title": "10 things you need to know before the opening bell",
      "description": "Here is what you need to know. Alibaba's Jack Ma says he'll step down as chairman in September 2019. In accordance with succession plans previously announced by the company, Ma will be succeeded by Daniel Zhang, the company's CEO. Volvo has postponed its plan…",
      "url": "https://markets.businessinsider.com/news/stocks/opening-bell-september-10-2018-9-1027520639",
      "urlToImage": "https://static5.businessinsider.com/image/5b965c082be4ab1c008b5c84-2400/gettyimages-545161920.jpg",
      "publishedAt": "2018-09-10T11:58:06Z",
      "content": "Getty / Drew Angerer Here is what you need to know. Alibaba's Jack Ma says he'll step down as chairman in September 2019. In accordance with succession plans previously announced by the company, Ma will be succeeded by Daniel Zhang, the company's CEO. Volvo h… [+1754 chars]",
      "fileName": "10 things you need to know before the opening bell",
      "createdon": "2018-09-20T05:20:31.653Z",
      "md5": "b1d0f2be4e2882b091fe3992c5058381",
      "text": "Here is what you need to know. Alibaba's Jack Ma says he'll step down as chairman in September 2019. In accordance with succession plans previously announced by the company, Ma will be succeeded by Daniel Zhang, the company's CEO. Volvo has postponed its plan…"
}