{
      "source": {
            "id": null,
            "name": "Gigaom.com"
      },
      "author": "Byron Reese",
      "title": "Voices in AI – Episode 65: A Conversation with Luciano Floridi",
      "description": "About this Episode Episode 65 of Voices in AI features host Byron Reese and Luciano Floridi discuss ethics, information, AI and govermen...",
      "url": "https://gigaom.com/2018/08/30/voices-in-ai-episode-65-a-conversation-with-luciano-floridi/",
      "urlToImage": "https://gigaom.com/wp-content/uploads/sites/1/2018/08/luciano-floridi-resize-680x426.jpeg",
      "publishedAt": "2018-08-30T12:00:17Z",
      "content": "Sponsored by Today's leading minds talk AI with host Byron Reese About this Episode Episode 65 of Voices in AI features host Byron Reese and Luciano Floridi discuss ethics, information, AI and goverment monitoring. They also dig into Luciano’s new book “The F… [+7512 chars]",
      "fileName": "Voices in AI Episode 65 A Conversation with Luciano Floridi",
      "createdon": "2018-09-20T05:15:03.336Z",
      "md5": "ff167b78df6aa2e06bab44da4afa685b",
      "text": "About this Episode Episode 65 of Voices in AI features host Byron Reese and Luciano Floridi discuss ethics, information, AI and govermen..."
}