{
      "source": {
            "id": null,
            "name": "Thedrum.com"
      },
      "author": "Bennett Bennett",
      "title": "P&G praises ex-Nestle digital chief Pete Blackshaw on leading startup hub Cintrifuse",
      "description": "Cintrifuse, a Cincinnati, Ohio based startup and entrepreneur community, has named former Nestle head Pete Blackshaw its chief executive officer. Blackshaw has left his most recent post as Nestle’s global head of digital and social, where he led the brand’s d…",
      "url": "http://www.thedrum.com/news/2018/08/23/pg-praises-ex-nestle-digital-chief-pete-blackshaw-leading-startup-hub-cintrifuse",
      "urlToImage": "http://media-assets-03.thedrum.com/cache/images/thedrum-prod/s3-news-tmp-136481-pete_blackshaw_cintrifuge--default--1024.png",
      "publishedAt": "2018-08-23T19:43:00Z",
      "content": "Cintrifuse, a Cincinnati, Ohio based startup and entrepreneur community, has named former Nestle head Pete Blackshaw its chief executive officer. Blackshaw has left his most recent post as Nestle’s global head of digital and social, where he led the brand’s d… [+1803 chars]",
      "fileName": "P G praises ex Nestle digital chief Pete Blackshaw on leading startup hub Cintrifuse",
      "createdon": "2018-09-20T05:22:00.466Z",
      "md5": "e0225de1d95419a735c791b63003a16f",
      "text": "Cintrifuse, a Cincinnati, Ohio based startup and entrepreneur community, has named former Nestle head Pete Blackshaw its chief executive officer. Blackshaw has left his most recent post as Nestle’s global head of digital and social, where he led the brand’s d…"
}