{
      "source": {
            "id": null,
            "name": "Boingboing.net"
      },
      "author": "Cory Doctorow",
      "title": "Puerto Rico is a tax-haven for rich mainlanders and is also too broke to survive hurricanes: are these facts possibly related, somehow?",
      "description": "Since the US conquered Puerto Rico in the Spanish-American war, it has treated the island as a playground for the rich, with all kinds of sweetheart tax-deals and regulatory exemptions that lured some industry and some rich people to the island, but which kep…",
      "url": "https://boingboing.net/2018/09/20/hurricane-capitalism.html",
      "urlToImage": "https://media.boingboing.net/wp-content/uploads/2018/09/2560px-Flag_of_Puerto_Rico.svg_.png.jpg",
      "publishedAt": "2018-09-20T19:01:33Z",
      "content": "Since the US conquered Puerto Rico in the Spanish-American war, it has treated the island as a playground for the rich, with all kinds of sweetheart tax-deals and regulatory exemptions that lured some industry and some rich people to the island, but which kep… [+5682 chars]",
      "fileName": "Puerto Rico is a tax haven for rich mainlanders and is also too broke to survive hurricanes are these facts possibly related somehow",
      "createdon": "2018-09-21T02:09:07.047Z",
      "md5": "6da4aaaadf941f8712c4e0ffcafdc5f6",
      "text": "Since the US conquered Puerto Rico in the Spanish-American war, it has treated the island as a playground for the rich, with all kinds of sweetheart tax-deals and regulatory exemptions that lured some industry and some rich people to the island, but which kep…"
}