{
      "source": {
            "id": null,
            "name": "Realclearpolitics.com"
      },
      "author": "Yuval Harari, The Atlantic",
      "title": "Why Technology Favors Tyranny",
      "description": "Yuval Harari, The Atlantic Artificial intelligence could erase many practical advantages of democracy, and erode the ideals of liberty and equality. It will further concentrate power among a small elite if we don’t take steps to stop it.",
      "url": "https://www.realclearpolitics.com/2018/08/31/why_technology_favors_tyranny_452090.html",
      "urlToImage": "https://assets.realclear.com/images/45/457186_5_.jpg",
      "publishedAt": "2018-08-31T20:24:48Z",
      "content": "Artificial intelligence could erase many practical advantages of democracy, and erode the ideals of liberty and equality. It will further concentrate power among a small elite if we don’t take steps to stop it. Read Full Article »",
      "fileName": "Why Technology Favors Tyranny",
      "createdon": "2018-09-20T05:15:14.781Z",
      "md5": "1dfbe289c00d6d2ac695861b8766d54f",
      "text": "Yuval Harari, The Atlantic Artificial intelligence could erase many practical advantages of democracy, and erode the ideals of liberty and equality. It will further concentrate power among a small elite if we don’t take steps to stop it."
}