{
      "source": {
            "id": null,
            "name": "Medium.com"
      },
      "author": "George",
      "title": "Stop future proofing software",
      "description": "Or start doing it the right way",
      "url": "https://medium.com/@george3d6/stop-future-proofing-software-c984cbd65e78",
      "urlToImage": "https://cdn-images-1.medium.com/max/1200/1*ijAQkyfaEKiThsDhtilPpw.jpeg",
      "publishedAt": "2018-09-02T17:20:49Z",
      "content": "If I can point to a singular idea that kills more products than any other, it’s future proofing. Future proofing software comes in many flavors, however, most cases of future proofing follow the same pattern. We need {X}, despite {Y} being a much easier alter… [+10728 chars]",
      "fileName": "Stop future proofing software",
      "createdon": "2018-09-20T05:20:41.637Z",
      "md5": "a3b7d044e9afbd1f599ab93db04d1dc8",
      "text": "Or start doing it the right way"
}