{
      "source": {
            "id": null,
            "name": "Geospatialworld.net"
      },
      "author": null,
      "title": "Integration of Machine Learning and Deep Learning with GIS - the new paradigm",
      "description": "Machine Learning, Deep Learning and AI are increasingly being used along with GIS for a number of purposes.",
      "url": "https://www.geospatialworld.net/blogs/integration-of-machine-learning-and-deep-learning-with-gis-the-new-paradigm/",
      "urlToImage": "https://geospatialmedia.s3.amazonaws.com/wp-content/uploads/2018/09/Conf-IMG2.jpg",
      "publishedAt": "2018-09-11T23:25:00Z",
      "content": "Machine Learning, Deep Learning and AI are increasingly being used along with GIS for a number of purposes. Integrating Machine Learning algorithms with ArcGIS provides better and more optimum results in less time. Satellite images are of different resolution… [+3204 chars]",
      "fileName": "Integration of Machine Learning and Deep Learning with GIS the new paradigm",
      "createdon": "2018-09-20T05:25:13.292Z",
      "md5": "2f8c42e57a5980284a4410ef86e10bb9",
      "text": "Machine Learning, Deep Learning and AI are increasingly being used along with GIS for a number of purposes."
}