{
      "source": {
            "id": null,
            "name": "Thehindubusinessline.com"
      },
      "author": "Rohit Sathe",
      "title": "A technology leap for India @72",
      "description": "Tools such as Robotics and Artificial intelligence can widen healthcare’s reach",
      "url": "https://www.thehindubusinessline.com/specials/pulse/a-technology-leap-for-india-72/article24834387.ece",
      "urlToImage": "https://www.thehindubusinessline.com/specials/pulse/javats/article24834385.ece/ALTERNATES/LANDSCAPE_615/Bl01PulseRohitSathejpg",
      "publishedAt": "2018-08-31T15:35:17Z",
      "content": "Imagine this. Neelamma, an 80-year-old widow, lives alone in a remote village and her children work away from home. She collapses in the market. Will she get the care she needs within the golden hour? Now, if that village has leveraged healthcare technology, … [+4017 chars]",
      "fileName": "A technology leap for India 72",
      "createdon": "2018-09-20T05:23:35.389Z",
      "md5": "806d8b48d7c3913661aa1915dc7ce7e3",
      "text": "Tools such as Robotics and Artificial intelligence can widen healthcare’s reach"
}