{
      "source": {
            "id": null,
            "name": "Linuxtoday.com"
      },
      "author": null,
      "title": "Artificial intelligence: The king of disruptors",
      "description": "How to help IT teams prepare for, and benefit from, artificial intelligence tools",
      "url": "https://www.linuxtoday.com/high_performance/artificial-intelligence-the-king-of-disruptors-180917095511.html",
      "urlToImage": null,
      "publishedAt": "2018-09-18T19:00:00Z",
      "content": null,
      "fileName": "Artificial intelligence The king of disruptors",
      "createdon": "2018-09-20T05:15:03.442Z",
      "md5": "debc719b85fd2cd74e79b361c06da423",
      "text": "How to help IT teams prepare for, and benefit from, artificial intelligence tools"
}