{
      "source": {
            "id": "mashable",
            "name": "Mashable"
      },
      "author": "Stan Schroeder",
      "title": "Elon Musk talks Neuralink, electric airplanes, smokes weed with Joe Rogan",
      "description": "Elon Musk, the multibillionaire CEO of Tesla and SpaceX, makes a ruckus with 280-character tweets, so is it smart to let him rant for two and a half hours on video? Well, we've just found out. Musk was a guest on Joe Rogan's podcast Thursday evening, and boy …",
      "url": "https://mashable.com/article/elon-musk-smokes-weed/",
      "urlToImage": "https://i.amz.mshcdn.com/pnDsJQFQUMXj79kL5fu8ABbegpI=/1200x630/2018%2F09%2F07%2Fc1%2F8bf2635c5d7b43f1ab94645ca8651bd8.df920.jpg",
      "publishedAt": "2018-09-07T14:14:31Z",
      "content": "Elon Musk, the multibillionaire CEO of Tesla and SpaceX, makes a ruckus with 280-character tweets, so is it smart to let him rant for two and a half hours on video? Well, we've just found out. Musk was a guest on Joe Rogan's podcast Thursday evening, and boy … [+5834 chars]",
      "fileName": "Elon Musk talks Neuralink electric airplanes smokes weed with Joe Rogan",
      "createdon": "2018-09-20T05:14:59.268Z",
      "md5": "60b9f4869296be28b9aa83efea917edc",
      "text": "Elon Musk, the multibillionaire CEO of Tesla and SpaceX, makes a ruckus with 280-character tweets, so is it smart to let him rant for two and a half hours on video? Well, we've just found out. Musk was a guest on Joe Rogan's podcast Thursday evening, and boy …"
}