{
      "source": {
            "id": null,
            "name": "Dzone.com"
      },
      "author": "Gary Eastwood",
      "title": "How to Implement Data Tracking When Building an App",
      "description": "Analytics forms a major part of the conceptual design of an app. Data tracking and collection for the purpose of analytics allows us to better update our app for consumer use. Data tracking is akin to the idea of feedback from a user. By collecting the data i…",
      "url": "https://dzone.com/articles/how-to-implement-data-tracking-when-building-an-ap",
      "urlToImage": "https://dz2cdn3.dzone.com/storage/article-thumb/10085498-thumb.jpg",
      "publishedAt": "2018-08-28T05:03:02Z",
      "content": "Analytics forms a major part of the conceptual design of an app. Data tracking and collection for the purpose of analytics allows us to better update our app for consumer use. Data tracking is akin to the idea of feedback from a user. By collecting the data i… [+4923 chars]",
      "fileName": "How to Implement Data Tracking When Building an App",
      "createdon": "2018-09-20T05:21:12.955Z",
      "md5": "cc1d956d356fedc528e0833abf32098c",
      "text": "Analytics forms a major part of the conceptual design of an app. Data tracking and collection for the purpose of analytics allows us to better update our app for consumer use. Data tracking is akin to the idea of feedback from a user. By collecting the data i…"
}