{
      "source": {
            "id": "time",
            "name": "Time"
      },
      "author": "Laignee Barron",
      "title": "Myanmar Sentences Two Reuters Reporters to Seven Years in Prison for Possessing ‘Official Secrets’",
      "description": "\"This is a dark moment and a deeply disappointing result\"",
      "url": "http://time.com/5375545/myanmar-reuters-reporters-convicted/",
      "urlToImage": "https://timedotcom.files.wordpress.com/2018/09/gettyimages-1019794982.jpg?quality=85",
      "publishedAt": "2018-09-03T04:40:14Z",
      "content": "Two reporters for the Reuters news agency were each sentenced to seven years in prison by a Myanmar court on Monday for possession of state secrets, a disquieting end to a trial that has lasted more than eight months and brought international censure upon the… [+8189 chars]",
      "fileName": "Myanmar Sentences Two Reuters Reporters to Seven Years in Prison for Possessing Official Secrets",
      "createdon": "2018-09-21T02:09:08.746Z",
      "md5": "273abf735961d09699ff4b620aad3a49",
      "text": "\"This is a dark moment and a deeply disappointing result\""
}