{
      "source": {
            "id": "techradar",
            "name": "TechRadar"
      },
      "author": "Harry Domanski",
      "title": "Samsung's cheaper Galaxy A phones will be first in line for new tech advances",
      "description": "An Interview with DJ Koh has revealed that Samsung will flip its strategy, bringing cutting-edge tech to its mid-range handsets.",
      "url": "https://www.techradar.com/news/samsungs-cheaper-galaxy-a-phones-will-be-first-in-line-for-new-tech-advances",
      "urlToImage": "https://cdn.mos.cms.futurecdn.net/pyYEwquZf7BCAHXMA8JYJn-1200-80.jpg",
      "publishedAt": "2018-09-04T01:38:25Z",
      "content": "While we’ve grown accustomed to cutting-edge tech landing with a manufacturer’s flagship phone, Samsung has announced that it will be flipping this plan on its head in a new strategy to boost sales. In a CNBC interview with Samsung’s president of mobile commu… [+1120 chars]",
      "fileName": "Samsung s cheaper Galaxy A phones will be first in line for new tech advances",
      "createdon": "2018-09-20T05:22:47.727Z",
      "md5": "152be38184f0a423856300783a8bf6a7",
      "text": "An Interview with DJ Koh has revealed that Samsung will flip its strategy, bringing cutting-edge tech to its mid-range handsets."
}