{
      "source": {
            "id": "business-insider",
            "name": "Business Insider"
      },
      "author": "Rosie Perper",
      "title": "The 10 most important things in the world right now",
      "description": "Hello! Here's what's happening on Tuesday. 1. US President Donald Trump slammed China with tariffs on $200 billion worth of goods. The move is seen as a major escalation of the US-China trade war, and China is expected to respond with more tariffs. 2. US Supr…",
      "url": "http://uk.businessinsider.com/the-10-most-important-things-in-the-world-right-now-september-18-2018-9",
      "urlToImage": "https://static.businessinsider.com/image/5ba0a5352badb911e017084f-750.jpg",
      "publishedAt": "2018-09-18T07:09:14Z",
      "content": null,
      "fileName": "The 10 most important things in the world right now",
      "createdon": "2018-09-21T02:09:07.013Z",
      "md5": "e5afd79f18aaff226a818b0052799e4a",
      "text": "Hello! Here's what's happening on Tuesday. 1. US President Donald Trump slammed China with tariffs on $200 billion worth of goods. The move is seen as a major escalation of the US-China trade war, and China is expected to respond with more tariffs. 2. US Supr…"
}