{
      "source": {
            "id": "business-insider",
            "name": "Business Insider"
      },
      "author": "Hilary Brueck",
      "title": "Cheese and yogurt may be better for you than milk, a new study found — here's why",
      "description": "Studies of more than 660,000 people suggest that not all dairy is created equal when it comes to effects on our health. People who eat cheese tend to live longer, but drinking a lot of milk can lead to slightly higher rates of coronary heart disease and death…",
      "url": "https://www.businessinsider.com/dairy-cheese-and-yogurt-health-benefits-2018-8",
      "urlToImage": "https://amp.businessinsider.com/images/5b85b7bde361c0243a8b4a78-2732-1366.jpg",
      "publishedAt": "2018-08-29T19:55:00Z",
      "content": "Cheese won't necessarily clog your arteries. iStock Eating cheese and yogurt may be linked to a longer life, researchers at the European Society of Cardiology Congress 2018 reported on Tuesday. The team, led by cholesterol expert Maciej Banach of the Medical … [+2775 chars]",
      "fileName": "Cheese and yogurt may be better for you than milk a new study found here s why",
      "createdon": "2018-09-20T05:20:29.651Z",
      "md5": "742cde6f1624257808952884f345230f",
      "text": "Studies of more than 660,000 people suggest that not all dairy is created equal when it comes to effects on our health. People who eat cheese tend to live longer, but drinking a lot of milk can lead to slightly higher rates of coronary heart disease and death…"
}