{
      "source": {
            "id": "the-hindu",
            "name": "The Hindu"
      },
      "author": "Bindu Shajan Perappadan",
      "title": "Vaccine-induced paralysis calls for action, says study",
      "description": "Frequency of pulse polio administration is directly or indirectly related to incidence of non-polio acute flaccid paralysis, say researchers",
      "url": "https://www.thehindu.com/news/cities/Delhi/vaccine-induced-paralysis-calls-for-action-says-study/article24740588.ece",
      "urlToImage": "https://www.thehindu.com/static/theme/default/base/img/og-image.jpg",
      "publishedAt": "2018-08-20T20:29:49Z",
      "content": "Over 4.9 lakh persons in India developed paralysis between 2000 and 2017 because of oral polio vaccine (OPV), say leading doctors in two reputed hospitals here. Jacob Puliyel, a paediatrician at St. Stephen’s Hospital, and his co-workers claim their study has… [+4566 chars]",
      "fileName": "Vaccine induced paralysis calls for action says study",
      "createdon": "2018-09-20T05:22:33.315Z",
      "md5": "47929e7a4caba23618a0fc80640280a1",
      "text": "Frequency of pulse polio administration is directly or indirectly related to incidence of non-polio acute flaccid paralysis, say researchers"
}