{
      "source": {
            "id": null,
            "name": "Yahoo.com"
      },
      "author": null,
      "title": "Nvidia Stock Climbs On AI-Based Upgrade: Time to Buy NVDA?",
      "description": "Shares of Nvidia (NVDA) surged over 2.6% Friday after the firm received a substantially higher price target that pointed to the semiconductor company's strength in artificial intelligence as a major reason to be optimistic. The question for investors is shoul…",
      "url": "https://finance.yahoo.com/news/nvidia-stock-climbs-ai-based-165504032.html",
      "urlToImage": "https://s.yimg.com/uu/api/res/1.2/gigZipdQvJar7_ddQMrikw--~B/aD0zNDg7dz02MjA7c209MTthcHBpZD15dGFjaHlvbg--/http://media.zenfs.com/en-US/homerun/zacks.com/d37fd0ba8f047461f84f6a2a096434fb",
      "publishedAt": "2018-09-14T16:55:04Z",
      "content": "Shares of Nvidia NVDA surged over 2.6% Friday after the firm received a substantially higher price target that pointed to the semiconductor company’s strength in artificial intelligence as a major reason to be optimistic. The question for investors is should … [+3202 chars]",
      "fileName": "Nvidia Stock Climbs On AI Based Upgrade Time to Buy NVDA",
      "createdon": "2018-09-20T05:15:12.726Z",
      "md5": "9802b520925f3f3502fcd43b34345b49",
      "text": "Shares of Nvidia (NVDA) surged over 2.6% Friday after the firm received a substantially higher price target that pointed to the semiconductor company's strength in artificial intelligence as a major reason to be optimistic. The question for investors is shoul…"
}