{
      "source": {
            "id": null,
            "name": "Dx.com"
      },
      "author": null,
      "title": "TX6 2-In-1 Wireless Bluetooth Audio Adapter Music Receiver Transmitter for TV Car Speaker - Black",
      "description": "SKU #: 589460, Price: CA$13.62 free shipping Color black Quantity 1 set Material ABS Shade Of Color Black Bluetooth Version Bluetooth V4.0 Operating Range 10 m Packing List 1 x Bluetooth Adapter Receiver Transmitter 1 x 3.5mm Audio Cable 1 x 1 to 2 Audio Cabl…",
      "url": "http://www.dx.com/p/tx6-2-in-1-wireless-bluetooth-audio-adapter-music-receiver-transmitter-for-tv-car-speaker-black-589460",
      "urlToImage": "//img.dxcdn.com/productimages/sku_589460_1.jpg",
      "publishedAt": "2018-08-29T04:22:39Z",
      "content": "Feature: 1. Embedded ARM926EJ-S core, 4KB lcache and 4kB Dcache. 2. Support stereo codec. 3. Support HFP, HSP, A2DP, AVRCP, and SPP configuration files. 4. Noise reduction and echo cancellation. 5. Multi band equalizer configuration. 6. Supporting data packet… [+1639 chars]",
      "fileName": "TX6 2 In 1 Wireless Bluetooth Audio Adapter Music Receiver Transmitter for TV Car Speaker Black",
      "createdon": "2018-09-20T05:22:25.210Z",
      "md5": "fcbc0d10b45dbf67876423c51708fd92",
      "text": "SKU #: 589460, Price: CA$13.62 free shipping Color black Quantity 1 set Material ABS Shade Of Color Black Bluetooth Version Bluetooth V4.0 Operating Range 10 m Packing List 1 x Bluetooth Adapter Receiver Transmitter 1 x 3.5mm Audio Cable 1 x 1 to 2 Audio Cabl…"
}