{
      "source": {
            "id": null,
            "name": "Euractiv.com"
      },
      "author": "Samuel Stolton",
      "title": "Commissioner Gabriel in Argentina for G20 ministerial meeting on digital economy",
      "description": "The EU's Digital Commissioner Mariya Gabriel will attend the G20 digital economy ministerial meeting in Salta, Argentina this week (23-24 August), with the aim of promoting the EU’s gender equality agenda in digital affairs.",
      "url": "https://www.euractiv.com/section/digital/news/commissioner-gabriel-in-argentina-for-g20-ministerial-meeting-on-digital-economy/",
      "urlToImage": "https://www.euractiv.com/wp-content/uploads/sites/2/2018/08/h_54290135-800x450.jpg",
      "publishedAt": "2018-08-23T15:13:22Z",
      "content": "The EU’s Digital Commissioner Mariya Gabriel will attend the G20 digital economy ministerial meeting in Salta, Argentina this week (23-24 August), with the aim of promoting the EU’s gender equality agenda in digital affairs. Pursuing gender equality in the di… [+1517 chars]",
      "fileName": "Commissioner Gabriel in Argentina for G20 ministerial meeting on digital economy",
      "createdon": "2018-09-20T05:21:58.355Z",
      "md5": "a8966c0258442e7118410b8263072ad2",
      "text": "The EU's Digital Commissioner Mariya Gabriel will attend the G20 digital economy ministerial meeting in Salta, Argentina this week (23-24 August), with the aim of promoting the EU’s gender equality agenda in digital affairs."
}