{
      "source": {
            "id": null,
            "name": "Phys.org"
      },
      "author": null,
      "title": "Big data is synergized by team and open science",
      "description": "For some time, \"big data\" has loomed large as a source of challenges and opportunities for science, but as yet, guidance on how to manage the data deluge has been wanting.",
      "url": "https://phys.org/news/2018-09-big-synergized-team-science.html",
      "urlToImage": "https://cf3e497594.site.internapcdn.net/tmpl/v5/img/phys_308px.png",
      "publishedAt": "2018-09-12T17:22:14Z",
      "content": "For some time, \"big data\" has loomed large as a source of challenges and opportunities for science, but as yet, guidance on how to manage the data deluge has been wanting. Writing in BioScience, Kendra Spence Cheruvelil and Patricia A. Soranno, both with Mich… [+2539 chars]",
      "fileName": "Big data is synergized by team and open science",
      "createdon": "2018-09-20T05:20:29.772Z",
      "md5": "9ddb42ddcc67950bc9ba05deb212300f",
      "text": "For some time, \"big data\" has loomed large as a source of challenges and opportunities for science, but as yet, guidance on how to manage the data deluge has been wanting."
}