{
      "source": {
            "id": null,
            "name": "Twobithistory.org"
      },
      "author": null,
      "title": "The Rise and Demise of RSS",
      "description": "An unabridged history of RSS' triumphs and failures.",
      "url": "https://twobithistory.org/2018/09/16/the-rise-and-demise-of-rss.html",
      "urlToImage": "https://twobithistory.org/images/logo.png",
      "publishedAt": "2018-09-17T01:35:52Z",
      "content": "There are two stories here. The first is a story about a vision of the web’s future that never quite came to fruition. The second is a story about how a collaborative effort to improve a popular standard devolved into one of the most contentious forks in the … [+24963 chars]",
      "fileName": "The Rise and Demise of RSS",
      "createdon": "2018-09-20T05:22:55.461Z",
      "md5": "90ccd9f5ad8310c6050f9779a29ba518",
      "text": "An unabridged history of RSS' triumphs and failures."
}