{
      "source": {
            "id": null,
            "name": "Slate.com"
      },
      "author": "Mallory Pickett, Mallory Pickett",
      "title": "Is Mass Surveillance the Future of Conservation?",
      "description": "The high seas are probably the most lawless place left on Earth. They’re a portal back in time to the way the world looked for most of our history: fierce and open competition for resources and contested territories. Pirating continues to be a way to make a l…",
      "url": "https://slate.com/technology/2018/09/overfishing-surveillance-birds-cameras-drones.html",
      "urlToImage": "https://compote.slate.com/images/4f5484e6-8092-4114-a29c-945508c0a234.jpeg?width=780&height=520&rect=1560x1040&offset=0x0",
      "publishedAt": "2018-09-17T11:30:06Z",
      "content": "You can just barely see the tracker on this bird spy’s back. Future Tense is a partnership of Slate, New America, and Arizona State University that examines emerging technologies, public policy, and society. The high seas are probably the most lawless place l… [+8452 chars]",
      "fileName": "Is Mass Surveillance the Future of Conservation",
      "createdon": "2018-09-20T05:20:29.862Z",
      "md5": "6796e8c301ed8e29749ce6c6ed19d8b8",
      "text": "The high seas are probably the most lawless place left on Earth. They’re a portal back in time to the way the world looked for most of our history: fierce and open competition for resources and contested territories. Pirating continues to be a way to make a l…"
}