{
      "source": {
            "id": null,
            "name": "Pcmag.com"
      },
      "author": "Angela Moscaritolo",
      "title": "Tumblr Bans Hate Speech, Glorification of Mass Shootings - PCMag",
      "description": "PCMag Tumblr Bans Hate Speech, Glorification of Mass Shootings PCMag Tumblr is cracking down on hate speech, artificial intelligence-powered pornography, and the glorification of mass shootings. The Oath-owned blogging platform on Monday announced several upd…",
      "url": "https://www.pcmag.com/news/363360/tumblr-bans-hate-speech-glorification-of-mass-shootings",
      "urlToImage": "https://assets.pcmag.com/media/images/458268-tumblr-tips.jpg?thumb=y&width=810&height=456",
      "publishedAt": "2018-08-27T20:12:37Z",
      "content": "Tumblr is cracking down on hate speech, artificial intelligence-powered pornography, and the glorification of mass shootings. The Oath-owned blogging platform on Monday announced several updates to its Community Guidelines slated to go into effect on Sept. 10… [+1873 chars]",
      "fileName": "Tumblr Bans Hate Speech Glorification of Mass Shootings PCMag",
      "createdon": "2018-09-20T05:15:16.722Z",
      "md5": "fe30e8a1f3fdd4eb1cddb12a47eff435",
      "text": "PCMag Tumblr Bans Hate Speech, Glorification of Mass Shootings PCMag Tumblr is cracking down on hate speech, artificial intelligence-powered pornography, and the glorification of mass shootings. The Oath-owned blogging platform on Monday announced several upd…"
}