{
      "source": {
            "id": null,
            "name": "Phoronix.com"
      },
      "author": null,
      "title": "More Vega 20 Enablement Heading To Linux 4.20~5.0, No Longer Marked Experimental",
      "description": "While the Linux 4.19 kernel merge window just ended this past weekend and the development cycle for Linux 4.20 (or most likely to be called Linux 5.0) won't kick off until around the middle of October, AMD has already begun staging a ton of changes for this n…",
      "url": "https://www.phoronix.com/scan.php?page=news_item&px=More-Vega-20-Enablement-Linux&utm_source=feedburner&utm_medium=feed&utm_campaign=Feed%3A+Phoronix+%28Phoronix%29",
      "urlToImage": null,
      "publishedAt": "2018-08-28T09:28:26Z",
      "content": "While the Linux 4.19 kernel merge window just ended this past weekend and the development cycle for Linux 4.20 (or most likely to be called Linux 5.0) won't kick off until around the middle of October, AMD has already begun staging a ton of changes for this n… [+1418 chars]",
      "fileName": "More Vega 20 Enablement Heading To Linux 4 20 5 0 No Longer Marked Experimental",
      "createdon": "2018-09-20T05:25:13.300Z",
      "md5": "8c9a32fd658fe263e72dd5f323d00ad5",
      "text": "While the Linux 4.19 kernel merge window just ended this past weekend and the development cycle for Linux 4.20 (or most likely to be called Linux 5.0) won't kick off until around the middle of October, AMD has already begun staging a ton of changes for this n…"
}