{
      "source": {
            "id": "the-guardian-au",
            "name": "The Guardian (AU)"
      },
      "author": "Australian Associated Press",
      "title": "'Devastated' Alex de Minaur defeated in five-set US Open epic by Marin Cilic",
      "description": "Cilic won 4-6 3-6 6-3 6-4 7-5 in a four-hour thriller Croatian trailed the Australian two sets to love Croatian powerhouse Marin Cilic has ended Alex de Minaur’s US Open run with an epic third-round comeback win over Australia’s teenage excitement machine. Ch…",
      "url": "https://www.theguardian.com/sport/2018/sep/02/devastated-alex-de-minaur-defeated-in-five-set-us-open-epic-by-marin-cilic",
      "urlToImage": "https://i.guim.co.uk/img/media/6b9180526184ffad2aa77f2a25903ebeed5e4a8d/0_13_5400_3240/master/5400.jpg?width=1200&height=630&quality=85&auto=format&usm=12&fit=crop&crop=faces%2Centropy&bm=normal&ba=bottom%2Cleft&blend64=aHR0cHM6Ly9hc3NldHMuZ3VpbS5jby51ay9pbWFnZXMvb3ZlcmxheXMvZDM1ODZhNWVmNTc4MTc1NmQyMWEzYjYzNWU1MTcxNDEvdGctZGVmYXVsdC5wbmc&s=aa366c20c48b76f7a3c6a0802a850a0d",
      "publishedAt": "2018-09-02T07:28:34Z",
      "content": "Croatian powerhouse Marin Cilic has ended Alex de Minaur’s US Open run with an epic third-round comeback win over Australia’s teenage excitement machine. Champion in New York in 2014, Cilic denied de Minaur a place in the last 16 with a gripping 4-6 3-6 6-3 6… [+2494 chars]",
      "fileName": "Devastated Alex de Minaur defeated in five set US Open epic by Marin Cilic",
      "createdon": "2018-09-20T05:25:07.450Z",
      "md5": "dcd6a896c06df271a9b374c08cbdd097",
      "text": "Cilic won 4-6 3-6 6-3 6-4 7-5 in a four-hour thriller Croatian trailed the Australian two sets to love Croatian powerhouse Marin Cilic has ended Alex de Minaur’s US Open run with an epic third-round comeback win over Australia’s teenage excitement machine. Ch…"
}