{
      "source": {
            "id": "techcrunch",
            "name": "TechCrunch"
      },
      "author": "Jonathan Shieber",
      "title": "Insight Venture Partners buys content management platform Episerver for $1.1 billion",
      "description": "Episerver, the Irvine, California-based company which provides services for marketers to manage content, was bought by Insight Venture Partners for a cool $1.1 billion from the private equity firm Accel-KKR. The company said it would use the money to fuel its…",
      "url": "http://techcrunch.com/2018/09/06/insight-venture-partners-buys-content-management-platform-episerver-for-1-1-billion/",
      "urlToImage": "https://techcrunch.com/wp-content/uploads/2016/03/angelmoney-e1458658630848.jpg?w=511",
      "publishedAt": "2018-09-06T12:32:52Z",
      "content": "Episerver, the Irvine, California-based company which provides services for marketers to manage content, was bought by Insight Venture Partners for a cool $1.1 billion from the private equity firm Accel-KKR. The company said it would use the money to fuel its… [+3143 chars]",
      "fileName": "Insight Venture Partners buys content management platform Episerver for 1 1 billion",
      "createdon": "2018-09-20T05:21:50.197Z",
      "md5": "0ffadd2cde163fa49f3709eef1031974",
      "text": "Episerver, the Irvine, California-based company which provides services for marketers to manage content, was bought by Insight Venture Partners for a cool $1.1 billion from the private equity firm Accel-KKR. The company said it would use the money to fuel its…"
}