{
      "source": {
            "id": "reuters",
            "name": "Reuters"
      },
      "author": "Reuters Editorial",
      "title": "Rights body and U.N. say Eritrea detains ex-minister who wrote critical books",
      "description": "Eritrea has arrested a former minister who wrote books critical of the country's leader, a rights group and a U.N. official said.",
      "url": "https://www.reuters.com/article/us-eritrea-politics/rights-body-and-u-n-say-eritrea-detains-ex-minister-who-wrote-critical-books-idUSKCN1LY2NV",
      "urlToImage": "https://s4.reutersmedia.net/resources_v2/images/rcom-default.png",
      "publishedAt": "2018-09-18T17:35:37Z",
      "content": "KAMPALA (Reuters) - Eritrea has arrested a former minister who wrote books critical of the country’s leader, a rights group and a U.N. official said. British-based rights body Human Rights Concern - Eritrea (HRCE) said Berhane Abrehe, minister from 2000 to 20… [+1908 chars]",
      "fileName": "Rights body and U N say Eritrea detains ex minister who wrote critical books",
      "createdon": "2018-09-20T05:08:29.877Z",
      "md5": "d460a472565ceb21d69c09b7b410b9fa",
      "text": "Eritrea has arrested a former minister who wrote books critical of the country's leader, a rights group and a U.N. official said."
}