{
      "source": {
            "id": "financial-times",
            "name": "Financial Times"
      },
      "author": null,
      "title": "Surging markets spark Federal Reserve debate over bank capital",
      "description": "Jay Powell faces calls for higher buffers even as Republicans make push for deregulation",
      "url": "https://www.ft.com/content/ec8e07ee-ab08-11e8-94bd-cba20d67390c",
      "urlToImage": "https://www.ft.com/__origami/service/image/v2/images/raw/http%3A%2F%2Fprod-upp-image-read.ft.com%2F031d8912-ab13-11e8-8253-48106866cd8a?source=next-opengraph&fit=scale-down&width=900",
      "publishedAt": "2018-08-29T04:13:19Z",
      "content": "Surging markets are stoking a debate in the Federal Reserve about whether the US central bank should fight the risk of financial instability by boosting big banks’ capital requirements — a move that would risk political blowback from Republicans eager to ease… [+5756 chars]",
      "fileName": "Surging markets spark Federal Reserve debate over bank capital",
      "createdon": "2018-09-20T05:08:30.109Z",
      "md5": "570cb4f8af19bed99454063bda4c1d8e",
      "text": "Jay Powell faces calls for higher buffers even as Republicans make push for deregulation"
}