{
      "source": {
            "id": null,
            "name": "Digitalcommerce360.com"
      },
      "author": "Achim Schneider",
      "title": "Winning the long game: Retail’s ‘how‑to’ guide for digital transformation",
      "description": "Both pure-play and omnichannel retailers have had to come to terms with a new playing field, new rules and a very long list of requirements in recent years. Digitalization demands that you understand both your current and next generation of customers, deliver…",
      "url": "https://www.digitalcommerce360.com/2018/08/29/winning-the-long-game-retails-how-to-guide-for-digital-transformation/",
      "urlToImage": "https://www.digitalcommerce360.com/wp-content/uploads/2018/08/retail-digital-transformation-1024x493.jpg",
      "publishedAt": "2018-08-29T20:33:48Z",
      "content": "Achim Schneider, global head of SAP’s retail business unit Both pure-play and omnichannel retailers have had to come to terms with a new playing field, new rules and a very long list of requirements in recent years. Digitalization demands that you understand … [+4829 chars]",
      "fileName": "Winning the long game Retail s how to guide for digital transformation",
      "createdon": "2018-09-20T05:22:00.506Z",
      "md5": "5bae48b31593c226b935552ebea56387",
      "text": "Both pure-play and omnichannel retailers have had to come to terms with a new playing field, new rules and a very long list of requirements in recent years. Digitalization demands that you understand both your current and next generation of customers, deliver…"
}