{
      "source": {
            "id": null,
            "name": "Forbes.com"
      },
      "author": "Enrique Dans, Contributor, Enrique Dans, Contributor https://www.forbes.com/sites/enriquedans/",
      "title": "Surveillance In Schools: Where Is This TakingUs?",
      "description": "Will technology improve learning and increase security, or will it lead to a dystopia that prepares young people for life in a goldfish bowl? What is the future of privacy if we normalize the use of all types of surveillance technologies during education?",
      "url": "https://www.forbes.com/sites/enriquedans/2018/08/23/surveillance-in-schools-where-is-this-taking-us/",
      "urlToImage": "https://thumbor.forbes.com/thumbor/600x315/https%3A%2F%2Fspecials-images.forbesimg.com%2Fdam%2Fimageserve%2F1152499676%2F960x0.jpg%3Ffit%3Dscale",
      "publishedAt": "2018-08-23T09:46:00Z",
      "content": "Share to facebook Share to twitter Share to linkedin What will the schools and educational institutions of the future be like? To judge from developments in the United States and China, probably beyond anything we could imagine. Signs are, we’re headed toward… [+8532 chars]",
      "fileName": "Surveillance In Schools Where Is This TakingUs",
      "createdon": "2018-09-20T05:21:20.532Z",
      "md5": "a4aabc084bfd29e2d8e218493ea4269f",
      "text": "Will technology improve learning and increase security, or will it lead to a dystopia that prepares young people for life in a goldfish bowl? What is the future of privacy if we normalize the use of all types of surveillance technologies during education?"
}