{
      "source": {
            "id": null,
            "name": "Ghacks.net"
      },
      "author": "Martin Brinkmann",
      "title": "CCleaner 5.46 ships with clearer privacy options",
      "description": "CCleaner 5.46 is now available; the new version promises better privacy options, clearer explanation of privacy-related features, and a data fact sheet that highlights what is collected and why. The past couple […] Ghacks needs you. You can find out how to su…",
      "url": "https://www.ghacks.net/2018/08/30/ccleaner-5-46-ships-with-clearer-privacy-options/",
      "urlToImage": "https://cdn.ghacks.net/wp-content/uploads/2018/08/ccleaner-5.46-privacy.png",
      "publishedAt": "2018-08-30T12:03:26Z",
      "content": "CCleaner 5.46 is now available; the new version promises better privacy options, clearer explanation of privacy-related features, and a data fact sheet that highlights what is collected and why. The past couple of months were rough for CCleaner, a popular pro… [+4410 chars]",
      "fileName": "CCleaner 5 46 ships with clearer privacy options",
      "createdon": "2018-09-20T05:21:11.009Z",
      "md5": "57ef5b1f78a35edde4c548f3e2a6d075",
      "text": "CCleaner 5.46 is now available; the new version promises better privacy options, clearer explanation of privacy-related features, and a data fact sheet that highlights what is collected and why. The past couple […] Ghacks needs you. You can find out how to su…"
}