{
      "source": {
            "id": null,
            "name": "Entrepreneur.com"
      },
      "author": "Michael Carter",
      "title": "Why Valuing Your Business Can Enhance Its Value",
      "description": "Valuing your company gives you insights into the strengths and weaknesses of the business.",
      "url": "https://www.entrepreneur.com/article/319484",
      "urlToImage": "https://assets.entrepreneur.com/content/3x2/2000/20180906215552-GettyImages-512056034.jpeg",
      "publishedAt": "2018-09-09T19:00:00Z",
      "content": "September 9, 2018 5 min read Opinions expressed by Entrepreneur contributors are their own. There are many reasons why having your business valued makes sense; whether it is to inform sale price negotiations, your financial planning or even succession plannin… [+5201 chars]",
      "fileName": "Why Valuing Your Business Can Enhance Its Value",
      "createdon": "2018-09-21T02:09:07.016Z",
      "md5": "7f5bd3f96e4c9c7f031c668e82544723",
      "text": "Valuing your company gives you insights into the strengths and weaknesses of the business."
}