{
      "source": {
            "id": null,
            "name": "Boingboing.net"
      },
      "author": "Cory Doctorow",
      "title": "Developers are worth more to tech companies than cash",
      "description": "Researchers from Stripe surveyed \"thousands of C-level executives and developers across five different countries\" and found that companies finding hiring qualified developers harder than anything else -- even raising cash (\"Access to developers is a bigger co…",
      "url": "https://boingboing.net/2018/09/07/developers-developers-develope-2.html",
      "urlToImage": "https://media.boingboing.net/wp-content/uploads/2018/09/source.gif",
      "publishedAt": "2018-09-07T18:35:52Z",
      "content": "Researchers from Stripe surveyed \"thousands of C-level executives and developers across five different countries\" and found that companies finding hiring qualified developers harder than anything else -- even raising cash (\"Access to developers is a bigger co… [+3477 chars]",
      "fileName": "Developers are worth more to tech companies than cash",
      "createdon": "2018-09-21T02:09:06.917Z",
      "md5": "573abcc04ba634ab5117e690fe1e24db",
      "text": "Researchers from Stripe surveyed \"thousands of C-level executives and developers across five different countries\" and found that companies finding hiring qualified developers harder than anything else -- even raising cash (\"Access to developers is a bigger co…"
}