{
      "source": {
            "id": null,
            "name": "Archdaily.com"
      },
      "author": "Piedad Rojas",
      "title": "Could You Live in 15 Square Meters of Space? SUMATORIA's 'Tiny Home' May Make You Think Otherwise",
      "description": "Casa FOA is one of the most important exhibitions for architecture, interior design, landscaping, and industry in Latin America. Chilean architects SUMATORIA were selected to represent their country in the 'Emerging Design of Miniature Housing,' or the Tiny H…",
      "url": "https://www.archdaily.com/900966/could-you-live-in-15-square-meters-of-space-sumatorias-tiny-home-may-make-you-think-otherwise",
      "urlToImage": "https://images.adsttc.com/media/images/5b7c/2f71/f197/ccd0/fb00/0059/large_jpg/Espacio_34_-_Ignacio_Uliarte_y_Jose_Vivanco_(4).jpg?1534865234",
      "publishedAt": "2018-08-30T06:30:00Z",
      "content": "Cortesía de Sumatoria Casa FOA is one of the most important exhibitions for architecture, interior design, landscaping, and industry in Latin America. Chilean architects SUMATORIA were selected to represent their country in the 'Emerging Design of Miniature H… [+2560 chars]",
      "fileName": "Could You Live in 15 Square Meters of Space SUMATORIA s Tiny Home May Make You Think Otherwise",
      "createdon": "2018-09-20T05:21:52.200Z",
      "md5": "76b09164cfdb4c4f85a2a2e9fb0c694e",
      "text": "Casa FOA is one of the most important exhibitions for architecture, interior design, landscaping, and industry in Latin America. Chilean architects SUMATORIA were selected to represent their country in the 'Emerging Design of Miniature Housing,' or the Tiny H…"
}