{
      "source": {
            "id": null,
            "name": "Dzone.com"
      },
      "author": "Tim Spann",
      "title": "IoT Edge Processing With Apache NiFi, MiniFi, and Multiple Deep Learning Libraries: Part 2",
      "description": "This article takes a look at a tutorial that gives an explanation of IoT Edge processing with Apache NiFi, MiniFi, and multiple Deep Learning libraries.",
      "url": "https://dzone.com/articles/iot-edge-processing-with-apache-nifi-minifi-and-mu",
      "urlToImage": "https://dz2cdn3.dzone.com/storage/article-thumb/10235074-thumb.jpg",
      "publishedAt": "2018-09-17T16:32:52Z",
      "content": "For: https://conferences.oreilly.com/strata/strata-ny/public/schedule/detail/68140 See Part 1 ! We had a lot of fun at the conference, with the looks of interesting things going on. There's an interesting new way to easily run TensorFlow on YARN! It's called … [+5321 chars]",
      "fileName": "IoT Edge Processing With Apache NiFi MiniFi and Multiple Deep Learning Libraries Part 2",
      "createdon": "2018-09-20T05:25:11.253Z",
      "md5": "75a78a4b9b136ab1000f402efd52f39d",
      "text": "This article takes a look at a tutorial that gives an explanation of IoT Edge processing with Apache NiFi, MiniFi, and multiple Deep Learning libraries."
}