{
      "source": {
            "id": null,
            "name": "Neowin.net"
      },
      "author": "News Staff",
      "title": "Beat the average price for this Total Python Machine Learning Bundle, or PWYW",
      "description": "See how today's AI innovations tick with 8 expert-led courses in this Total Python Machine Learning bundle. Beat the average price for all eight courses or Pay What You Want for the partial bundle. Read more...",
      "url": "https://www.neowin.net/news/beat-the-average-price-for-this-total-python-machine-learning-bundle-or-pwyw/",
      "urlToImage": "https://cdn.neow.in/news/images/uploaded/2017/10/1507794814_meow_story.jpg",
      "publishedAt": "2018-09-15T16:00:01Z",
      "content": "Today's highlighted offer comes via our Online Courses section of the Neowin Deals store, where for only a limited time you can Pay What You Want for the Total Python Machine Learning Bundle. See how today's AI innovations tick with eight expert-led courses. … [+3052 chars]",
      "fileName": "Beat the average price for this Total Python Machine Learning Bundle or PWYW",
      "createdon": "2018-09-20T05:25:09.181Z",
      "md5": "6d3ed44f6bb30eed3b93fe6faca90867",
      "text": "See how today's AI innovations tick with 8 expert-led courses in this Total Python Machine Learning bundle. Beat the average price for all eight courses or Pay What You Want for the partial bundle. Read more..."
}