{
      "source": {
            "id": null,
            "name": "Cupofjo.com"
      },
      "author": "Caroline Donofrio",
      "title": "The Art of (Bad) Running",
      "description": "It is my personal belief that every Type A person should have at least one thing they are not good at. Ideally, it is an activity where you possess no talent, at which you will never excel, that you do for the sheer sake of doing it.… Read more The post The A…",
      "url": "https://cupofjo.com/2018/09/i-am-a-bad-runner/",
      "urlToImage": "https://cupofjo.com/wp-content/uploads/2018/09/caroline-donofrio-running.jpg",
      "publishedAt": "2018-09-11T20:50:33Z",
      "content": "It is my personal belief that every Type A person should have at least one thing they are not good at. Ideally, it is an activity where you possess no talent, at which you will never excel, that you do for the sheer sake of doing it. For me, this is running… … [+4587 chars]",
      "fileName": "The Art of Bad Running",
      "createdon": "2018-09-20T05:08:31.745Z",
      "md5": "18eedc0e870386fb3d5d4cee69ad8eaa",
      "text": "It is my personal belief that every Type A person should have at least one thing they are not good at. Ideally, it is an activity where you possess no talent, at which you will never excel, that you do for the sheer sake of doing it.… Read more The post The A…"
}