{
      "source": {
            "id": null,
            "name": "Singularityhub.com"
      },
      "author": "Singularity Hub Staff",
      "title": "This Week’s Awesome Stories From Around the Web (Through September 1)",
      "description": "ARTIFICIAL INTELLIGENCE Artificial Intelligence Is Now a Pentagon Priority. Will Silicon Valley Help? Cade Metz | The New York Times “The consultants and planners who try to forecast threats think AI could be the next technological game changer in warfare. Th…",
      "url": "https://singularityhub.com/2018/09/01/this-weeks-awesome-stories-from-around-the-web-through-september-1/",
      "urlToImage": "https://singularityhub.com/wp-content/uploads/2018/09/night-sky-star-trails-jeremy-thomas-63102-unsplash.jpg",
      "publishedAt": "2018-09-01T15:00:09Z",
      "content": "ARTIFICIAL INTELLIGENCE Artificial Intelligence Is Now a Pentagon Priority. Will Silicon Valley Help? Cade Metz | The New York Times “The consultants and planners who try to forecast threats think AI could be the next technological game changer in warfare. Th… [+2307 chars]",
      "fileName": "This Week s Awesome Stories From Around the Web Through September 1",
      "createdon": "2018-09-20T05:22:53.543Z",
      "md5": "ba0ce7bf4fcd4a7a8314d0a5e8273138",
      "text": "ARTIFICIAL INTELLIGENCE Artificial Intelligence Is Now a Pentagon Priority. Will Silicon Valley Help? Cade Metz | The New York Times “The consultants and planners who try to forecast threats think AI could be the next technological game changer in warfare. Th…"
}