{
      "source": {
            "id": null,
            "name": "Theregister.co.uk"
      },
      "author": null,
      "title": "Effortful, tiresome, laborious: Couchbase says latest data platform release can sack off ETL",
      "description": "NoSQL database biz promises to 'keep it simple' for enterprises after real-time analytics NoSQL database biz Couchbase has promised administrators its latest release will allow them to ditch the laborious extract, transform and load (ETL) process, and analyse…",
      "url": "https://www.theregister.co.uk/2018/09/19/no_etl_for_nosql_claims_couchbase_of_latest_data_platform_release/",
      "urlToImage": null,
      "publishedAt": "2018-09-19T16:00:05Z",
      "content": null,
      "fileName": "Effortful tiresome laborious Couchbase says latest data platform release can sack off ETL",
      "createdon": "2018-09-20T05:21:03.467Z",
      "md5": "7ff443da4c7ff4a6e8b1ee2e3f06a945",
      "text": "NoSQL database biz promises to 'keep it simple' for enterprises after real-time analytics NoSQL database biz Couchbase has promised administrators its latest release will allow them to ditch the laborious extract, transform and load (ETL) process, and analyse…"
}