{
      "source": {
            "id": null,
            "name": "Euractiv.com"
      },
      "author": "Samuel Stolton",
      "title": "Data agreement: EU jumps into bed with Japan as tensions rise over US privacy shield",
      "description": "The EU will look to ensure the safe transmission of data between the bloc and Japan, Justice Commissioner Věra Jourová said on Wednesday (5 September). The announcement comes at a time the EU's other big data transmission agreement, the EU-US privacy shield, …",
      "url": "https://www.euractiv.com/section/data-protection/news/data-agreement-eu-jumps-into-bed-with-japan-as-tensions-rise-over-us-privacy-shield/",
      "urlToImage": "https://www.euractiv.com/wp-content/uploads/sites/2/2018/09/h_54283126-800x450.jpg",
      "publishedAt": "2018-09-05T14:14:24Z",
      "content": "The EU will look to ensure the safe transmission of data between the bloc and Japan, Justice Commissioner Věra Jourová said on Wednesday (5 September). The announcement comes at a time the EU’s other big data transmission agreement, the EU-US privacy shield, … [+2549 chars]",
      "fileName": "Data agreement EU jumps into bed with Japan as tensions rise over US privacy shield",
      "createdon": "2018-09-20T05:22:19.466Z",
      "md5": "1600ad5ac7e2e847e380ea2f06123850",
      "text": "The EU will look to ensure the safe transmission of data between the bloc and Japan, Justice Commissioner Věra Jourová said on Wednesday (5 September). The announcement comes at a time the EU's other big data transmission agreement, the EU-US privacy shield, …"
}