{
      "source": {
            "id": "engadget",
            "name": "Engadget"
      },
      "author": "Jessica Conditt",
      "title": "Nintendo Switch Online lands today, complete with strange cloud saves",
      "description": "Welcome to 2018, Nintendo. After 38 years in the gaming-hardware business and 15 years after the launch of Xbox Live, Nintendo is finally offering an online subscription service in its latest console, the Switch. Nintendo Switch Online goes live on t...",
      "url": "https://www.engadget.com/2018/09/18/nintendo-switch-online-live-cloud-saves-broken/",
      "urlToImage": "https://o.aolcdn.com/images/dims?thumbnail=1200%2C630&quality=80&image_uri=https%3A%2F%2Fs.aolcdn.com%2Fhss%2Fstorage%2Fmidas%2F3f1ee629337ad7c84e69a18fec34d17f%2F206675044%2Fhero.jpg&client=amp-blogside-v2&signature=d1004da275c848180ea096a5cddc2e869e174c03",
      "publishedAt": "2018-09-18T18:45:00Z",
      "content": "Of course, this problem is solvable and has been solved by dozens of other competitive online games. Nintendo could ensure current rankings and items are tracked in the cloud, for starters. Games like FIFA 19 operate just fine with cloud saves on other consol… [+2703 chars]",
      "fileName": "Nintendo Switch Online lands today complete with strange cloud saves",
      "createdon": "2018-09-20T05:20:37.853Z",
      "md5": "2998d9f6f8661cbb082c35e7395f615b",
      "text": "Welcome to 2018, Nintendo. After 38 years in the gaming-hardware business and 15 years after the launch of Xbox Live, Nintendo is finally offering an online subscription service in its latest console, the Switch. Nintendo Switch Online goes live on t..."
}