{
      "source": {
            "id": null,
            "name": "Cio.com"
      },
      "author": "John Edwards, John Edwards",
      "title": "7 secrets to predictive analytics success",
      "description": "Predicting the future has always been a dicey proposition. Fortunately, the arrival of predictive analytics technology, which allows users to project future outcomes based on historical data and analytics techniques, such as statistical modeling and machine l…",
      "url": "https://www.cio.com/article/3304301/analytics/7-secrets-to-predictive-analytics-success.html",
      "urlToImage": "https://images.techhive.com/images/article/2016/12/01_intro_prediction-100698470-large.3x2.jpg",
      "publishedAt": "2018-09-11T10:00:00Z",
      "content": null,
      "fileName": "7 secrets to predictive analytics success",
      "createdon": "2018-09-20T05:21:18.630Z",
      "md5": "34a7b22e58ad27ed1038c5d3371f559a",
      "text": "Predicting the future has always been a dicey proposition. Fortunately, the arrival of predictive analytics technology, which allows users to project future outcomes based on historical data and analytics techniques, such as statistical modeling and machine l…"
}