{
      "source": {
            "id": null,
            "name": "Phys.org"
      },
      "author": null,
      "title": "Another Tesla executive heads for exit",
      "description": "Tesla confirmed on Wednesday that finance executive Justin McAnear is leaving the electric car maker as it strives to become profitable by the end of the year.",
      "url": "https://phys.org/news/2018-09-tesla-exit.html",
      "urlToImage": "https://3c1703fe8d.site.internapcdn.net/newman/gfx/news/2018/teslafinance.jpg",
      "publishedAt": "2018-09-13T06:47:56Z",
      "content": "Tesla finance executive Justin McAnear is to follow chief accounting officer Dave Morton out of the door Tesla confirmed on Wednesday that finance executive Justin McAnear is leaving the electric car maker as it strives to become profitable by the end of the … [+2039 chars]",
      "fileName": "Another Tesla executive heads for exit",
      "createdon": "2018-09-20T05:15:12.919Z",
      "md5": "52bc1373ff0f15589486be75a1ac0147",
      "text": "Tesla confirmed on Wednesday that finance executive Justin McAnear is leaving the electric car maker as it strives to become profitable by the end of the year."
}