{
      "source": {
            "id": null,
            "name": "Dzone.com"
      },
      "author": "Richard Wild",
      "title": "Functional Style: Lambda Functions and Map",
      "description": "First-Class Functions: Lambda Functions and Map What Is a First-Class Function? You may have heard it said before that a particular language is functional because it has “first-class functions.” As I said in the first article of this series on functional prog…",
      "url": "https://dzone.com/articles/functional-style-lambda-functions-and-map",
      "urlToImage": "https://dz2cdn1.dzone.com/storage/article-thumb/10162812-thumb.jpg",
      "publishedAt": "2018-09-06T04:01:02Z",
      "content": "First-Class Functions: Lambda Functions and Map What Is a First-Class Function? You may have heard it said before that a particular language is functional because it has “first-class functions.” As I said in the first article of this series on functional prog… [+17329 chars]",
      "fileName": "Functional Style Lambda Functions and Map",
      "createdon": "2018-09-20T05:23:35.354Z",
      "md5": "108420195d89416a574ba608168379e8",
      "text": "First-Class Functions: Lambda Functions and Map What Is a First-Class Function? You may have heard it said before that a particular language is functional because it has “first-class functions.” As I said in the first article of this series on functional prog…"
}