{
      "source": {
            "id": null,
            "name": "Cnet.com"
      },
      "author": "Connie Guglielmo",
      "title": "Microsoft's CEO on helping a faded legend find a 'sense of purpose' - CNET",
      "description": "Satya Nadella inherited one of the most successful tech companies in history, except it had lost its shine. He talks about his behind-the-scenes work to make it relevant.",
      "url": "https://www.cnet.com/news/microsofts-ceo-on-helping-a-faded-legend-find-a-sense-of-purpose/",
      "urlToImage": "https://cnet1.cbsistatic.com/img/yc08Ro1k54eSbJVFQdmd5FgAoic=/2018/08/20/8d0eee47-9583-4874-b5d3-f541a67be81e/microsoft-hackathon-5396.jpg",
      "publishedAt": "2018-08-20T14:12:28Z",
      "content": "Four years after becoming head of the world's top software maker, CEO Satya Nadella invites us to an inside look at One Week, a giant employee fest the company launched at its Redmond, Washington, headquarters to inspire new ways of thinking about their jobs.… [+15342 chars]",
      "fileName": "Microsoft s CEO on helping a faded legend find a sense of purpose CNET",
      "createdon": "2018-09-20T05:20:39.513Z",
      "md5": "d82ddffd6479db12a4769ace38169642",
      "text": "Satya Nadella inherited one of the most successful tech companies in history, except it had lost its shine. He talks about his behind-the-scenes work to make it relevant."
}