{
      "source": {
            "id": null,
            "name": "Livemint.com"
      },
      "author": "Ajit Ranade",
      "title": "Opinion | Continuity through change: a case of four programmes",
      "description": "Successful policymaking is about change, which is incremental but persistent",
      "url": "https://www.livemint.com/Opinion/zJOozUxEnXVdf1aZwrGMHK/Opinion--Continuity-through-change-a-case-of-four-programm.html",
      "urlToImage": "https://www.livemint.com/rf/Image-621x414/LiveMint/Period2/2018/09/05/Photos/Opinion/adhar2-kzO--621x414@LiveMint.JPG",
      "publishedAt": "2018-09-04T15:43:08Z",
      "content": "The change of guard in 2014 was dramatic. With the first-ever absolute majority in the Lok Sabha in 30 years, the voters expected radical change in government policies and priorities. Those who voted for the Bharatiya Janata Party (BJP) had sky-high expectati… [+5475 chars]",
      "fileName": "Opinion Continuity through change a case of four programmes",
      "createdon": "2018-09-20T05:23:35.456Z",
      "md5": "766a0aebb90e8fcd3edb883e807b07a2",
      "text": "Successful policymaking is about change, which is incremental but persistent"
}