{
      "source": {
            "id": null,
            "name": "Theregister.co.uk"
      },
      "author": "Richard Chirgwin",
      "title": "Can a script kiddie pwn your SD-WAN? Better check the config, friend",
      "description": "Unpatched, outdated software abounds, say researchers Russian researchers armed with Shodan and Censys have identified nearly 5,000 SD-WANs with vulnerable management interfaces.…",
      "url": "https://www.theregister.co.uk/2018/08/30/vulnerable_sdwan_census/",
      "urlToImage": "https://regmedia.co.uk/2016/07/29/shutterstock_baby_tech.jpg?x=1200&y=794",
      "publishedAt": "2018-08-30T11:25:04Z",
      "content": "Russian researchers armed with Shodan and Censys have identified nearly 5,000 SD-WANs with vulnerable management interfaces. It won't surprise anyone, The Register suspects, that most of the problems the three researchers (Denis Kolegov and Antony Nikolaev of… [+1767 chars]",
      "fileName": "Can a script kiddie pwn your SD WAN Better check the config friend",
      "createdon": "2018-09-20T05:20:41.486Z",
      "md5": "d63d709bb3cdd37e55b382757495317b",
      "text": "Unpatched, outdated software abounds, say researchers Russian researchers armed with Shodan and Censys have identified nearly 5,000 SD-WANs with vulnerable management interfaces.…"
}