{
      "source": {
            "id": null,
            "name": "Entrepreneur.com"
      },
      "author": "Mark Minevich",
      "title": "3.5 Million Jobs Are on the Verge of Extinction. Here's How Entrepreneurs Can Save the Future.",
      "description": "To be one of those entrepreneurs and make the money that can be made, here are the four questions to ask yourself.",
      "url": "https://www.entrepreneur.com/article/319018",
      "urlToImage": "https://assets.entrepreneur.com/content/3x2/2000/20180827135415-GettyImages-934434764.jpeg",
      "publishedAt": "2018-08-27T16:30:00Z",
      "content": "August 27, 2018 7 min read Opinions expressed by Entrepreneur contributors are their own. Imagine what would happen if all 55,000 of America’s hard-working coal miners were laid off tomorrow. The American workforce would suffer a tragic blow. Wall-to-wall 24-… [+7291 chars]",
      "fileName": "3 5 Million Jobs Are on the Verge of Extinction Here s How Entrepreneurs Can Save the Future",
      "createdon": "2018-09-20T05:21:03.332Z",
      "md5": "80638085a996a732cb95b56ab46bf4fd",
      "text": "To be one of those entrepreneurs and make the money that can be made, here are the four questions to ask yourself."
}