{
      "source": {
            "id": null,
            "name": "Fool.com"
      },
      "author": "newsfeedback@fool.com (Chris Hill)",
      "title": "Lowe's Improves Itself With a New CEO; Europe Improves Our Data Rights",
      "description": "Both Marvin Ellison and the GDPR are viewed as big upgrades from what preceded them.",
      "url": "https://www.fool.com/investing/2018/09/11/lowes-improves-itself-with-a-new-ceo-europe-improv.aspx",
      "urlToImage": "https://g.foolcdn.com/image/?url=https%3A%2F%2Fg.foolcdn.com%2Feditorial%2Fimages%2F493957%2Fmfm.jpg&h=630&w=1200&op=resize",
      "publishedAt": "2018-09-11T16:11:00Z",
      "content": "In this Motley Fool Money podcast, host Chris Hill and senior Motley Fool analysts David Kretzmann, Jason Moser, and Aaron Bush review the week in business news, and while there were some interesting (and share-price moving) earnings reports, the lead news in… [+24742 chars]",
      "fileName": "Lowe s Improves Itself With a New CEO Europe Improves Our Data Rights",
      "createdon": "2018-09-20T05:20:31.888Z",
      "md5": "4abf498e4a5cd642c9fa3398c8bacf77",
      "text": "Both Marvin Ellison and the GDPR are viewed as big upgrades from what preceded them."
}