{
      "source": {
            "id": "abc-news-au",
            "name": "ABC News (AU)"
      },
      "author": "Rhiannon Tuffield",
      "title": "Victorian town drives unique renewable energy strategy",
      "description": "The small town in north-east Victoria is implementing a solar energy strategy that will generate power off the grid, reduce local demand for electricity during peak summer periods, and decrease the price of energy.",
      "url": "http://www.abc.net.au/news/2018-09-06/euroa-microgrid-plan-to-avoid-summer-blackouts/10209080",
      "urlToImage": "http://www.abc.net.au/news/image/10208994-16x9-700x394.jpg",
      "publishedAt": "2018-09-06T06:16:54Z",
      "content": "Posted September 06, 2018 16:16:54 A small town in north-east Victoria is driving a renewable energy strategy that will generate power off the grid, give the town greater reliability in its power supply, and reduce local demand for electricity in times of flu… [+6610 chars]",
      "fileName": "Victorian town drives unique renewable energy strategy",
      "createdon": "2018-09-20T05:22:57.380Z",
      "md5": "8acf4c6b74c95908f391a6c777ef0d9b",
      "text": "The small town in north-east Victoria is implementing a solar energy strategy that will generate power off the grid, reduce local demand for electricity during peak summer periods, and decrease the price of energy."
}