{
      "source": {
            "id": null,
            "name": "Psychologytoday.com"
      },
      "author": "Larry D. Rosen Ph.D.",
      "title": "Curbing Our Tech Obsession",
      "description": "Nomophobia, FOMO and our Smartphone Obsession",
      "url": "https://www.psychologytoday.com/us/blog/rewired-the-psychology-technology/201808/curbing-our-tech-obsession",
      "urlToImage": "https://cdn.psychologytoday.com/sites/default/files/styles/image-article_inline_full/public/field_blog_entry_teaser_image/2018-08/brain_gdj_pixabay.png?itok=6qeqK8lz",
      "publishedAt": "2018-08-27T21:16:38Z",
      "content": "In recent weeks Apple, Google, Instagram, Facebook and YouTube have all released plans for helping you track your use of their products. Based on the latest research from my lab it is clear that the typical young adult unlocks her phone 70+ times a day for ab… [+4366 chars]",
      "fileName": "Curbing Our Tech Obsession",
      "createdon": "2018-09-20T05:22:59.510Z",
      "md5": "e453a60cd648e138825430e1a74f7c42",
      "text": "Nomophobia, FOMO and our Smartphone Obsession"
}