{
      "source": {
            "id": null,
            "name": "Ppchero.com"
      },
      "author": "Kelsey Hadaller",
      "title": "AdWords Global Site Tag Implementation Guide",
      "description": "Need to create a new conversion action or update conversion tagging? The AdWords global site tag implementation guide is here to help!",
      "url": "https://www.ppchero.com/adwords-global-site-tag-implementation-guide/",
      "urlToImage": null,
      "publishedAt": "2018-08-31T14:23:41Z",
      "content": "AdWords introduced their new site-wide tagging this month. Like Bing’s Universal Event Tracking, the new AdWords site-wide tagging uses one tag on the entire site with additional event snippets to track conversion actions. The global site tag (gtag.js) will a… [+4197 chars]",
      "fileName": "AdWords Global Site Tag Implementation Guide",
      "createdon": "2018-09-20T05:21:16.868Z",
      "md5": "e1e89fd556832656b629192fe71fdeeb",
      "text": "Need to create a new conversion action or update conversion tagging? The AdWords global site tag implementation guide is here to help!"
}