{
      "source": {
            "id": null,
            "name": "Smartdatacollective.com"
      },
      "author": "Larry Alton",
      "title": "Putting Historic Business Data To Work With Machine Learning",
      "description": "Machine learning has gotten a lot of press lately as big names in tech launch highly visible programs. There’s IBM’s supercomputer, Watson, the Kafka Apache, which is used to manage LinkedIn inquiries and connections, and even playful systems like Quick, Draw…",
      "url": "https://www.smartdatacollective.com/putting-historic-business-data-to-work-with-machine-learning/",
      "urlToImage": null,
      "publishedAt": "2018-08-24T14:30:21Z",
      "content": "Machine learning has gotten a lot of press lately as big names in tech launch highly visible programs. There’s IBM’s supercomputer, Watson, the Kafka Apache, which is used to manage LinkedIn inquiries and connections, and even playful systems like Quick, Draw… [+3348 chars]",
      "fileName": "Putting Historic Business Data To Work With Machine Learning",
      "createdon": "2018-09-20T05:21:12.740Z",
      "md5": "66f7a2330ddcd4f7a89f501a462c845d",
      "text": "Machine learning has gotten a lot of press lately as big names in tech launch highly visible programs. There’s IBM’s supercomputer, Watson, the Kafka Apache, which is used to manage LinkedIn inquiries and connections, and even playful systems like Quick, Draw…"
}