{
      "source": {
            "id": "the-verge",
            "name": "The Verge"
      },
      "author": "James Vincent",
      "title": "AI drone pilots will challenge humans in competition sponsored by Lockheed Martin",
      "description": "The Drone Racing League (DRL) has announced that its 2019 season will include a special circuit dedicated to AI pilots. Teams will compete for $2 million in prizes, and the AI champion will face off against the top human pilot.",
      "url": "https://www.theverge.com/2018/9/5/17822384/ai-autonomous-drone-quadcopter-pilot-drl-drone-racing-league-2019",
      "urlToImage": "https://cdn.vox-cdn.com/thumbor/bptaLaxeT4_-W783H-cLaTHjXjo=/0x318:4430x2637/fit-in/1200x630/cdn.vox-cdn.com/uploads/chorus_asset/file/12792391/_18A0885DRL.JPG",
      "publishedAt": "2018-09-05T21:05:01Z",
      "content": "Drone racing has only been a human sport for a few years, but artificial intelligence is already gunning to take over. Today, the Drone Racing League (DRL), which is one of the foremost organizations trying to turn drone racing into the next NASCAR, announced… [+3296 chars]",
      "fileName": "AI drone pilots will challenge humans in competition sponsored by Lockheed Martin",
      "createdon": "2018-09-20T05:14:58.988Z",
      "md5": "3a311cecff5dcf5d1e5a04d1f2572e68",
      "text": "The Drone Racing League (DRL) has announced that its 2019 season will include a special circuit dedicated to AI pilots. Teams will compete for $2 million in prizes, and the AI champion will face off against the top human pilot."
}