{
      "source": {
            "id": "techcrunch",
            "name": "TechCrunch"
      },
      "author": "Ron Miller",
      "title": "Adobe looks to AI to lift customer experience business",
      "description": "For years, marketers have been trying to optimize the online shopping experience to better understand their customers and deliver more customized interactions that ultimately drive more sales. Artificial intelligence was supposed to accelerate that, and today…",
      "url": "http://techcrunch.com/2018/09/10/adobe-looks-to-ai-to-lift-customer-experience-business/",
      "urlToImage": "https://techcrunch.com/wp-content/uploads/2018/09/GettyImages-860802312.jpg?w=601",
      "publishedAt": "2018-09-10T13:28:35Z",
      "content": "For years, marketers have been trying to optimize the online shopping experience to better understand their customers and deliver more customized interactions that ultimately drive more sales. Artificial intelligence was supposed to accelerate that, and today… [+3105 chars]",
      "fileName": "Adobe looks to AI to lift customer experience business",
      "createdon": "2018-09-20T05:14:58.976Z",
      "md5": "c92519bc3d0048a374e16d71e704a475",
      "text": "For years, marketers have been trying to optimize the online shopping experience to better understand their customers and deliver more customized interactions that ultimately drive more sales. Artificial intelligence was supposed to accelerate that, and today…"
}