{
      "source": {
            "id": null,
            "name": "Indianexpress.com"
      },
      "author": "Nirupama Subramanian",
      "title": "The Road to East",
      "description": "This is the ambitious project that seeks to connect India with Myanmar and onwards to Thailand, which Delhi hopes will be its gateway to ASEAN. The first 160 km stretch is called the India-Myanmar Friendship Highway (IMFH).",
      "url": "https://indianexpress.com/article/india/india-myanmar-frienship-highway-thailand-asean-5335551/",
      "urlToImage": "https://images.indianexpress.com/2018/09/myanmar-759.jpg?w=759",
      "publishedAt": "2018-09-01T19:23:12Z",
      "content": "A portion of the ‘Trilateral Highway’ from Mandalay to Yangon, going through countryside that remains untouched by development. (Express photo by Neeraj Priyadarshi) Sixteen years after India, Myanmar, Thailand agreed to build a 1,300-km highway, to bind the … [+19147 chars]",
      "fileName": "The Road to East",
      "createdon": "2018-09-20T05:22:31.671Z",
      "md5": "cade8f3556668dc7519a88c886e88cee",
      "text": "This is the ambitious project that seeks to connect India with Myanmar and onwards to Thailand, which Delhi hopes will be its gateway to ASEAN. The first 160 km stretch is called the India-Myanmar Friendship Highway (IMFH)."
}