{
      "source": {
            "id": "the-new-york-times",
            "name": "The New York Times"
      },
      "author": "CLAIRE CAIN MILLER",
      "title": "Does Teacher Diversity Matter for Students’ Learning?",
      "description": "Zara Gibbon helps a new sixth grader at Animo Westside Charter Middle School in Los Angeles. A majority of teachers in American schools are white women.",
      "url": "https://www.nytimes.com/2018/09/10/upshot/teacher-diversity-effect-students-learning.html",
      "urlToImage": "https://static01.nyt.com/images/2018/09/06/upshot/up-teachers1/up-teachers1-facebookJumbo.jpg",
      "publishedAt": "2018-09-10T09:00:07Z",
      "content": "Sometimes teachers underestimate students of their race or gender, suggesting that they have internalized stereotypes about their own group and that white students may not experience negative effects from having nonwhite teachers. A new study, not yet publish… [+1750 chars]",
      "fileName": "Does Teacher Diversity Matter for Students Learning",
      "createdon": "2018-09-20T05:25:05.544Z",
      "md5": "4b4c2e04eb0234dd50b0c82474d838ae",
      "text": "Zara Gibbon helps a new sixth grader at Animo Westside Charter Middle School in Los Angeles. A majority of teachers in American schools are white women."
}