{
      "source": {
            "id": null,
            "name": "Fashionista.com"
      },
      "author": "Maria Bobila",
      "title": "Female-Focused Manual Workwear Is Still an Emerging, But Also Evolving, Market",
      "description": "In fashion media, \"workwear\" often pertains to a wardrobe worn in the office or for a traditional corporate job. But for professionals within the manual labor industry — carpentry, landscaping, artisans of various mediums and so much more — workwear serves as…",
      "url": "https://fashionista.com/2018/08/tradeswomen-manual-workwear-clothing",
      "urlToImage": "https://fashionista.com/.image/t_share/MTU3Nzk0OTY3MzQ1OTY0MDM3/hp-dovetail-workwear-for-women-1.jpg",
      "publishedAt": "2018-08-20T15:00:00Z",
      "content": "In fashion media, \" workwear \" often pertains to a wardrobe worn in the office or for a traditional corporate job. But for professionals within the manual labor industry — carpentry, landscaping, artisans of various mediums and so much more — workwear serves … [+7363 chars]",
      "fileName": "Female Focused Manual Workwear Is Still an Emerging But Also Evolving Market",
      "createdon": "2018-09-20T05:22:57.622Z",
      "md5": "c91d88694b55b5cac3f3444246c1bb5b",
      "text": "In fashion media, \"workwear\" often pertains to a wardrobe worn in the office or for a traditional corporate job. But for professionals within the manual labor industry — carpentry, landscaping, artisans of various mediums and so much more — workwear serves as…"
}