{
      "source": {
            "id": null,
            "name": "Sap.com"
      },
      "author": "Corinna Machmeier",
      "title": "Mastering Digital Transformation with Mindfulness",
      "description": "What does mindfulness have to do with digital transformation? On the surface, not much. But there are good reasons why mindfulness has taken hold in...",
      "url": "https://news.sap.com/2018/09/mindfulness-training-master-digital-transformation/",
      "urlToImage": "https://news.sap.com/wp-content/blogs.dir/1/files/282509_GettyImages-536509961_2600_F.jpg",
      "publishedAt": "2018-09-03T14:00:42Z",
      "content": "What does mindfulness have to do with digital transformation? On the surface, not much. But there are good reasons why mindfulness has taken hold in companies in recent years, especially in fast-paced sectors. The work environment is changing rapidly, and the… [+5933 chars]",
      "fileName": "Mastering Digital Transformation with Mindfulness",
      "createdon": "2018-09-20T05:21:55.884Z",
      "md5": "d5613a70659acdac575bdf7cc55ca599",
      "text": "What does mindfulness have to do with digital transformation? On the surface, not much. But there are good reasons why mindfulness has taken hold in..."
}