{
      "source": {
            "id": "reuters",
            "name": "Reuters"
      },
      "author": "Reuters Editorial",
      "title": "M&S recruits Loblaw executive to be new digital boss",
      "description": "British retailer Marks & Spencer has recruited a senior Loblaw executive to be its new digital boss, it said on Wednesday.",
      "url": "https://www.reuters.com/article/us-m-s-moves/ms-recruits-loblaw-executive-to-be-new-digital-boss-idUSKCN1LL21L",
      "urlToImage": "https://s3.reutersmedia.net/resources/r/?m=02&d=20180905&t=2&i=1301000197&w=1200&r=LYNXNPEE841BN",
      "publishedAt": "2018-09-05T14:35:01Z",
      "content": "LONDON (Reuters) - British retailer Marks &amp; Spencer has recruited a senior Loblaw executive to be its new digital boss, it said on Wednesday. The clothing and food group said Jeremy Pee, currently senior vice president of Loblaw Companies Limited, Canada’… [+574 chars]",
      "fileName": "M S recruits Loblaw executive to be new digital boss",
      "createdon": "2018-09-20T05:21:52.290Z",
      "md5": "f6b08725de7ff01c969491655605d53b",
      "text": "British retailer Marks & Spencer has recruited a senior Loblaw executive to be its new digital boss, it said on Wednesday."
}