{
      "source": {
            "id": null,
            "name": "Archinect.com"
      },
      "author": "Justine Testado",
      "title": "2018 ACSA/AISC Steel Design Student Competition winners",
      "description": "Students across North America got to flex their steel-design skills in the 2018 ACSA/AISC Steel Design Student Competition. Over 900 students and faculty submitted more than 300 entries to the two competition categories: Category One challenged students to de…",
      "url": "https://archinect.com/news/bustler/6798/2018-acsa-aisc-steel-design-student-competition-winners",
      "urlToImage": "https://archinect.imgix.net/uploads/3y/3yj2awkambfzacag.jpg?fit=crop&auto=compress%2Cformat&w=1200",
      "publishedAt": "2018-09-07T21:42:00Z",
      "content": "Students across North America got to flex their steel-design skills in the 2018 ACSA/AISC Steel Design Student Competition. Over 900 students and faculty submitted more than 300 entries to the two competition categories: Category One challenged students to de… [+1621 chars]",
      "fileName": "2018 ACSA AISC Steel Design Student Competition winners",
      "createdon": "2018-09-20T05:22:57.469Z",
      "md5": "2858b33e8c5d9307f38ff160940360a7",
      "text": "Students across North America got to flex their steel-design skills in the 2018 ACSA/AISC Steel Design Student Competition. Over 900 students and faculty submitted more than 300 entries to the two competition categories: Category One challenged students to de…"
}