{
      "source": {
            "id": "business-insider",
            "name": "Business Insider"
      },
      "author": "Greg Sandoval",
      "title": "Underneath all the AI hype is the likelihood it threatens the poor, says this former Microsoft and Google exec (GOOG, GOOGL)",
      "description": "All around the tech sector, AI is being celebrated but some technologists warn that workers should beware. Kai-Fu Lee, a former Microsoft, Google, and Apple executive, predicts that AI will enrich a relatively few companies at the same time it takes over jobs…",
      "url": "https://www.businessinsider.com/beneath-ai-hype-is-likelihood-it-threatens-the-poor-says-former-microsoft-exec-2018-9",
      "urlToImage": "https://amp.businessinsider.com/images/5b92c6031982d821008b5ae2-1536-768.jpg",
      "publishedAt": "2018-09-08T14:00:00Z",
      "content": "Artificial intelligence will widen the chasm that already separates the rich and the poor, warns a former Microsoft and Google executive. The comments, made by Kai-Fu Lee during a panel discussion at the Artificial Intelligence 2018 Conference in San Francisc… [+3234 chars]",
      "fileName": "Underneath all the AI hype is the likelihood it threatens the poor says this former Microsoft and Google exec GOOG GOOGL",
      "createdon": "2018-09-20T05:20:27.861Z",
      "md5": "ac7f638b59618ef7702f38ac1d9764eb",
      "text": "All around the tech sector, AI is being celebrated but some technologists warn that workers should beware. Kai-Fu Lee, a former Microsoft, Google, and Apple executive, predicts that AI will enrich a relatively few companies at the same time it takes over jobs…"
}