{
      "source": {
            "id": null,
            "name": "Pib.nic.in"
      },
      "author": null,
      "title": "Back Series of National Accounts Statistics - A Clarification",
      "description": "The Ministry of Statistics and Programme Implementation (MoSPI) has been regularly bringing out macro-economic aggregates and indicators. The statistical processes involved in producing such estimates are open, transparent and in line with the best internatio…",
      "url": "http://pib.nic.in/newsite/PrintRelease.aspx?relid=181957",
      "urlToImage": null,
      "publishedAt": "2018-08-19T08:13:00Z",
      "content": "The Ministry of Statistics and Programme Implementation (MoSPI) has been regularly bringing out macro-economic aggregates and indicators. The statistical processes involved in producing such estimates are open, transparent and in line with the best internatio… [+5737 chars]",
      "fileName": "Back Series of National Accounts Statistics A Clarification",
      "createdon": "2018-09-20T05:21:18.519Z",
      "md5": "7797ffef81b673e977491ec40f986825",
      "text": "The Ministry of Statistics and Programme Implementation (MoSPI) has been regularly bringing out macro-economic aggregates and indicators. The statistical processes involved in producing such estimates are open, transparent and in line with the best internatio…"
}