{
      "source": {
            "id": null,
            "name": "Theregister.co.uk"
      },
      "author": "John Leyden",
      "title": "Silence! Cybercrime's Pinky and the Brain have nicked $800k off banks",
      "description": "One does dev, the other ops, and they're believed to be former white hats A pair of cybercrooks who may have started out as legit infosec pros have expanded their operations outside Russia and begun attacking banks across the world.…",
      "url": "https://www.theregister.co.uk/2018/09/05/silence_cybercrooks/",
      "urlToImage": "https://regmedia.co.uk/2015/08/19/pinky_brain.jpg?x=1200&y=794",
      "publishedAt": "2018-09-05T11:47:32Z",
      "content": "A pair of cybercrooks who may have started out as legit infosec pros have expanded their operations outside Russia and begun attacking banks across the world. \"Silence is an example of a mobile, small, and young group that has been progressing rapidly,\" Group… [+4176 chars]",
      "fileName": "Silence Cybercrime s Pinky and the Brain have nicked 800k off banks",
      "createdon": "2018-09-20T05:21:54.061Z",
      "md5": "4fc8ba119e9eb4109823fb2509ceaa43",
      "text": "One does dev, the other ops, and they're believed to be former white hats A pair of cybercrooks who may have started out as legit infosec pros have expanded their operations outside Russia and begun attacking banks across the world.…"
}