{
      "source": {
            "id": "techcrunch",
            "name": "TechCrunch"
      },
      "author": "Natasha Lomas",
      "title": "European parliament gives thumbs up to controversial copyright reforms",
      "description": "The European Parliament has just voted to back controversial proposals to reform online copyright — including supporting an extension to cover snippets of publishers content (Article 11), and to make platforms that hold significant amounts of content liable f…",
      "url": "http://techcrunch.com/2018/09/12/european-parliament-gives-thumbs-up-to-controversial-copyright-reforms/",
      "urlToImage": "https://techcrunch.com/wp-content/uploads/2018/09/Screen-Shot-2018-09-12-at-12.40.29.png?w=675",
      "publishedAt": "2018-09-12T11:42:12Z",
      "content": "The European Parliament has just voted to back controversial proposals to reform online copyright — including supporting an extension to cover snippets of publishers content (Article 11), and to make platforms that hold significant amounts of content liable f… [+6219 chars]",
      "fileName": "European parliament gives thumbs up to controversial copyright reforms",
      "createdon": "2018-09-20T05:15:01.292Z",
      "md5": "a50d825ef5e35f8118214762db35d77e",
      "text": "The European Parliament has just voted to back controversial proposals to reform online copyright — including supporting an extension to cover snippets of publishers content (Article 11), and to make platforms that hold significant amounts of content liable f…"
}