{
      "source": {
            "id": null,
            "name": "Forbes.com"
      },
      "author": "SAP Guest, SAP, SAP Guest, SAP https://www.forbes.com/sites/sap/people/sapguest/",
      "title": "SAP BrandVoice: How 3D Printing Is Disrupting The Materials Building Industry",
      "description": "The emergence of 3D printing marks an integral part of what many people refer to as the Fourth Industrial Revolution—aka Industry 4.0, or the Internet of Things.",
      "url": "https://www.forbes.com/sites/sap/2018/08/20/how-3d-printing-is-disrupting-the-materials-building-industry/",
      "urlToImage": "https://thumbor.forbes.com/thumbor/600x315/https%3A%2F%2Fspecials-images.forbesimg.com%2Fimageserve%2F5b7acce431358e0429c66cd1%2F960x0.jpg",
      "publishedAt": "2018-08-20T14:11:43Z",
      "content": "By Folkert Haagshare, SAP Imagine waking up to find that the walls around you have disappeared, replaced by desecrated crumbles of concrete, slats of wood, and a seemingly endless horizon of destruction. A natural disaster has struck, and you are suddenly hom… [+12335 chars]",
      "fileName": "SAP BrandVoice How 3D Printing Is Disrupting The Materials Building Industry",
      "createdon": "2018-09-20T05:22:04.245Z",
      "md5": "fd1c02ef2a94b1234adde832dd39516e",
      "text": "The emergence of 3D printing marks an integral part of what many people refer to as the Fourth Industrial Revolution—aka Industry 4.0, or the Internet of Things."
}