{
      "source": {
            "id": null,
            "name": "Qz.com"
      },
      "author": "Michael J. Coren",
      "title": "Tesla’s stock plunges after resignations of HR and accounting executives on same day",
      "description": "Working at Tesla is not for everyone. Increasingly, it’s not for Tesla’s own executives. On Friday (Sept. 7), the company’s heads of accounting and human…",
      "url": "https://qz.com/1382308/teslas-stock-plunges-after-resignations-of-hr-and-accounting-executives/",
      "urlToImage": "https://cms.qz.com/wp-content/uploads/2018/09/Elon-Musk-HR_accounting_departure.jpg?w=1400&strip=all&quality=75",
      "publishedAt": "2018-09-07T15:17:36Z",
      "content": "Working at Tesla is not for everyone. Increasingly, it’s not for Tesla’s own executives. On Friday (Sept. 7), the company’s heads of accounting and human resources announced their resignation after brief tenures at the electric carmaker. Tesla’s latest chief … [+2977 chars]",
      "fileName": "Tesla s stock plunges after resignations of HR and accounting executives on same day",
      "createdon": "2018-09-20T05:15:16.749Z",
      "md5": "ba3212eb90d719ab38c6a426d384fbd0",
      "text": "Working at Tesla is not for everyone. Increasingly, it’s not for Tesla’s own executives. On Friday (Sept. 7), the company’s heads of accounting and human…"
}