{
      "source": {
            "id": null,
            "name": "Sys-con.com"
      },
      "author": null,
      "title": "Jim Donovan Joins @CloudEXPO NY Faculty | @Wasabi_Cloud @Wasabi_Jim @Wasabi_Dave #Cloud #Storage #DataCenter",
      "description": "Jim leads Wasabi's product management, sales engineering, and customer support efforts. As a veteran of multiple startups and large enterprise organizations, Jim has deep experience in developing, delivering, and supporting products and services that provide …",
      "url": "http://cloudcomputing.sys-con.com/node/4307577",
      "urlToImage": "http://res.cdn.sys-con.com/story/aug18/4307577/Jim%20Donovan%20468.png",
      "publishedAt": "2018-08-22T14:15:00Z",
      "content": "Register for this session ▸ Here Jim leads Wasabi's product management, sales engineering, and customer support efforts. As a veteran of multiple startups and large enterprise organizations, Jim has deep experience in developing, delivering, and supporting pr… [+7556 chars]",
      "fileName": "Jim Donovan Joins CloudEXPO NY Faculty Wasabi_Cloud Wasabi_Jim Wasabi_Dave Cloud Storage DataCenter",
      "createdon": "2018-09-20T05:22:04.178Z",
      "md5": "bd29043362aa288ad03946841940a347",
      "text": "Jim leads Wasabi's product management, sales engineering, and customer support efforts. As a veteran of multiple startups and large enterprise organizations, Jim has deep experience in developing, delivering, and supporting products and services that provide …"
}