{
      "source": {
            "id": null,
            "name": "Slashgear.com"
      },
      "author": "Shane McGlaun",
      "title": "MIT’s CGI AI could make movies better looking and easier to edit",
      "description": "Modern films are typically packed with all sorts of CGI effects that sometimes are so good viewers can’t tell they are CGI at all. To get the CGI effects to look realistic is a difficult and time-consuming process. Researchers at MIT’s Computer Science and Ar…",
      "url": "https://www.slashgear.com/mits-cgi-ai-could-make-movies-better-looking-and-easier-to-edit-24542686/",
      "urlToImage": "https://c.slashgear.com/wp-content/uploads/2018/08/cgi-ai.jpg",
      "publishedAt": "2018-08-24T12:13:56Z",
      "content": "Modern films are typically packed with all sorts of CGI effects that sometimes are so good viewers can’t tell they are CGI at all. To get the CGI effects to look realistic is a difficult and time-consuming process. Researchers at MIT’s Computer Science and Ar… [+1464 chars]",
      "fileName": "MIT s CGI AI could make movies better looking and easier to edit",
      "createdon": "2018-09-20T05:15:09.065Z",
      "md5": "aaee39e7f781b95ada56e6eac87701fc",
      "text": "Modern films are typically packed with all sorts of CGI effects that sometimes are so good viewers can’t tell they are CGI at all. To get the CGI effects to look realistic is a difficult and time-consuming process. Researchers at MIT’s Computer Science and Ar…"
}