{
      "source": {
            "id": null,
            "name": "Forbes.com"
      },
      "author": "Angelica Mari, Contributor, Angelica Mari, Contributor https://www.forbes.com/sites/angelicamarideoliveira/",
      "title": "How Brazilian Firms Are Tackling The Digital Skills Gap",
      "description": "Training businesses focused on providing the expertise organizations need for digital transformations gain momentum.",
      "url": "https://www.forbes.com/sites/angelicamarideoliveira/2018/09/17/how-brazilian-firms-are-tackling-the-digital-skills-gap/",
      "urlToImage": "https://thumbor.forbes.com/thumbor/600x315/https%3A%2F%2Fspecials-images.forbesimg.com%2Fdam%2Fimageserve%2F991373914%2F960x0.jpg%3Ffit%3Dscale",
      "publishedAt": "2018-09-17T15:48:00Z",
      "content": "Share to facebook Share to twitter Share to linkedin Organizations in Brazil are looking for ways to find the digital skills they need. Brazilian businesses are struggling to find skilled professionals to work on digital transformation projects - and are havi… [+12693 chars]",
      "fileName": "How Brazilian Firms Are Tackling The Digital Skills Gap",
      "createdon": "2018-09-20T05:21:52.157Z",
      "md5": "613f8564ec86abed504a99f044d17b53",
      "text": "Training businesses focused on providing the expertise organizations need for digital transformations gain momentum."
}