{
      "source": {
            "id": "business-insider",
            "name": "Business Insider"
      },
      "author": "ktran@businessinsider.com (Kevin Tran), Kevin Tran",
      "title": "Congress grilled big tech on election interference (FB, TWTR, GOOGL)",
      "description": "This story was delivered to Business Insider Intelligence \" Digital Media Briefing \" subscribers hours before appearing on Business Insider. To be the first to know, please click here. On Wednesday, Facebook COO Sheryl Sandberg and Twitter CEO Jack Dorsey tes…",
      "url": "https://www.businessinsider.com/facebook-coo-sheryl-sandberg-twitter-ceo-jack-dorsey-congress-2018-9",
      "urlToImage": "https://amp.businessinsider.com/images/5b912dae80eb351c008b5a7d-960-480.jpg",
      "publishedAt": "2018-09-06T13:40:00Z",
      "content": "This story was delivered to Business Insider Intelligence \" Digital Media Briefing \" subscribers hours before appearing on Business Insider. To be the first to know, please click here. On Wednesday, Facebook COO Sheryl Sandberg and Twitter CEO Jack Dorsey tes… [+4856 chars]",
      "fileName": "Congress grilled big tech on election interference FB TWTR GOOGL",
      "createdon": "2018-09-20T05:20:23.359Z",
      "md5": "6a9606af6d608f23c75894878a177c12",
      "text": "This story was delivered to Business Insider Intelligence \" Digital Media Briefing \" subscribers hours before appearing on Business Insider. To be the first to know, please click here. On Wednesday, Facebook COO Sheryl Sandberg and Twitter CEO Jack Dorsey tes…"
}