{
      "source": {
            "id": null,
            "name": "Semrush.com"
      },
      "author": null,
      "title": "SEMrush Summer Digest: New Tools and Record Database Expansion",
      "description": "This summer was very hot for SEMrush — we celebrated our 10th anniversary, and rolled out some major updates! As we take a breath from the celebration, we want to share our latest achievements with you.",
      "url": "https://www.semrush.com/blog/semrush-summer-digest-2018/",
      "urlToImage": "https://cdn.semrush.com/blog/static/media/93/e3/93e3f8d5f20dc905f68fc26693497a4e/semrush-summer-digest.png",
      "publishedAt": "2018-09-03T09:32:00Z",
      "content": "This summer SEMrush celebrated its 10th birthday! We have come a long way from a small startup to a globally recognized best digital marketing toolkit. We are very proud that now, with over 30 tools, we can cover you on all fronts of the marketing battlefield… [+6871 chars]",
      "fileName": "SEMrush Summer Digest New Tools and Record Database Expansion",
      "createdon": "2018-09-20T05:21:12.753Z",
      "md5": "9df81e3ab302e598334b5601e24997ce",
      "text": "This summer was very hot for SEMrush — we celebrated our 10th anniversary, and rolled out some major updates! As we take a breath from the celebration, we want to share our latest achievements with you."
}