{
      "source": {
            "id": null,
            "name": "Entrepreneur.com"
      },
      "author": "Patti Fletcher",
      "title": "Big 'Epic Fails' Can Feel Like a Punch in the Gut. What Should You Do After?",
      "description": "Epic fails are hard to experience and even harder to recover from. Here's your plan to get to the other side even stronger.",
      "url": "https://www.entrepreneur.com/article/316096",
      "urlToImage": "https://assets.entrepreneur.com/content/3x2/2000/20180710175534-GettyImages-508066299.jpeg",
      "publishedAt": "2018-08-24T17:30:00Z",
      "content": "August 24, 2018 5 min read Opinions expressed by Entrepreneur contributors are their own. Having recently experienced the type of potentially dream-ending epic failures that can easily creep into and take over an otherwise can-do mindset, I decided put all th… [+4843 chars]",
      "fileName": "Big Epic Fails Can Feel Like a Punch in the Gut What Should You Do After",
      "createdon": "2018-09-20T05:25:05.474Z",
      "md5": "6e9f89eb918dea2bc610de4b7afd3d9d",
      "text": "Epic fails are hard to experience and even harder to recover from. Here's your plan to get to the other side even stronger."
}