{
      "source": {
            "id": null,
            "name": "Poynter.org"
      },
      "author": "Alexios Mantzarlis",
      "title": "Our misperceptions run deep. But the man who's spent years studying them hasn't given up on us.",
      "description": "Bobby Duffy attributes our misperceptions to three factors: biases, identity politics and the media.",
      "url": "https://www.poynter.org/news/our-misperceptions-run-deep-man-whos-spent-years-studying-them-hasnt-given-us",
      "urlToImage": "https://www.poynter.org/sites/default/files/2018-09/Background.png",
      "publishedAt": "2018-09-13T14:30:00Z",
      "content": "Bobby Duffy knows how wrong we all are. In the six years that he’s overseen IPSOS Mori’s “Peril of Perception” studies, Duffy has documented the enormous gap between facts and public perceptions on topics like immigration, public health and criminality. For i… [+7175 chars]",
      "fileName": "Our misperceptions run deep But the man who s spent years studying them hasn t given up on us",
      "createdon": "2018-09-20T05:25:11.455Z",
      "md5": "84f35ab57ddb08f4272ffec6c824ef6a",
      "text": "Bobby Duffy attributes our misperceptions to three factors: biases, identity politics and the media."
}