{
      "source": {
            "id": null,
            "name": "Forbes.com"
      },
      "author": "Dan Woods, Contributor, Dan Woods, Contributor https://www.forbes.com/sites/danwoods/",
      "title": "Naveen Zutshi's 6 Principles of Data-Driven IT",
      "description": "Naveen Zutshi, CIO of Palo Alto Networks, shares his recommendations for data-driven IT in 6 key areas.",
      "url": "https://www.forbes.com/sites/danwoods/2018/08/23/naveen-zutshis-principles-of-data-driven-it/",
      "urlToImage": "https://thumbor.forbes.com/thumbor/600x315/https%3A%2F%2Fblogs-images.forbes.com%2Fdanwoods%2Ffiles%2F2018%2F08%2Fbusinessman-builds-a-tower-picture-id497573700.jpg",
      "publishedAt": "2018-08-23T11:55:00Z",
      "content": "Share to facebook Share to twitter Share to linkedin Until now, IT has never had easy access to data that would allow it to assess its own performance. It has thus had to operate in the dark, advocating for data-driven results and systems for the rest of the … [+15207 chars]",
      "fileName": "Naveen Zutshi s 6 Principles of Data Driven IT",
      "createdon": "2018-09-20T05:21:09.107Z",
      "md5": "489200f58cbc6bfc6550195f9614cb0a",
      "text": "Naveen Zutshi, CIO of Palo Alto Networks, shares his recommendations for data-driven IT in 6 key areas."
}