{
      "source": {
            "id": null,
            "name": "Cio.com"
      },
      "author": "Phil Weinzimer, Phil Weinzimer",
      "title": "IDG Contributor Network: State of PA takes on digital transformation initiative top improve citizen services",
      "description": "I recently attended the PA TechCon event in Harrisburg, PA where John MacMillan, Deputy Secretary for Information Technology and Chief Information Officer for the Commonwealth of Pennsylvania, opened the session with a motivating talk about the need to improv…",
      "url": "https://www.cio.com/article/3305318/digital-transformation/state-of-pa-takes-on-digital-transformation-initiative-top-improve-citizen-services.html",
      "urlToImage": "https://images.idgesg.net/images/article/2018/09/john-macmillan-pennsylvania-cio-100771448-large.3x2.jpg",
      "publishedAt": "2018-09-11T16:31:00Z",
      "content": "I recently attended the PA TechCon event in Harrisburg, PA where John MacMillan, Deputy Secretary for Information Technology and Chief Information Officer for the Commonwealth of Pennsylvania, opened the session with a motivating talk about the need to improv… [+12669 chars]",
      "fileName": "IDG Contributor Network State of PA takes on digital transformation initiative top improve citizen services",
      "createdon": "2018-09-20T05:21:58.094Z",
      "md5": "c261fce41143f823035612ae8cfddcb6",
      "text": "I recently attended the PA TechCon event in Harrisburg, PA where John MacMillan, Deputy Secretary for Information Technology and Chief Information Officer for the Commonwealth of Pennsylvania, opened the session with a motivating talk about the need to improv…"
}