{
      "source": {
            "id": null,
            "name": "Fool.com"
      },
      "author": "newsfeedback@fool.com (Demitrios Kalogeropoulos)",
      "title": "A Closer Look at Home Depot's $2 Billion Stock Buyback Boost",
      "description": "The retailer just announced another big upgrade to its buyback spending target.",
      "url": "https://www.fool.com/investing/2018/08/21/a-closer-look-at-home-depots-2-billion-stock-buyba.aspx",
      "urlToImage": "https://g.foolcdn.com/image/?url=https%3A%2F%2Fg.foolcdn.com%2Feditorial%2Fimages%2F492161%2Fhome-improvement-shopping.jpg&h=630&w=1200&op=resize",
      "publishedAt": "2018-08-21T15:00:00Z",
      "content": "Home Depot ( NYSE:HD ) has made a habit out of edging past major operating and financial targets over the last few years, including core metrics like sales growth, profitability, and earnings. But there's arguably no forecast that the management team more con… [+3169 chars]",
      "fileName": "A Closer Look at Home Depot s 2 Billion Stock Buyback Boost",
      "createdon": "2018-09-20T05:20:39.841Z",
      "md5": "2ab1bd65aa13deba91cc89b61da4a7b6",
      "text": "The retailer just announced another big upgrade to its buyback spending target."
}