{
      "source": {
            "id": null,
            "name": "Qz.com"
      },
      "author": "Dave Gershgorn",
      "title": "If AI is going to be the world’s doctor, it needs better textbooks",
      "description": "Health-care artificial intelligence currently reflects the same racial and gender biases as the culture at large. Those prejudices are built into the data.",
      "url": "https://qz.com/1367177/if-ai-is-going-to-be-the-worlds-doctor-it-needs-better-textbooks/",
      "urlToImage": "https://cms.qz.com/wp-content/uploads/2018/09/bad-datasets-v6.gif?w=1400&strip=all&quality=75",
      "publishedAt": "2018-09-06T11:30:59Z",
      "content": "Imagine there was a simple test to see whether you were developing Alzheimer’s disease. You would look at a picture and describe it, software would assess the way you spoke, and based on your answer, tell you whether or not you had early-stage Alzheimer’s. It… [+17476 chars]",
      "fileName": "If AI is going to be the world s doctor it needs better textbooks",
      "createdon": "2018-09-20T05:15:03.359Z",
      "md5": "c4d91b89b7208bc498a7039740d931e0",
      "text": "Health-care artificial intelligence currently reflects the same racial and gender biases as the culture at large. Those prejudices are built into the data."
}