{
      "source": {
            "id": null,
            "name": "Lifehack.org"
      },
      "author": "Pam Thomas",
      "title": "How to Train Your Brain to Crave Lifelong Learning (And Why It’s Good)",
      "description": "I am in love with lifelong learning. It was not always that way, however. To be perfectly honest, I used to think that the only way to learn was in school. And I was not always a big fan of “conventional learning”, unless it was a course that really intereste…",
      "url": "https://www.lifehack.org/791279/lifelong-learning",
      "urlToImage": "https://cdn.lifehack.org/wp-content/uploads/2018/08/lifelong-learning.jpeg",
      "publishedAt": "2018-09-07T13:00:43Z",
      "content": "Forgot a name? Misplaced your keys? Taking longer to find the right words? Don’t panic. There’s plenty you can do to improve your memory. You’re probably expecting us to reveal 7 little known and newly discovered herbs from the forests of the Amazon, the peak… [+9365 chars]",
      "fileName": "How to Train Your Brain to Crave Lifelong Learning And Why It s Good",
      "createdon": "2018-09-20T05:25:03.481Z",
      "md5": "9c82fe1c0fbfe605212b26aa4c3e3273",
      "text": "I am in love with lifelong learning. It was not always that way, however. To be perfectly honest, I used to think that the only way to learn was in school. And I was not always a big fan of “conventional learning”, unless it was a course that really intereste…"
}