{
      "source": {
            "id": null,
            "name": "Forbes.com"
      },
      "author": "Kristi Faulkner, Contributor, Kristi Faulkner, Contributor https://www.forbes.com/sites/kristifaulkner/",
      "title": "Jerry Brown Can Unlock The Boardroom For Women, But Will He?",
      "description": "Women makeup nearly half the workforce and hold only 22% of board seats in large-cap companies, and as low as 9% of board seats in small-cap companies. What else can disrupt this engrained gender bias quicker than the heavy hand of the law?",
      "url": "https://www.forbes.com/sites/kristifaulkner/2018/09/19/jerry-brown-can-unlock-the-boardroom-for-women-but-will-he/",
      "urlToImage": "https://thumbor.forbes.com/thumbor/600x315/https%3A%2F%2Fspecials-images.forbesimg.com%2Fdam%2Fimageserve%2F39844157%2F960x0.jpg%3Ffit%3Dscale",
      "publishedAt": "2018-09-19T20:25:00Z",
      "content": "Apple has two. Oracle has two. Cisco has two. So why do California legislators want a law requiring publicly held companies headquartered within the state to appoint at least one woman, and up to three, on their corporate boards? As SB-826 sits on Governor Je… [+10042 chars]",
      "fileName": "Jerry Brown Can Unlock The Boardroom For Women But Will He",
      "createdon": "2018-09-20T05:23:03.240Z",
      "md5": "9de71742990f2a99be7932d2dd7f5468",
      "text": "Women makeup nearly half the workforce and hold only 22% of board seats in large-cap companies, and as low as 9% of board seats in small-cap companies. What else can disrupt this engrained gender bias quicker than the heavy hand of the law?"
}