{
      "source": {
            "id": null,
            "name": "9to5google.com"
      },
      "author": "Abner Li",
      "title": "Google supporting local journalism with 200K free G Suite accounts",
      "description": "Earlier this year, Google launched a $300 million company-wide effort to support journalism by adding features throughout various products. Today, the Google News Initiative is offering 200,000 free G Suite licenses for local to medium-sized news organization…",
      "url": "https://9to5google.com/2018/09/12/google-g-suite-local-journalism-support/",
      "urlToImage": "https://9to5google.com/wp-content/uploads/sites/4/2018/07/google-g-suite-cover.jpg?quality=82&strip=all",
      "publishedAt": "2018-09-12T16:25:55Z",
      "content": "Earlier this year, Google launched a $300 million company-wide effort to support journalism by adding features throughout various products. Today, the Google News Initiative is offering 200,000 free G Suite licenses for local to medium-sized news organization… [+2137 chars]",
      "fileName": "Google supporting local journalism with 200K free G Suite accounts",
      "createdon": "2018-09-20T05:21:12.796Z",
      "md5": "4c1ae49a4da62c02fc838ad55f1f8a93",
      "text": "Earlier this year, Google launched a $300 million company-wide effort to support journalism by adding features throughout various products. Today, the Google News Initiative is offering 200,000 free G Suite licenses for local to medium-sized news organization…"
}