{
      "source": {
            "id": null,
            "name": "Allafrica.com"
      },
      "author": "",
      "title": "Africa:African Commodity Strategy - Value Addition for Global Competitiveness",
      "description": "[East African] Africa's great commodity wealth has created challenges as well as opportunities.",
      "url": "https://allafrica.com/stories/201808260151.html",
      "urlToImage": "http://allafrica.com/static/images/structure/aa-logo-rgba-no-text-128x128.png",
      "publishedAt": "2018-08-26T10:06:11Z",
      "content": "By African Union Africa's great commodity wealth has created challenges as well as opportunities. The African Union's Commodity Strategy will ensure a more collaborative process of developing and managing the continent's natural resources. Africa has about 12… [+6555 chars]",
      "fileName": "Africa African Commodity Strategy Value Addition for Global Competitiveness",
      "createdon": "2018-09-20T05:23:39.368Z",
      "md5": "17817035dcc1bd93ebd07a3fddb92158",
      "text": "[East African] Africa's great commodity wealth has created challenges as well as opportunities."
}