{
      "source": {
            "id": null,
            "name": "Entrepreneur.com"
      },
      "author": "Deep Patel",
      "title": "15 Traits That Set Influential People Apart",
      "description": "Influential leaders spark change for the better.",
      "url": "https://www.entrepreneur.com/article/318731",
      "urlToImage": "https://assets.entrepreneur.com/content/3x2/2000/20180820205713-GettyImages-878994876.jpeg",
      "publishedAt": "2018-08-22T11:00:00Z",
      "content": "August 22, 2018 9 min read Opinions expressed by Entrepreneur contributors are their own. Influence can’t be achieved through intimidation or coercion. It comes from within -- from a person’s ability to inspire and motivate those around them. Becoming an infl… [+9558 chars]",
      "fileName": "15 Traits That Set Influential People Apart",
      "createdon": "2018-09-20T05:25:05.568Z",
      "md5": "246f42a6551d902f1540bbd4e2f80c32",
      "text": "Influential leaders spark change for the better."
}