{
      "source": {
            "id": "independent",
            "name": "Independent"
      },
      "author": "Gulnaz Uighur, Gulnaz Uighur",
      "title": "I'm a Uyghur Muslim who fled China's brutal crackdown – it's time the world showed us some support",
      "description": "Chinese officials have been targeting the ethnic group for decades. As well as being imprisoned in internment camps, human rights violations like tracking Uyghurs with QR codes are increasing",
      "url": "https://www.independent.co.uk/voices/china-uyghur-muslim-rules-laws-treatment-chinese-human-rights-religion-a8534161.html",
      "urlToImage": "https://static.independent.co.uk/s3fs-public/thumbnails/image/2018/08/03/07/gettyimages-951829602.jpg",
      "publishedAt": "2018-09-12T13:14:49Z",
      "content": "Becoming a mother or a father is often described as one of the best feelings in the world. Like starting a completely new chapter, the joys of bringing a little one home, raising them and watching them achieve their goals serves as a dream for parents. Now im… [+37501 chars]",
      "fileName": "I m a Uyghur Muslim who fled China s brutal crackdown it s time the world showed us some support",
      "createdon": "2018-09-20T05:08:33.378Z",
      "md5": "cbbf4a68b3620ca4d9e68d296e70cc5e",
      "text": "Chinese officials have been targeting the ethnic group for decades. As well as being imprisoned in internment camps, human rights violations like tracking Uyghurs with QR codes are increasing"
}