{
      "source": {
            "id": null,
            "name": "Yoast.com"
      },
      "author": "Annelieke van den Berg",
      "title": "Annelieke’s Analytics: Secondary dimensions in Google Analytics",
      "description": "Generic reports in Google Analytics contain aggregated data, data from all the things on one big pile. That’s a lot of information, but not very specific. So, if you’re just monitoring your data, you might manage that by looking at the standard data you see i…",
      "url": "https://yoast.com/secondary-dimensions-in-google-analytics/",
      "urlToImage": "https://yoast.com/app/uploads/2018/09/secondary-dimensions.jpg",
      "publishedAt": "2018-09-10T12:31:00Z",
      "content": "Generic reports in Google Analytics contain aggregated data, data from all the things on one big pile. That’s a lot of information, but not very specific. So, if you’re just monitoring your data, you might manage that by looking at the standard data you see i… [+4615 chars]",
      "fileName": "Annelieke s Analytics Secondary dimensions in Google Analytics",
      "createdon": "2018-09-20T05:21:03.515Z",
      "md5": "e63e0241c3d80ef8e4058db978452d7f",
      "text": "Generic reports in Google Analytics contain aggregated data, data from all the things on one big pile. That’s a lot of information, but not very specific. So, if you’re just monitoring your data, you might manage that by looking at the standard data you see i…"
}