{
      "source": {
            "id": "business-insider",
            "name": "Business Insider"
      },
      "author": "Ethel Jiang",
      "title": "JD.com sinks after getting its most bearish target on Wall Street (JD)",
      "description": "JD.com shares dropped more than 5% Monday after Morgan Stanley slashed its price target. CEO Liu Qiangdong was briefly detained in the US over Labor Day weekend due to a rape allegation. He denied any wrong doing and has returned to China. Liu will no longer …",
      "url": "https://markets.businessinsider.com/news/stocks/jdcom-stock-price-morgan-stanley-downgrade-price-target-2018-9-1027540988",
      "urlToImage": "https://static4.businessinsider.com/image/5b9f9ed31982d88a308b51c9-2400/2018-09-07t131254z1486493467rc1470f54780rtrmadp3jd-com-ceo.jpg",
      "publishedAt": "2018-09-17T19:23:00Z",
      "content": "Aly Song/Reuters JD.com dropped more than 5% Monday after Morgan Stanley slashed its price target to $25 from $37, the lowest on Wall Street. The company's earnings will suffer well into next year due to slowing gross merchandise value growth, lighter margins… [+1101 chars]",
      "fileName": "JD com sinks after getting its most bearish target on Wall Street JD",
      "createdon": "2018-09-20T05:15:06.984Z",
      "md5": "6add1d93e73efd612a838043589060bd",
      "text": "JD.com shares dropped more than 5% Monday after Morgan Stanley slashed its price target. CEO Liu Qiangdong was briefly detained in the US over Labor Day weekend due to a rape allegation. He denied any wrong doing and has returned to China. Liu will no longer …"
}