{
      "source": {
            "id": null,
            "name": "Moneycontrol.com"
      },
      "author": null,
      "title": "Buy Mindtree; target of Rs 1260: Motilal Oswal",
      "description": "Motilal Oswal is bullish on Mindtree has recommended Buy rating on the stock with a target price of Rs 1260 in its research report dated September 03, 2018.",
      "url": "https://www.moneycontrol.com/news/business/stocks/buy-mindtree-target-of-rs-1260-motilal-oswal-2914791.html",
      "urlToImage": "https://static-news.moneycontrol.com/static-mcnews/2017/03/Buy_1-770x433.jpg",
      "publishedAt": "2018-09-04T09:39:54Z",
      "content": "Motilal Oswal's research report on Mindtree We attended Mindtree's (MTCL) analyst meet, where the company highlighted its roadmap to maintain leadership in Digital over the medium term and also invest in new areas beyond Digital for long-term sustainable grow… [+945 chars]",
      "fileName": "Buy Mindtree target of Rs 1260 Motilal Oswal",
      "createdon": "2018-09-20T05:21:58.220Z",
      "md5": "2bcd32f2b078df8d757b6ecd85db41b8",
      "text": "Motilal Oswal is bullish on Mindtree has recommended Buy rating on the stock with a target price of Rs 1260 in its research report dated September 03, 2018."
}