{
      "source": {
            "id": null,
            "name": "Cnet.com"
      },
      "author": "Erin Carson",
      "title": "Google, Microsoft and the Ad Council partner on 'She Can STEM' campaign - CNET",
      "description": "A new campaign from the Ad Council aims to give girls a look at successful women working in STEM jobs.",
      "url": "https://www.cnet.com/news/google-microsoft-and-the-ad-council-partner-on-she-can-stem-campaign/",
      "urlToImage": "https://cnet2.cbsistatic.com/img/zew9Zw71hUepIQnrmSlMU1K-9U0=/724x407/2018/09/07/8817fa0a-c427-4f00-b03b-a5bcde346991/screen-shot-2018-09-07-at-11-32-27-am.png",
      "publishedAt": "2018-09-10T13:00:18Z",
      "content": "Microsoft's Bonnie Ross talks to young girls about her job. Ad Council Somewhere around middle school, girls lose interest in science, technology, engineering, and math (STEM) subjects. There are many possible reasons -- everything from girls not really knowi… [+3085 chars]",
      "fileName": "Google Microsoft and the Ad Council partner on She Can STEM campaign CNET",
      "createdon": "2018-09-20T05:15:01.446Z",
      "md5": "bab66a065fd5d7dfd50586e86b444f8f",
      "text": "A new campaign from the Ad Council aims to give girls a look at successful women working in STEM jobs."
}