{
      "source": {
            "id": null,
            "name": "Vanguardngr.com"
      },
      "author": "Tony",
      "title": "Ekocorp repositions, set to pay dividend 10 years after",
      "description": "Ekocorp Plc said it has completed the first phase of its transformation process aimed at improving its profitability and rewarding the shareholders through dividend payment after 10 years of non-dividend payment. Continue reading Ekocorp repositions, set to p…",
      "url": "https://www.vanguardngr.com/2018/09/ekocorp-repositions-set-to-pay-dividend-10-years-after/",
      "urlToImage": "https://www.vanguardngr.com/wp-content/uploads/2018/06/1000-naira-notes.jpg",
      "publishedAt": "2018-09-03T00:52:34Z",
      "content": "By Nkiruka Nnorom Ekocorp Plc said it has completed the first phase of its transformation process aimed at improving its profitability and rewarding the shareholders through dividend payment after 10 years of non-dividend payment. Naira The interim Chief Exec… [+1585 chars]",
      "fileName": "Ekocorp repositions set to pay dividend 10 years after",
      "createdon": "2018-09-20T05:23:29.312Z",
      "md5": "eb26a62b647dcbe64d4d85210867f5d5",
      "text": "Ekocorp Plc said it has completed the first phase of its transformation process aimed at improving its profitability and rewarding the shareholders through dividend payment after 10 years of non-dividend payment. Continue reading Ekocorp repositions, set to p…"
}