{
      "source": {
            "id": null,
            "name": "Entrepreneur.com"
      },
      "author": "Christine Alemany",
      "title": "The 3 Steps You Should Follow to Make Sure Your Brand Identity Efforts Build Value",
      "description": "By following a few basic steps, you can make sure your brand identity is walking the walk, not just talking the talk.",
      "url": "https://www.entrepreneur.com/article/318797",
      "urlToImage": "https://assets.entrepreneur.com/content/3x2/2000/20180821182055-GettyImages-763160339.jpeg",
      "publishedAt": "2018-08-22T19:30:00Z",
      "content": "August 22, 2018 6 min read Opinions expressed by Entrepreneur contributors are their own. After putting in years to create the perfect brand, you probably want to simply kick back and watch your business grow. But that's a bad idea, because, unfortunately, th… [+6230 chars]",
      "fileName": "The 3 Steps You Should Follow to Make Sure Your Brand Identity Efforts Build Value",
      "createdon": "2018-09-20T05:20:41.588Z",
      "md5": "2cb0555e355afe229abfb53cc95a7bb6",
      "text": "By following a few basic steps, you can make sure your brand identity is walking the walk, not just talking the talk."
}