{
      "source": {
            "id": null,
            "name": "Thoughtcatalog.com"
      },
      "author": "Jerome London",
      "title": "13 Worst Botched Executions Of All Time",
      "description": "Heads catching on fire, witnesses sprayed with lethal chemicals, and the smell of sizzling human flesh.",
      "url": "http://thoughtcatalog.com/jeremy-london/2018/08/botched-executions/",
      "urlToImage": "https://thoughtcatalog.files.wordpress.com/2018/08/botched-executions.jpg?w=1200&resize=1200,544&quality=95&strip=all&crop=1",
      "publishedAt": "2018-08-23T17:00:43Z",
      "content": "Regardless of how one feels about the death penalty, only armchair sadists would agree that it’s justified for the government to torture murderers with the same lack of compassion that the murderers used to kill their victims—after all, we’re taught very earl… [+9932 chars]",
      "fileName": "13 Worst Botched Executions Of All Time",
      "createdon": "2018-09-21T02:09:08.829Z",
      "md5": "39fb98fab5e86f55a32e5a4f9440a143",
      "text": "Heads catching on fire, witnesses sprayed with lethal chemicals, and the smell of sizzling human flesh."
}