{
      "source": {
            "id": null,
            "name": "Stuff.co.nz"
      },
      "author": "Professor Rawinia Higgins",
      "title": "Language as 'our precious': Why Gollum is relevant to te reo Māori",
      "description": "OPINION: If Māori refuse to share te reo - like Gollum in Lord of the Rings - we're in danger of ritualising our language.",
      "url": "https://www.stuff.co.nz/national/106918910/Language-as-our-precious-Why-Gollum-is-relevant-to-te-reo-M-ori",
      "urlToImage": "https://resources.stuff.co.nz/content/dam/images/1/j/y/e/t/1/image.related.StuffLandscapeSixteenByNine.620x349.1rnn5q.png/1536638172940.jpg",
      "publishedAt": "2018-09-13T17:00:00Z",
      "content": "PROFESSOR RAWINIA HIGGINS Last updated 05:00, September 14 2018 OPINION: Gollum is relevant to te reo Māori. Let me explain. The Māori Language is a taonga (treasure) guaranteed to Māori under the Treaty of Waitangi, as confirmed by the Māori language Act 201… [+3150 chars]",
      "fileName": "Language as our precious Why Gollum is relevant to te reo M ori",
      "createdon": "2018-09-20T05:23:35.450Z",
      "md5": "8680ea38e29d328cfe62cd9bfd7d632f",
      "text": "OPINION: If Māori refuse to share te reo - like Gollum in Lord of the Rings - we're in danger of ritualising our language."
}