{
      "source": {
            "id": null,
            "name": "Cio.com"
      },
      "author": "Bart Perkins, Bart Perkins",
      "title": "What is the balanced scorecard? A framework for organizational success",
      "description": "What is the balanced scorecard? The balanced scorecard is a strategic planning and performance management framework used by business, government, and non-profits to align day-to-day activities with enterprise vision, mission, and values. The balanced scorecar…",
      "url": "https://www.cio.com/article/3298580/methodology-frameworks/what-is-the-balanced-scorecard-a-framework-for-organizational-success.html",
      "urlToImage": "https://images.idgesg.net/images/article/2017/05/puzzle_tower_jenga_growth_achievement_risk_balance_thinkstock_497573700-100724507-large.3x2.jpg",
      "publishedAt": "2018-08-24T10:00:00Z",
      "content": "What is the balanced scorecard? The balanced scorecard is a strategic planning and performance management framework used by business, government, and non-profits to align day-to-day activities with enterprise vision, mission, and values. The balanced scorecar… [+12024 chars]",
      "fileName": "What is the balanced scorecard A framework for organizational success",
      "createdon": "2018-09-20T05:23:39.359Z",
      "md5": "5b7a0f5e406f2d2169b67b3819777b03",
      "text": "What is the balanced scorecard? The balanced scorecard is a strategic planning and performance management framework used by business, government, and non-profits to align day-to-day activities with enterprise vision, mission, and values. The balanced scorecar…"
}