{
      "source": {
            "id": "the-economist",
            "name": "The Economist"
      },
      "author": null,
      "title": "Are you a stock or a bond?",
      "description": "IMAGINE two college friends whose careers have taken different paths. Simon is an investment banker. He works long hours, especially when his bank is advising on a big merger. His pastimes include potholing and skydiving. Chris works as a senior civil servant…",
      "url": "https://www.economist.com/finance-and-economics/2018/08/25/are-you-a-stock-or-a-bond",
      "urlToImage": "https://cdn.static-economist.com/sites/default/files/images/print-edition/20180825_FND001_0.jpg",
      "publishedAt": "2018-08-23T14:53:30Z",
      "content": "IMAGINE two college friends whose careers have taken different paths. Simon is an investment banker. He works long hours, especially when his bank is advising on a big merger. His pastimes include potholing and skydiving. Chris works as a senior civil servant… [+4420 chars]",
      "fileName": "Are you a stock or a bond",
      "createdon": "2018-09-21T02:09:07.078Z",
      "md5": "3a2bd102b6df9128e9e5a038966b93c4",
      "text": "IMAGINE two college friends whose careers have taken different paths. Simon is an investment banker. He works long hours, especially when his bank is advising on a big merger. His pastimes include potholing and skydiving. Chris works as a senior civil servant…"
}