{
      "source": {
            "id": "business-insider",
            "name": "Business Insider"
      },
      "author": "markets.businessinsider.com",
      "title": "Only 20% of Consumers Understand the Term 'Internet of Things' Yet Nearly 70% Own an IoT Device - Markets Insider",
      "description": "Bristol Herald Courier (press release) (blog) Only 20% of Consumers Understand the Term ' Internet of Things ' Yet Nearly 70% Own an IoT Device Markets Insider FRANKLIN, Tenn. and FAYETTEVILLE, Ark., Aug. 28, 2018 /PRNewswire/ -- Metova, a world-leading provi…",
      "url": "https://markets.businessinsider.com/news/stocks/only-20-of-consumers-understand-the-term-internet-of-things-yet-nearly-70-own-an-iot-device-1027491028",
      "urlToImage": "https://mma.prnewswire.com/media/507110/Metova_Logo.jpg",
      "publishedAt": "2018-08-29T07:57:13Z",
      "content": "FRANKLIN, Tenn. and FAYETTEVILLE, Ark., Aug. 28, 2018 /PRNewswire/ --Â Metova, a world-leading provider of mobile, connected car, connected home and IoT Solutions, today announced the results of a survey revealing the sentiment of over 1000 consumers on IoT a… [+3261 chars]",
      "fileName": "Only 20 of Consumers Understand the Term Internet of Things Yet Nearly 70 Own an IoT Device Markets Insider",
      "createdon": "2018-09-20T05:23:29.474Z",
      "md5": "cfe0e6d6bb2f6c662df5329777772fd7",
      "text": "Bristol Herald Courier (press release) (blog) Only 20% of Consumers Understand the Term ' Internet of Things ' Yet Nearly 70% Own an IoT Device Markets Insider FRANKLIN, Tenn. and FAYETTEVILLE, Ark., Aug. 28, 2018 /PRNewswire/ -- Metova, a world-leading provi…"
}