{
      "source": {
            "id": null,
            "name": "Fool.com"
      },
      "author": "newsfeedback@fool.com (Todd Campbell, Keith Speights, and Chuck Saletta)",
      "title": "3 Top Healthcare Stocks to Buy This Week",
      "description": "There are big reasons these stocks could be worth including in portfolios now.",
      "url": "https://www.fool.com/investing/2018/08/28/3-top-healthcare-stocks-to-buy-in-month.aspx",
      "urlToImage": "https://g.foolcdn.com/image/?url=https%3A%2F%2Fg.foolcdn.com%2Feditorial%2Fimages%2F492312%2Fbuy-key-on-keyboard-gettyimages-903919994.jpg&h=630&w=1200&op=resize",
      "publishedAt": "2018-08-29T00:00:00Z",
      "content": "As we exit August, a few of our top Motley Fool contributors think buying shares of Teva Pharmaceutical ( NYSE:TEVA ), Health Insurance Innovations ( NASDAQ:HIIQ ), and Gilead Sciences ( NASDAQ:GILD ) could pay off. Are these stocks right for your portfolio? … [+5111 chars]",
      "fileName": "3 Top Healthcare Stocks to Buy This Week",
      "createdon": "2018-09-20T05:20:35.947Z",
      "md5": "ba9c53774f54d411bec081bd2c42c631",
      "text": "There are big reasons these stocks could be worth including in portfolios now."
}