{
      "source": {
            "id": null,
            "name": "Espn.com"
      },
      "author": null,
      "title": "How nickel-sized tech helps Eagles track Wentz's recovery",
      "description": "There's no reason to rely on eye tests when player-tracking technology can assist with injury returns, and the Eagles are leading the way.",
      "url": "http://www.espn.com/blog/philadelphia-eagles/post/_/id/25698/technology-helps-eagles-track-recovery-of-players-like-carson-wentz",
      "urlToImage": "http://a2.espncdn.com/combiner/i?img=%2Fphoto%2F2018%2F0822%2Fr418301_1296x729_16%2D9.jpg",
      "publishedAt": "2018-08-23T13:22:47Z",
      "content": "It was a Tuesday smack in the dog days of Philadelphia Eagles training camp, and Carson Wentz' s throws were exploding out of his hand. At the helm during seven-on-seven drills, Wentz unfurled three heat-seekers in a row: to Mack Hollins along the sideline, a… [+8916 chars]",
      "fileName": "How nickel sized tech helps Eagles track Wentz s recovery",
      "createdon": "2018-09-20T05:22:51.515Z",
      "md5": "79196743be27d5e7ed7a1b09593ea771",
      "text": "There's no reason to rely on eye tests when player-tracking technology can assist with injury returns, and the Eagles are leading the way."
}