{
      "source": {
            "id": null,
            "name": "Elearningindustry.com"
      },
      "author": "Maureen Gleeson",
      "title": "Lumesse Highlights Trust Issues For L&D And HR In The Age Of Blockchain",
      "description": "Use of, and interest, in blockchain as an alternative trust mechanism is on the increase in HR and L&D, although the technology has trust issues of its own, according to an article in Lumesse Learning’s relaunched Curve magazine. This post was first published…",
      "url": "https://elearningindustry.com/press-releases/lumesse-highlights-trust-issues-for-ld-hr-age-blockchain",
      "urlToImage": "https://cdn.elearningindustry.com/wp-content/uploads/2018/08/9670030e946e456c51ccb34a82f71a6b.jpeg",
      "publishedAt": "2018-08-20T09:33:07Z",
      "content": "Trust is a central issue for the People function in the wake of the Facebook/Cambridge Analytica debacle, the introduction of GDPR, rising fears about invasion of privacy, cyber attacks and abuses of social media. In an article for The Curve Magazine, Peter W… [+2570 chars]",
      "fileName": "Lumesse Highlights Trust Issues For L D And HR In The Age Of Blockchain",
      "createdon": "2018-09-20T05:22:06.247Z",
      "md5": "1b9363d40a17ccfb3be1e9e85c542f9f",
      "text": "Use of, and interest, in blockchain as an alternative trust mechanism is on the increase in HR and L&D, although the technology has trust issues of its own, according to an article in Lumesse Learning’s relaunched Curve magazine. This post was first published…"
}