{
      "source": {
            "id": null,
            "name": "Forbes.com"
      },
      "author": "Mike Saunders, MBA, CommunityVoice, Mike Saunders, MBA, CommunityVoice https://www.forbes.com/sites/forbescoachescouncil/people/mikesaunders1/",
      "title": "Positioning Yourself As An Authority Is A Powerful Brand Marketing Strategy",
      "description": "Authority positioning affords a business the ability to leverage their experience to gain an elevated expert status within the specialized confines of their industry.",
      "url": "https://www.forbes.com/sites/forbescoachescouncil/2018/09/05/positioning-yourself-as-an-authority-is-a-powerful-brand-marketing-strategy/",
      "urlToImage": "https://thumbor.forbes.com/thumbor/600x315/https%3A%2F%2Fblogs-images.forbes.com%2Fforbescoachescouncil%2Ffiles%2F2018%2F09%2Fcanva-photo-editor-3-500x500.png",
      "publishedAt": "2018-09-05T12:30:00Z",
      "content": "Share to facebook Share to twitter Share to linkedin If you are not systematically and methodically establishing yourself as an authority, at least in your target market, you are ignoring the true power behind the marketplace. This is the&amp;nbsp;axiom behin… [+8633 chars]",
      "fileName": "Positioning Yourself As An Authority Is A Powerful Brand Marketing Strategy",
      "createdon": "2018-09-20T05:22:51.485Z",
      "md5": "39ef15db73a2385dcff8f9c63841f341",
      "text": "Authority positioning affords a business the ability to leverage their experience to gain an elevated expert status within the specialized confines of their industry."
}