{
      "source": {
            "id": null,
            "name": "Gamasutra.com"
      },
      "author": "Bryant Francis",
      "title": "XRDC speaker Q& A: IBM's Reena Ganga on using AR to analyze data",
      "description": "IBM UX designer Reena Ganga discusses how data visualization in augmented reality is helping companies across the globe....",
      "url": "http://www.gamasutra.com/view/news/325315/XRDC_speaker_Qamp_A_IBMs_Reena_Ganga_on_using_AR_to_analyze_data.php?utm_source=feedburner&utm_medium=feed&utm_campaign=Feed%3A+GamasutraFeatureArticles+%28Gamasutra+Feature+Articles%29",
      "urlToImage": "http://www.gamasutra.com/db_area/images/news/2018/Aug/325315/reenagangathumb.jpg",
      "publishedAt": "2018-08-27T17:51:00Z",
      "content": "At XRDC this year, IBM AR designers Reena Ganga and Jenna Goldberg will be presenting a talk on the company's work in data visualization in augmented reality. As many companies seek to parse the reams and reams of data and metrics they're relying on to improv… [+5710 chars]",
      "fileName": "XRDC speaker Q A IBM s Reena Ganga on using AR to analyze data",
      "createdon": "2018-09-20T05:21:07.097Z",
      "md5": "a6cf9129ce3354f976c4fd6eb417b8b8",
      "text": "IBM UX designer Reena Ganga discusses how data visualization in augmented reality is helping companies across the globe...."
}