{
      "source": {
            "id": null,
            "name": "Infosecurity-magazine.com"
      },
      "author": "Kacy Zurkus",
      "title": "Little Security Input in IoT Deployment Decisions",
      "description": "A new survey finds that security teams are not consulted on IoT projects nearly 62% of the time.",
      "url": "https://www.infosecurity-magazine.com:443/news/low-security-input-in-iot/",
      "urlToImage": "https://assets.infosecurity-magazine.com/webpage/og/39d2c3d3-c34e-4138-9560-9651a070fd25.jpg",
      "publishedAt": "2018-09-05T16:41:00Z",
      "content": "A recent survey of global IT and security decision-makers found that companies are exposing themselves to greater risks by excluding IT security teams from discussions on internet of things (IoT) deployment plans. Trend Micro, in collaboration with Vanson Bou… [+1681 chars]",
      "fileName": "Little Security Input in IoT Deployment Decisions",
      "createdon": "2018-09-20T05:23:23.370Z",
      "md5": "288cc38cf5966f212e9d32d9d35ac7aa",
      "text": "A new survey finds that security teams are not consulted on IoT projects nearly 62% of the time."
}