{
      "source": {
            "id": null,
            "name": "Itnews.com.au"
      },
      "author": null,
      "title": "BUPA turns to tech to simplify health insurance",
      "description": "'Curates' paths through complexity for customers.",
      "url": "https://www.itnews.com.au/news/bupa-turns-to-tech-to-simplify-health-insurance-512090",
      "urlToImage": "https://i.nextmedia.com.au/News/bupa-env1.jpg",
      "publishedAt": "2018-09-06T02:13:00Z",
      "content": "Health insurer BUPA is hoping to use technology to “curate” paths for customers through Australia’s complex healthcare system, augmenting mandated simplifications due next year. Growth and performance managing director David Hirsch told the Adobe Symposium Au… [+3722 chars]",
      "fileName": "BUPA turns to tech to simplify health insurance",
      "createdon": "2018-09-20T05:22:06.386Z",
      "md5": "5949f870f600fd28411a39f518038f41",
      "text": "'Curates' paths through complexity for customers."
}