{
      "source": {
            "id": null,
            "name": "Entrepreneur.com"
      },
      "author": "Chirag Kulkarni",
      "title": "4 Strategies That Will Help You Land More Qualified Leads",
      "description": "If your cold calls feel like a waste of time, use these strategies to generate more valuable, qualified leads before your salespeople get on the phone.",
      "url": "https://www.entrepreneur.com/article/318029",
      "urlToImage": "https://assets.entrepreneur.com/content/3x2/2000/20180906220340-GettyImages-674115376.jpeg",
      "publishedAt": "2018-09-08T21:30:00Z",
      "content": "September 8, 2018 5 min read Opinions expressed by Entrepreneur contributors are their own. According to The Bridge Group, the average sales rep makes 46 calls each day. That’s a lot of time on the phone, and if those calls aren’t going out to qualified leads… [+5311 chars]",
      "fileName": "4 Strategies That Will Help You Land More Qualified Leads",
      "createdon": "2018-09-20T05:22:45.716Z",
      "md5": "3739c9becef4cc3187f0eb271c2a8d8a",
      "text": "If your cold calls feel like a waste of time, use these strategies to generate more valuable, qualified leads before your salespeople get on the phone."
}