{
      "source": {
            "id": null,
            "name": "Minethatdata.com"
      },
      "author": "Kevin Hillstrom",
      "title": "Another Discussion With Catalog Craig Paperman",
      "description": "Database Marketing, Data Mining, Analytics, Big Data, Forecasting, Segmentation, Predictive Modeling, Measurement, Catalog, Business",
      "url": "https://blog.minethatdata.com/2018/09/another-discussion-with-catalog-craig.html",
      "urlToImage": "https://2.bp.blogspot.com/-K5wsCuJDs80/W5RU0vlzvBI/AAAAAAAAIO8/ucNzmBTIumYMml-BmMOLDtlwTkigHUbsgCLcBGAs/w1200-h630-p-k-no-nu/Cartoon_HaroldHippoman.jpg",
      "publishedAt": "2018-09-10T03:10:00Z",
      "content": "If you don't like these interviews, go ahead and click here and read about how women are discriminated against in Venture Capital. Kevin: Craig, you look like the delivery of your September catalog is slow, is everything ok? Craig: I'm still thinking about yo… [+5011 chars]",
      "fileName": "Another Discussion With Catalog Craig Paperman",
      "createdon": "2018-09-20T05:21:20.724Z",
      "md5": "0baf6cbd8801df528662033f199d8aa8",
      "text": "Database Marketing, Data Mining, Analytics, Big Data, Forecasting, Segmentation, Predictive Modeling, Measurement, Catalog, Business"
}