{
      "source": {
            "id": null,
            "name": "Forbes.com"
      },
      "author": "Kate O'Flaherty, Contributor, Kate O'Flaherty, Contributor https://www.forbes.com/sites/kateoflahertyuk/",
      "title": "Meet The Firm Paying Ransoms In Bitcoin On Behalf Of Its Customers",
      "description": "This firm negotiates with cyber criminals on behalf of its small businesses customers when not paying the ransom isn't an option",
      "url": "https://www.forbes.com/sites/kateoflahertyuk/2018/09/17/meet-the-firm-paying-ransoms-in-bitcoin-on-behalf-of-its-customers/",
      "urlToImage": "https://thumbor.forbes.com/thumbor/600x315/https%3A%2F%2Fspecials-images.forbesimg.com%2Fdam%2Fimageserve%2F748319657%2F960x0.jpg%3Ffit%3Dscale",
      "publishedAt": "2018-09-17T11:55:00Z",
      "content": "“Never pay” is the general advice when dealing with a ransomware attack. But it's not always possible to follow this rule, according to a company that helps small firms negotiate with cyber criminals to reduce ransom amounts, paying them in Bitcoins. “We are … [+11679 chars]",
      "fileName": "Meet The Firm Paying Ransoms In Bitcoin On Behalf Of Its Customers",
      "createdon": "2018-09-20T05:21:20.471Z",
      "md5": "afe81470334bb4558cd6682b3c07fb76",
      "text": "This firm negotiates with cyber criminals on behalf of its small businesses customers when not paying the ransom isn't an option"
}