{
      "source": {
            "id": null,
            "name": "Androidauthority.com"
      },
      "author": "AA Picks",
      "title": "Master the Adobe Creative Cloud for only $39 (deal ends soon!)",
      "description": "Want to start editing photos and videos like a boss? The Complete Adobe Mastery Bundle contains 11 expert training kits.",
      "url": "https://www.androidauthority.com/complete-adobe-mastery-bundle-900766/",
      "urlToImage": "https://cdn57.androidauthority.net/wp-content/uploads/2018/03/Adobe-2-920x470.png",
      "publishedAt": "2018-09-02T16:35:56Z",
      "content": "The Adobe Creative Cloud is the gold standard when it comes to photo editing and design software. It’s a creative’s dream and if you want to make a career in any creative industry, you’re probably going to have to learn it. Today’s deal is the perfect way to … [+1318 chars]",
      "fileName": "Master the Adobe Creative Cloud for only 39 deal ends soon",
      "createdon": "2018-09-20T05:25:07.308Z",
      "md5": "43b422e562a17a21bdf62c3b03cdeaea",
      "text": "Want to start editing photos and videos like a boss? The Complete Adobe Mastery Bundle contains 11 expert training kits."
}