{
      "source": {
            "id": null,
            "name": "Cio.com.au"
      },
      "author": "Byron Connolly",
      "title": "Australian companies have failed to digitally scale: Gartner",
      "description": "A meagre 8 per cent of Australian enterprises are getting results from their digital transformation activities, according to a new report.",
      "url": "https://www.cio.com.au/article/645458/australian-companies-failed-digitally-scale-gartner/",
      "urlToImage": "https://d2r9nfiii89r0l.cloudfront.net/article/images/800x800/dimg/dreamstime_s_104480744_1.jpg",
      "publishedAt": "2018-08-20T06:08:56Z",
      "content": "A meagre 8 per cent of Australian enterprises are getting results from their digital transformation activities, according to a new report. The research, Digital Business Transformation: An Australian Perspective, published by Gartner’s research director Jenny… [+5385 chars]",
      "fileName": "Australian companies have failed to digitally scale Gartner",
      "createdon": "2018-09-20T05:22:02.353Z",
      "md5": "a9c2fae6b123e94d8fdf46c60f44734f",
      "text": "A meagre 8 per cent of Australian enterprises are getting results from their digital transformation activities, according to a new report."
}