{
      "source": {
            "id": "the-next-web",
            "name": "The Next Web"
      },
      "author": "Ricardo Gomez-Ulmke",
      "title": "Putting more plastic in the ocean might actually be a good thing",
      "description": "Picture yourself sailing over the ocean blue and coming across a patch of plastic garbage that is twice the size of Texas. No, this is not the setting of some post-apocalyptic thriller. Discovered in the early 80s and now referred to as the Great Pacific Garb…",
      "url": "https://thenextweb.com/contributors/2018/09/08/more-plastic-in-ocean-could-be-positive/",
      "urlToImage": "https://cdn0.tnwcdn.com/wp-content/blogs.dir/1/files/2018/09/Untitled-design-1-4-social.png",
      "publishedAt": "2018-09-08T08:30:22Z",
      "content": "Picture yourself sailing over the ocean blue and coming across a patch of plastic garbage that is twice the size of Texas. No, this is not the setting of some post-apocalyptic thriller. Discovered in the early 80s and now referred to as the Great Pacific Garb… [+7172 chars]",
      "fileName": "Putting more plastic in the ocean might actually be a good thing",
      "createdon": "2018-09-20T05:22:17.454Z",
      "md5": "571f7d00a865970dc18f78b2b156e9c2",
      "text": "Picture yourself sailing over the ocean blue and coming across a patch of plastic garbage that is twice the size of Texas. No, this is not the setting of some post-apocalyptic thriller. Discovered in the early 80s and now referred to as the Great Pacific Garb…"
}