{
      "source": {
            "id": "the-hindu",
            "name": "The Hindu"
      },
      "author": "PTI",
      "title": "Sensex, Nifty edge lower on rupee woes, derivatives expiry",
      "description": "Benchmark indices Sensex and Nifty fell for the second consecutive session on Thursday as investors fretted over plunging rupee and rising crude oil",
      "url": "https://www.thehindu.com/business/markets/sensex-nifty-edge-lower-on-rupee-woes-derivatives-expiry/article24821548.ece",
      "urlToImage": "https://www.thehindu.com/business/markets/vjjna5/article24821547.ece/ALTERNATES/LANDSCAPE_615/PTI8302018000169B",
      "publishedAt": "2018-08-30T13:39:30Z",
      "content": "Benchmark indices Sensex and Nifty fell for the second consecutive session on Thursday as investors fretted over plunging rupee and rising crude oil prices, while August futures and options (F&amp;O) expiry further added to market volatility. The BSE benchmar… [+3651 chars]",
      "fileName": "Sensex Nifty edge lower on rupee woes derivatives expiry",
      "createdon": "2018-09-20T05:22:29.255Z",
      "md5": "cbeef8ae66348624065850cb0f60088f",
      "text": "Benchmark indices Sensex and Nifty fell for the second consecutive session on Thursday as investors fretted over plunging rupee and rising crude oil"
}