{
      "source": {
            "id": null,
            "name": "Wowebook.org"
      },
      "author": "WOW! eBook",
      "title": "Scala Machine Learning Projects",
      "description": "Scala Machine Learning Projects: Build real-world machine learning and deep learning projects with Scala",
      "url": "https://www.wowebook.org/scala-machine-learning-projects/",
      "urlToImage": "https://www.wowebook.org/wp-content/uploads/2018/09/Scala-Machine-Learning-Projects.jpg",
      "publishedAt": "2018-09-04T21:56:46Z",
      "content": null,
      "fileName": "Scala Machine Learning Projects",
      "createdon": "2018-09-20T05:25:09.299Z",
      "md5": "530c8fc12a24f6d04aac73333d0cbe06",
      "text": "Scala Machine Learning Projects: Build real-world machine learning and deep learning projects with Scala"
}