{
      "source": {
            "id": null,
            "name": "Apartmenttherapy.com"
      },
      "author": "Amanda Derrick",
      "title": "Is \"Flat-Fee Realty\" Right for You?",
      "description": "Getting ready to sell a house can be an intimidating prospect. As you prepare for your next move, you're likely concerned about one question above all else: How much money will you make from selling your home? The profit from your home will determine your bud…",
      "url": "https://www.apartmenttherapy.com/flat-fee-realty-261976",
      "urlToImage": "https://atmedia.imgix.net/7a0f652db135f5dcde8f3afa5e49d82744f9d9c5?w=1500&fit=max",
      "publishedAt": "2018-08-25T18:30:00Z",
      "content": "Getting ready to sell a house can be an intimidating prospect. As you prepare for your next move, you're likely concerned about one question above all else: How much money will you make from selling your home? The profit from your home will determine your bud… [+7273 chars]",
      "fileName": "Is Flat Fee Realty Right for You",
      "createdon": "2018-09-20T05:22:47.670Z",
      "md5": "ceaae4ead829096abec77aed31ebbcff",
      "text": "Getting ready to sell a house can be an intimidating prospect. As you prepare for your next move, you're likely concerned about one question above all else: How much money will you make from selling your home? The profit from your home will determine your bud…"
}