{
      "source": {
            "id": null,
            "name": "Hbr.org"
      },
      "author": "John Hagel III",
      "title": "3 Kinds of Jobs That Will Thrive as Automation Advances",
      "description": "Are you a creator, a composer, or a coach?",
      "url": "https://hbr.org/2018/08/3-kinds-of-jobs-that-will-thrive-as-automation-advances",
      "urlToImage": "https://hbr.org/resources/images/article_assets/2018/08/aug18_21_86304781.jpg",
      "publishedAt": "2018-08-21T12:05:30Z",
      "content": "Russ Widstrand/Getty Images As technology transforms our economy, one trend is getting more and more attention: the prospect that it will increasingly automate the work that we human beings do. And it’s not just low skilled, manual labor that’s at risk — “kno… [+8294 chars]",
      "fileName": "3 Kinds of Jobs That Will Thrive as Automation Advances",
      "createdon": "2018-09-20T05:15:05.356Z",
      "md5": "02cad9f2f2fe286f025620f3ace42ddc",
      "text": "Are you a creator, a composer, or a coach?"
}