{
      "source": {
            "id": null,
            "name": "Fool.com"
      },
      "author": "newsfeedback@fool.com (Rich Smith)",
      "title": "Does Kratos' Big Contract Win Make It a Buy?",
      "description": "No -- but it's a good start.",
      "url": "https://www.fool.com/investing/2018/09/06/does-kratos-big-contract-win-make-it-a-buy.aspx",
      "urlToImage": "https://g.foolcdn.com/image/?url=https%3A%2F%2Fg.foolcdn.com%2Feditorial%2Fimages%2F493501%2Fdrone-silhouette.jpg&h=630&w=1200&op=resize",
      "publishedAt": "2018-09-06T10:31:00Z",
      "content": "In an average year, defense contractor Kratos Defense &amp; Security Solutions, Inc. ( NASDAQ:KTOS ) -- a tiny company with a very long name -- bills perhaps $700 million and change. Over the past 12 months, for example, Kratos' revenues were just over $766 m… [+3607 chars]",
      "fileName": "Does Kratos Big Contract Win Make It a Buy",
      "createdon": "2018-09-20T05:20:39.759Z",
      "md5": "2bf42a7a5b2421d8603a77deee82132d",
      "text": "No -- but it's a good start."
}