{
      "source": {
            "id": "the-hindu",
            "name": "The Hindu"
      },
      "author": "PTI &",
      "title": "Solar eruptions may not be slinky shaped: Study - The Hindu",
      "description": "Newsline Solar eruptions may not be slinky shaped: Study The Hindu Solar eruptions may not have slinky-like shapes as commonly believed, according to a study that may help protect satellites in space as well as the electrical grid on Earth in the future. Revi…",
      "url": "https://www.thehindu.com/todays-paper/tp-in-school/solar-eruptions-may-not-be-slinky-shaped-study/article24850893.ece",
      "urlToImage": "https://www.thehindu.com/static/theme/default/base/img/og-image.jpg",
      "publishedAt": "2018-09-03T01:16:57Z",
      "content": "The shape of solar eruptions Solar eruptions may not have slinky-like shapes as commonly believed, according to a study that may help protect satellites in space as well as the electrical grid on Earth in the future. Revisiting older data, researchers from th… [+996 chars]",
      "fileName": "Solar eruptions may not be slinky shaped Study The Hindu",
      "createdon": "2018-09-20T05:22:19.510Z",
      "md5": "349bf1359ed8775ff394dee2117b57dc",
      "text": "Newsline Solar eruptions may not be slinky shaped: Study The Hindu Solar eruptions may not have slinky-like shapes as commonly believed, according to a study that may help protect satellites in space as well as the electrical grid on Earth in the future. Revi…"
}