{
      "source": {
            "id": null,
            "name": "Cio.com"
      },
      "author": "Brand Post, Brand Post",
      "title": "BrandPost: How to Plan for Success when mapping a Multi-Cloud Strategy",
      "description": "Enterprises are excited about the potential for cloud computing and creating a strategy around its possibilities. Conversations with influencers helped us understand potential challenges and how to maneuver around them for continued success. Eric Roch, ( @ Li…",
      "url": "https://www.cio.com/article/3301886/cloud-computing/how-to-plan-for-success-when-mapping-a-multi-cloud-strategy.html",
      "urlToImage": "https://images.idgesg.net/images/article/2018/08/cloud-100770444-large.3x2.jpg",
      "publishedAt": "2018-08-30T20:15:00Z",
      "content": "Enterprises are excited about the potential for cloud computing and creating a strategy around its possibilities. Conversations with influencers helped us understand potential challenges and how to maneuver around them for continued success. Eric Roch, ( @ Li… [+6480 chars]",
      "fileName": "BrandPost How to Plan for Success when mapping a Multi Cloud Strategy",
      "createdon": "2018-09-20T05:23:25.247Z",
      "md5": "fb9f764b0408813c603b1f8dbeca16a0",
      "text": "Enterprises are excited about the potential for cloud computing and creating a strategy around its possibilities. Conversations with influencers helped us understand potential challenges and how to maneuver around them for continued success. Eric Roch, ( @ Li…"
}