{
      "source": {
            "id": "reuters",
            "name": "Reuters"
      },
      "author": "Stephanie Nebehay",
      "title": "U.N. war crimes team documents further Syrian government use of banned chlorine",
      "description": "Syrian government forces fired chlorine, a banned chemical weapon, on a rebel-held Damascus suburb and on Idlib province this year, in attacks that constitute war crimes, United Nations human rights investigators said on Wednesday.",
      "url": "https://www.reuters.com/article/us-mideast-crisis-syria-warcrimes/u-n-war-crimes-team-documents-further-syrian-government-use-of-banned-chlorine-idUSKCN1LS1JH",
      "urlToImage": "https://s2.reutersmedia.net/resources/r/?m=02&d=20180912&t=2&i=1303516762&w=1200&r=LYNXNPEE8B0XD",
      "publishedAt": "2018-09-12T10:21:02Z",
      "content": "GENEVA (Reuters) - Syrian government forces fired chlorine, a banned chemical weapon, on a rebel-held Damascus suburb and on Idlib province this year, in attacks that constitute war crimes, United Nations human rights investigators said on Wednesday. The thre… [+3024 chars]",
      "fileName": "U N war crimes team documents further Syrian government use of banned chlorine",
      "createdon": "2018-09-20T05:08:28.043Z",
      "md5": "85e68c31ba0f6a5635f51e6c6189cdd0",
      "text": "Syrian government forces fired chlorine, a banned chemical weapon, on a rebel-held Damascus suburb and on Idlib province this year, in attacks that constitute war crimes, United Nations human rights investigators said on Wednesday."
}