{
      "source": {
            "id": null,
            "name": "Lifehacker.com"
      },
      "author": "David Murphy",
      "title": "I'm David Murphy, Lifehacker Senior Technology Editor, and This Is How I Work",
      "description": "Every week, we share the shortcuts, workspaces, and productivity tips of our favorite experts. This week, we’re going behind the scenes at Lifehacker. I’m David Murphy, and this is how I work. Read more...",
      "url": "https://lifehacker.com/im-david-murphy-lifehacker-senior-technology-editor-a-1829127129",
      "urlToImage": "https://i.kinja-img.com/gawker-media/image/upload/s--Tx5b_cDe--/c_fill,fl_progressive,g_center,h_900,q_80,w_1600/sftlxawwfadcy7dp36wq.jpg",
      "publishedAt": "2018-09-19T17:00:00Z",
      "content": "Every week, we share the shortcuts, workspaces, and productivity tips of our favorite experts. This week, we’re going behind the scenes at Lifehacker. I’m David Murphy, and this is how I work. Name: David Murphy Location: Silicon Valley Current Gig: Senior Te… [+9668 chars]",
      "fileName": "I m David Murphy Lifehacker Senior Technology Editor and This Is How I Work",
      "createdon": "2018-09-20T05:22:45.411Z",
      "md5": "eb922ecc74beee5c6f28b9194b48070b",
      "text": "Every week, we share the shortcuts, workspaces, and productivity tips of our favorite experts. This week, we’re going behind the scenes at Lifehacker. I’m David Murphy, and this is how I work. Read more..."
}