{
      "source": {
            "id": null,
            "name": "Plos.org"
      },
      "author": "Shin Ae Kim, Samuel Smith, Carlos Beauchamp, Yang Song, Martin Chiang, Anthony Giuseppetti, Stanislav Frukhtbeyn, Ian Shaffer, Joshua Wilhide, Denis Routkevitch, John M. Ondov, Jeffrey J. Kim",
      "title": "Cariogenic potential of sweet flavors in electronic-cigarette liquids",
      "description": "Background Most electronic-cigarette liquids contain propylene glycol, glycerin, nicotine and a wide variety of flavors of which many are sweet. Sweet flavors are classified as saccharides, esters, acids or aldehydes. This study investigates changes in cariog…",
      "url": "https://journals.plos.org/plosone/article?id=10.1371/journal.pone.0203717",
      "urlToImage": "https://journals.plos.org/plosone/article/figure/image?id=10.1371/journal.pone.0203717.g006&size=inline",
      "publishedAt": "2018-09-07T21:00:00Z",
      "content": "Citation: Kim SA, Smith S, Beauchamp C, Song Y, Chiang M, Giuseppetti A, et al. (2018) Cariogenic potential of sweet flavors in electronic-cigarette liquids. PLoS ONE 13(9): e0203717. https://doi.org/10.1371/journal.pone.0203717 Editor: Neal Doran, University… [+43065 chars]",
      "fileName": "Cariogenic potential of sweet flavors in electronic cigarette liquids",
      "createdon": "2018-09-20T05:22:31.716Z",
      "md5": "01641f50034d4faafa1d082f73ea1d0b",
      "text": "Background Most electronic-cigarette liquids contain propylene glycol, glycerin, nicotine and a wide variety of flavors of which many are sweet. Sweet flavors are classified as saccharides, esters, acids or aldehydes. This study investigates changes in cariog…"
}