{
      "source": {
            "id": null,
            "name": "Kdnuggets.com"
      },
      "author": "Matt Mayo Editor",
      "title": "Top Stories, Sep 10-16: Essential Math for Data Science: Why and How; Machine Learning Cheat Sheets",
      "description": "Also: Hadoop for Beginners; Object Detection and Image Classification with YOLO; Journey to Machine Learning 100 Days of ML Code; Data Visualization Cheat Sheet; Neural Networks and Deep Learning: A Textbook",
      "url": "https://www.kdnuggets.com/2018/09/top-news-week-0910-0916.html",
      "urlToImage": null,
      "publishedAt": "2018-09-17T16:15:51Z",
      "content": "Also: Hadoop for Beginners; Object Detection and Image Classification with YOLO; Journey to Machine Learning 100 Days of ML Code; Data Visualization Cheat Sheet; Neural Networks and Deep Learning: A Textbook",
      "fileName": "Top Stories Sep 10 16 Essential Math for Data Science Why and How Machine Learning Cheat Sheets",
      "createdon": "2018-09-20T05:25:09.253Z",
      "md5": "b96f5020354092dcc5428191ba69d86d",
      "text": "Also: Hadoop for Beginners; Object Detection and Image Classification with YOLO; Journey to Machine Learning 100 Days of ML Code; Data Visualization Cheat Sheet; Neural Networks and Deep Learning: A Textbook"
}