{
      "source": {
            "id": null,
            "name": "Business2community.com"
      },
      "author": "Yoshitaka Shiotsu",
      "title": "Top AI and Machine Learning Trends of 2018",
      "description": "We’ve come a long way since the term artificial intelligence (AI) was coined by AI luminary John McCarthy at Dartmouth in 1955. Sixty-three years later, AI is transforming healthcare, fintech, and other industries across the spectrum. While the quest for a tr…",
      "url": "https://www.business2community.com/brandviews/upwork/top-ai-and-machine-learning-trends-of-2018-02116357",
      "urlToImage": "https://cdn.business2community.com/wp-content/uploads/2018/09/Top-AI-and-Machine-Learning-Trends-of-2018-feature.jpg",
      "publishedAt": "2018-09-06T14:35:09Z",
      "content": "We’ve come a long way since the term artificial intelligence (AI) was coined by AI luminary John McCarthy at Dartmouth in 1955. Sixty-three years later, AI is transforming healthcare, fintech, and other industries across the spectrum. While the quest for a tr… [+5806 chars]",
      "fileName": "Top AI and Machine Learning Trends of 2018",
      "createdon": "2018-09-20T05:25:13.212Z",
      "md5": "c5f0b8b31878e2c15972d44fcd805dc8",
      "text": "We’ve come a long way since the term artificial intelligence (AI) was coined by AI luminary John McCarthy at Dartmouth in 1955. Sixty-three years later, AI is transforming healthcare, fintech, and other industries across the spectrum. While the quest for a tr…"
}