{
      "source": {
            "id": null,
            "name": "Dx.com"
      },
      "author": null,
      "title": "ZHAOYAO 2M USB3.1 Type C to HDMI 4K 60Hz HDTV Data Transmission Cable - Black",
      "description": "SKU #: 596353, Price: CA$16.54 free shipping Color Black Quantity 1 piece Shade Of Color Black Material Aluminum alloy Interface Others,Type C,HDMI Packing List 1 x Type C to HDMI Adapter Cable Add To Cart Add To Wish List",
      "url": "http://www.dx.com/p/zhaoyao-2m-usb3-1-type-c-to-hdmi-4k-60hz-hdtv-data-transmission-cable-black-596351",
      "urlToImage": "//img.dxcdn.com/productimages/sku_596353_1.jpg",
      "publishedAt": "2018-09-05T03:49:33Z",
      "content": "To enable volume discounts on this site, use coupon code: BULKRATE during checkout. You will see a discount applied at the bottom of the shopping cart. Competitive pricing is available. Contact us for details. What is Bulk Rate? BulkRate is a semi-wholesale s… [+545 chars]",
      "fileName": "ZHAOYAO 2M USB3 1 Type C to HDMI 4K 60Hz HDTV Data Transmission Cable Black",
      "createdon": "2018-09-20T05:22:21.412Z",
      "md5": "36193c788e2c77fee2cbe733c290f439",
      "text": "SKU #: 596353, Price: CA$16.54 free shipping Color Black Quantity 1 piece Shade Of Color Black Material Aluminum alloy Interface Others,Type C,HDMI Packing List 1 x Type C to HDMI Adapter Cable Add To Cart Add To Wish List"
}