{
      "source": {
            "id": null,
            "name": "Edweek.org"
      },
      "author": "David A. DeSchryver & Noelle Ellerson Ng",
      "title": "District Spending Is About to Get a Lot More Transparent. Are You Ready?",
      "description": "ESSA's new fiscal transparency requirement is a sleeper issue. Start paying attention, write David A. DeSchryver and Noelle Ellerson Ng.",
      "url": "https://www.edweek.org/ew/articles/2018/08/29/district-spending-is-about-to-get-a.html",
      "urlToImage": "https://www.edweek.org/media/2018/08/24/02deschryver-470x235-social-copyright-jonathan%20bouw.jpg",
      "publishedAt": "2018-08-24T21:05:12Z",
      "content": "Commentary It's time for superintendents to tackle a challenging conversation about how they allocate their limited financial resources—and how those decisions align with the core values of public education. The Every Student Succeeds Act's fiscal transparenc… [+5896 chars]",
      "fileName": "District Spending Is About to Get a Lot More Transparent Are You Ready",
      "createdon": "2018-09-20T05:23:25.393Z",
      "md5": "0105892f73cef34e439417e20b708ddb",
      "text": "ESSA's new fiscal transparency requirement is a sleeper issue. Start paying attention, write David A. DeSchryver and Noelle Ellerson Ng."
}