{
      "source": {
            "id": null,
            "name": "Openculture.com"
      },
      "author": "Josh Jones",
      "title": "This Is Your Kids’ Brains on Internet Algorithms: A Chilling Case Study Shows What’s Wrong with the Internet Today",
      "description": "Multimedia artist and writer James Bridle has a new book out, and it’s terrifying—appropriately so, I would say—in its analysis of “the dangers of trusting computers to explain (and, increasingly, run) the world,” as Adi Robertson writes at The Verge. Summing…",
      "url": "http://www.openculture.com/2018/08/this-is-your-kids-brains-on-internet-algorithms.html",
      "urlToImage": "http://www.openculture.com/wp-content/themes/openculture_v4a/images/open_culture_white.jpg",
      "publishedAt": "2018-08-22T14:00:01Z",
      "content": "Multimedia artist and writer James Bridle has a new book out, and it’s terrifying—appropriately so, I would say—in its analysis of “the dangers of trusting computers to explain (and, increasingly, run) the world,” as Adi Robertson writes at The Verge. Summing… [+5551 chars]",
      "fileName": "This Is Your Kids Brains on Internet Algorithms A Chilling Case Study Shows What s Wrong with the Internet Today",
      "createdon": "2018-09-20T05:25:09.404Z",
      "md5": "e308c5196964c9ab62922730867c9060",
      "text": "Multimedia artist and writer James Bridle has a new book out, and it’s terrifying—appropriately so, I would say—in its analysis of “the dangers of trusting computers to explain (and, increasingly, run) the world,” as Adi Robertson writes at The Verge. Summing…"
}