{
      "source": {
            "id": "nbc-news",
            "name": "NBC News"
      },
      "author": "Denise Chow",
      "title": "Robert Zubrin wants to establish a 'new branch of human civilization' on Mars - NBCNews.com",
      "description": "NBCNews.com Robert Zubrin wants to establish a 'new branch of human civilization' on Mars NBCNews.com To say Robert Zubrin is passionate about Mars is a bit of an understatement. The 66-year-old aerospace engineer has devoted the better part of his life to th…",
      "url": "https://www.nbcnews.com/mach/science/robert-zubrin-wants-establish-new-branch-human-civilization-mars-ncna901316",
      "urlToImage": "https://media4.s-nbcnews.com/j/newscms/2018_33/2533706/180816-mars-exploration-al-1203_c5f022219a4f6be77a265bdd110f63d6.1200;630;7;70;5.jpg",
      "publishedAt": "2018-08-19T09:56:17Z",
      "content": "SUBSCRIBE To say Robert Zubrin is passionate about Mars is a bit of an understatement. The 66-year-old aerospace engineer has devoted the better part of his life to thinking about and encouraging the exploration of Mars. In 1998, Zubrin co-founded The Mars So… [+11937 chars]",
      "fileName": "Robert Zubrin wants to establish a new branch of human civilization on Mars NBCNews com",
      "createdon": "2018-09-20T05:08:33.402Z",
      "md5": "6f63cb79a6edf7d09d4ab6dc709acaa1",
      "text": "NBCNews.com Robert Zubrin wants to establish a 'new branch of human civilization' on Mars NBCNews.com To say Robert Zubrin is passionate about Mars is a bit of an understatement. The 66-year-old aerospace engineer has devoted the better part of his life to th…"
}