{
      "source": {
            "id": "al-jazeera-english",
            "name": "Al Jazeera English"
      },
      "author": "John Holman",
      "title": "Dissident police in Nicaragua: 'Prisoners or dead men'",
      "description": "Police officers speaking out against government's crackdown or asking to resign, face threats, arrest and even death.",
      "url": "https://www.aljazeera.com/indepth/features/dissident-police-nicaragua-prisoners-dead-men-180904064624217.html",
      "urlToImage": "https://www.aljazeera.com/mritems/Images/2018/9/4/9cc9f07f3f194d16bed6992d44700506_18.jpg",
      "publishedAt": "2018-09-04T12:16:33Z",
      "content": "Managua, Nicaragua - A smattering of photos are what's left of the life of Faber Lopez Vivas. They show a normal 23 year old fixing motorbikes with his brother in the garage, hugging his nephews, dancing at family Christmas parties and playing frisbee with hi… [+12679 chars]",
      "fileName": "Dissident police in Nicaragua Prisoners or dead men",
      "createdon": "2018-09-20T05:08:30.087Z",
      "md5": "83b40c4dba29171e6a160b3824408700",
      "text": "Police officers speaking out against government's crackdown or asking to resign, face threats, arrest and even death."
}