{
      "source": {
            "id": null,
            "name": "Yahoo.com"
      },
      "author": null,
      "title": "GameStop Earnings: What to Watch",
      "description": "Investors have big questions heading into the retailer's earnings report this week.",
      "url": "https://finance.yahoo.com/news/gamestop-earnings-watch-111900423.html",
      "urlToImage": "https://s.yimg.com/uu/api/res/1.2/AbL.wsQoW0cw1KJ9Pf__Mw--~B/aD0zODc7dz01ODA7c209MTthcHBpZD15dGFjaHlvbg--/http://media.zenfs.com/en-US/homerun/motleyfool.com/8b8f5ccd455c4d66bd58cb9f071993c4",
      "publishedAt": "2018-09-02T11:19:00Z",
      "content": "Investors have found it hard to get optimistic about GameStop (NYSE: GME) lately. The specialty retailer's stock is down over 20% so far in 2018, and it's collapsed by about 70% in the last three years. There are good reasons for the slump, given that GameSto… [+3796 chars]",
      "fileName": "GameStop Earnings What to Watch",
      "createdon": "2018-09-20T05:22:59.309Z",
      "md5": "dbb996b993fc8befcefe5818c220f7b1",
      "text": "Investors have big questions heading into the retailer's earnings report this week."
}