{
      "source": {
            "id": null,
            "name": "Zlotonews.com"
      },
      "author": null,
      "title": "My daughter prayed to Alexa – Here's the incredible thing that happened next ZlotoNews - ZlotoNews",
      "description": "ZlotoNews My daughter prayed to Alexa – Here's the incredible thing that happened next ZlotoNews ZlotoNews The most meaningful parenting experiences often come in the unplanned, organic moments of life. The problem is, all the interruptions of our always conn…",
      "url": "https://zlotonews.com/my-daughter-prayed-to-alexa-heres-the-incredible-thing-that-happened-next-zlotonews/",
      "urlToImage": "https://zlotonews.com/wp-content/uploads/2018/09/1535727236346.png",
      "publishedAt": "2018-09-01T08:26:09Z",
      "content": "The most meaningful parenting experiences often come in the unplanned, organic moments of life. The problem is, all the interruptions of our always connected society can cause us to miss out on teaching and learning some incredible lessons with our children a… [+6119 chars]",
      "fileName": "My daughter prayed to Alexa Here s the incredible thing that happened next ZlotoNews ZlotoNews",
      "createdon": "2018-09-20T05:25:11.302Z",
      "md5": "34513242a7adf00fe364626c4f850bda",
      "text": "ZlotoNews My daughter prayed to Alexa – Here's the incredible thing that happened next ZlotoNews ZlotoNews The most meaningful parenting experiences often come in the unplanned, organic moments of life. The problem is, all the interruptions of our always conn…"
}