{
      "source": {
            "id": null,
            "name": "Lifehacker.com"
      },
      "author": "Brendan Hesse",
      "title": "How to Enable Safari Favicons on Mac and iOS",
      "description": "Apple launched the newest version of its Safari web browser, Safari 12, for macOS Sierra and High Sierra users on September 17, and it brings a bunch of new security features and handy little touches—including favicons. Read more...",
      "url": "https://lifehacker.com/how-to-enable-safari-favicons-on-mac-and-ios-1829148992",
      "urlToImage": "https://i.kinja-img.com/gawker-media/image/upload/s--ofp9Indw--/c_fill,fl_progressive,g_center,h_900,q_80,w_1600/ztmijjeiwpwccruygfr0.png",
      "publishedAt": "2018-09-19T15:30:00Z",
      "content": "Apple launched the newest version of its Safari web browser, Safari 12, for macOS Sierra and High Sierra users on September 17, and it brings a bunch of new security features and handy little touches—including favicons. Safari 12 now automatically blocks webs… [+2644 chars]",
      "fileName": "How to Enable Safari Favicons on Mac and iOS",
      "createdon": "2018-09-20T05:20:23.401Z",
      "md5": "040e333f326eae35a596f79440aa2f6a",
      "text": "Apple launched the newest version of its Safari web browser, Safari 12, for macOS Sierra and High Sierra users on September 17, and it brings a bunch of new security features and handy little touches—including favicons. Read more..."
}