{
      "source": {
            "id": null,
            "name": "Slashdot.org"
      },
      "author": "msmash",
      "title": "Facebook Creates an AI-Based Tool To Automate Bug Fixes",
      "description": "Facebook is trying to speed up the time it takes to roll out new software updates and debug any issues in them with a new tool called SapFix that its engineers are building. From a report: SapFix, which is still under development, is designed to generate fixe…",
      "url": "https://developers.slashdot.org/story/18/09/13/2015206/facebook-creates-an-ai-based-tool-to-automate-bug-fixes",
      "urlToImage": "https://a.fsdn.com/sd/topics/ai_64.png",
      "publishedAt": "2018-09-13T20:15:00Z",
      "content": "\"Why can't we ever attempt to solve a problem in this country without having a 'War' on it?\" -- Rich Thomson, talk.politics.misc",
      "fileName": "Facebook Creates an AI Based Tool To Automate Bug Fixes",
      "createdon": "2018-09-20T05:15:03.279Z",
      "md5": "85f8187519c9c5bdb8e5a07f25b4255f",
      "text": "Facebook is trying to speed up the time it takes to roll out new software updates and debug any issues in them with a new tool called SapFix that its engineers are building. From a report: SapFix, which is still under development, is designed to generate fixe…"
}