{
      "source": {
            "id": null,
            "name": "Zdnet.com"
      },
      "author": "Bob Violino",
      "title": "AI is fueling smarter collaboration",
      "description": "Artificial intelligence meets unified communications -- and the result is improved data access and ability to predict events.",
      "url": "https://www.zdnet.com/article/ai-is-fueling-smarter-collaboration/",
      "urlToImage": "https://zdnet1.cbsistatic.com/hub/i/r/2018/09/11/9832c91e-f531-4413-aed3-99d2dcd1701e/thumbnail/770x578/e7205c6716b99f948bef6432ef2b9a5b/istock-904479942.jpg",
      "publishedAt": "2018-09-11T14:54:56Z",
      "content": "Artificial intelligence (AI) and machine learning (ML) are reaching into a growing number of applications, systems, and business processes. Unified communications (UC) platforms, which power much of the collaboration in enterprises today, is one of them. Also… [+3792 chars]",
      "fileName": "AI is fueling smarter collaboration",
      "createdon": "2018-09-20T05:23:31.587Z",
      "md5": "f6681f8436adc0ba07a0b9a7f444af4e",
      "text": "Artificial intelligence meets unified communications -- and the result is improved data access and ability to predict events."
}