{
      "source": {
            "id": null,
            "name": "Yahoo.com"
      },
      "author": null,
      "title": "China's Xi says no to Africa 'vanity projects' as hosts major summit",
      "description": "Xi said at a business forum before the start of a triennial China Africa summit their friendship was time-honored and that China's investment in Africa came with no political strings attached. \"China does not interfere in Africa's internal affairs and does no…",
      "url": "https://www.yahoo.com/news/chinas-xi-says-funds-africa-not-vanity-projects-050302376.html",
      "urlToImage": "https://s.yimg.com/uu/api/res/1.2/t6lldAwEJOPWQITxJ1HO1w--~B/aD0zMDA7dz00NTA7c209MTthcHBpZD15dGFjaHlvbg--/http://media.zenfs.com/en_us/News/Reuters/2018-09-03T073344Z_2_LYNXNPEE820BX_RTROPTP_2_CHINA-AFRICA.JPG",
      "publishedAt": "2018-09-03T07:57:34Z",
      "content": "By Christian Shepherd and Ben Blanchard BEIJING (Reuters) - Chinese funds are not for \"vanity projects\" in Africa but are to build infrastructure that can remove development bottlenecks, Chinese President Xi Jinping said on Monday, telling Chinese firms they … [+4220 chars]",
      "fileName": "China s Xi says no to Africa vanity projects as hosts major summit",
      "createdon": "2018-09-20T05:20:41.635Z",
      "md5": "dcfb9cbe30abfd0ad5bf32daf6f4302b",
      "text": "Xi said at a business forum before the start of a triennial China Africa summit their friendship was time-honored and that China's investment in Africa came with no political strings attached. \"China does not interfere in Africa's internal affairs and does no…"
}