{
      "source": {
            "id": null,
            "name": "Storagereview.com"
      },
      "author": "Adam Armstrong",
      "title": "Lenovo Partners With NetApp To Aid With Digital Transformations",
      "description": "<!--paging_filter--> Today at the Lenovo Transfrom 2.0 conference in New York, Lenovo and NetApp announced a partnership of technology that helps customers modernize their IT, which in turn will aide in their digital transformation. The partnership will bring…",
      "url": "https://www.storagereview.com/lenovo_partners_with_netapp_to_aid_with_digital_transformations",
      "urlToImage": "https://www.storagereview.com/images/StorageReview-Lenovo-Transform.jpg",
      "publishedAt": "2018-09-13T12:01:00Z",
      "content": "September 13th, 2018 by Adam Armstrong Today at the Lenovo Transfrom 2.0 conference in New York, Lenovo and NetApp announced a partnership of technology that helps customers modernize their IT, which in turn will aide in their digital transformation. The part… [+1818 chars]",
      "fileName": "Lenovo Partners With NetApp To Aid With Digital Transformations",
      "createdon": "2018-09-20T05:22:02.121Z",
      "md5": "460cf2486f5607337917a3cf04ef498f",
      "text": "<!--paging_filter--> Today at the Lenovo Transfrom 2.0 conference in New York, Lenovo and NetApp announced a partnership of technology that helps customers modernize their IT, which in turn will aide in their digital transformation. The partnership will bring…"
}