{
      "source": {
            "id": "the-hindu",
            "name": "The Hindu"
      },
      "author": "S. Anil Radhakrishnan",
      "title": "India Inc reaches out to help Kerala",
      "description": "The flood devastation has seen big business showing its human side.",
      "url": "https://www.thehindu.com/news/national/kerala/india-inc-reaches-out-to-help-kerala/article24786179.ece",
      "urlToImage": "https://www.thehindu.com/news/national/kerala/bjwh72/article24786178.ece/ALTERNATES/LANDSCAPE_615/TH27KERALAFLOODRELIEF",
      "publishedAt": "2018-08-26T16:12:44Z",
      "content": "Corporate India has been making large contributions to the Kerala Chief Minister’s Distress Relief Fund (CMDRF), and finding other ways to help too. The biggest donor so far is the Adani Foundation, with ₹25 crore for immediate relief, and another ₹25 crore c… [+6030 chars]",
      "fileName": "India Inc reaches out to help Kerala",
      "createdon": "2018-09-20T05:20:37.814Z",
      "md5": "1bb5ec58c8b88beb7abfcd3c75a641cc",
      "text": "The flood devastation has seen big business showing its human side."
}