{
      "source": {
            "id": null,
            "name": "Stackify.com"
      },
      "author": "Ricardo Peres",
      "title": "Writing Multitenant ASP.NET Core Applications",
      "description": "A multitenant web application is one that responds differently depending on how it is addressed - the tenant. This kind of architecture has become very popular, because a single code base and deployment can serve many different tenants. In this post, I will p…",
      "url": "https://stackify.com/writing-multitenant-asp-net-core-applications/",
      "urlToImage": "https://stackify.com/wp-content/uploads/2018/07/Writing-Multitenant-ASP.NET-Core-Application.png",
      "publishedAt": "2018-09-04T05:48:46Z",
      "content": "A multitenant web application is one that responds differently depending on how it is addressed – the tenant. This kind of architecture has become very popular, because a single code base and deployment can serve many different tenants. In this post, I will p… [+24686 chars]",
      "fileName": "Writing Multitenant ASP NET Core Applications",
      "createdon": "2018-09-20T05:23:27.244Z",
      "md5": "2b1ac655d72e5cc5d46d2c0fbeb0ecff",
      "text": "A multitenant web application is one that responds differently depending on how it is addressed - the tenant. This kind of architecture has become very popular, because a single code base and deployment can serve many different tenants. In this post, I will p…"
}