{
      "source": {
            "id": null,
            "name": "Theregister.co.uk"
      },
      "author": "Richard Speed",
      "title": "All aboard the Hype Cycle! What's DataOps? Well, it has no standards or frameworks. Got it?",
      "description": "Gartner's rollercoaster trundles into exciting world of data management Gartner has turned its annual Hype Cycling gaze upon data management and found that – shock – expectations of Blockchain remain hopelessly inflated.…",
      "url": "https://www.theregister.co.uk/2018/09/11/gartner_dataops/",
      "urlToImage": "https://regmedia.co.uk/2018/09/11/rollercoaster.jpg?x=1200&y=794",
      "publishedAt": "2018-09-11T11:44:06Z",
      "content": "Gartner has turned its annual Hype Cycling gaze upon data management and found that – shock – expectations of Blockchain remain hopelessly inflated. The Hype Cycle chart is an illustration of the analysts' theory that tech follows a depressingly familiar path… [+3562 chars]",
      "fileName": "All aboard the Hype Cycle What s DataOps Well it has no standards or frameworks Got it",
      "createdon": "2018-09-20T05:25:07.325Z",
      "md5": "11727eeeba7a656625c5af9d899dc651",
      "text": "Gartner's rollercoaster trundles into exciting world of data management Gartner has turned its annual Hype Cycling gaze upon data management and found that – shock – expectations of Blockchain remain hopelessly inflated.…"
}