{
      "source": {
            "id": null,
            "name": "Fool.com"
      },
      "author": "newsfeedback@fool.com (Motley Fool Transcribing)",
      "title": "Prospect Capital (PSEC) Q4 2018 Earnings Conference Call Transcript",
      "description": "PSEC earnings call for the period ending June 30, 2018.",
      "url": "https://www.fool.com/earnings/call-transcripts/2018/08/30/prospect-capital-psec-q4-2018-earnings-conference.aspx",
      "urlToImage": "https://g.foolcdn.com/image/?url=https%3A%2F%2Fg.foolcdn.com%2Feditorial%2Fimages%2F493163%2Ftranscripts-logo.png&h=630&w=1200&op=resize",
      "publishedAt": "2018-08-30T19:39:59Z",
      "content": "Image source: The Motley Fool. Prospect Capital ( NASDAQ:PSEC ) Q4 2018 Earnings Conference Call Aug. 29, 2018 11:00 a.m. ET Contents: Prepared Remarks Questions and Answers Call Participants Prepared Remarks: Operator Good morning and welcome to the Prospect… [+48485 chars]",
      "fileName": "Prospect Capital PSEC Q4 2018 Earnings Conference Call Transcript",
      "createdon": "2018-09-21T02:09:08.877Z",
      "md5": "f7536768dbe662d9dbf35b39012e81c6",
      "text": "PSEC earnings call for the period ending June 30, 2018."
}