{
      "source": {
            "id": null,
            "name": "Betanews.com"
      },
      "author": "Ian Barker",
      "title": "Does your website risk leaking personal data?",
      "description": "Recent scandals surrounding the use of personal data, such as the Cambridge Analytica scandal, plus the large fines that can be levied under GDPR, have focused minds on the protection of information. But is your website at risk of exposing your visitors' data…",
      "url": "https://betanews.com/2018/08/24/website-tag-data-leaks/",
      "urlToImage": "https://betanews.com/wp-content/uploads/2014/08/Data-leak-tap-50x50.jpg",
      "publishedAt": "2018-08-24T11:12:25Z",
      "content": "Recent scandals surrounding the use of personal data, such as the Cambridge Analytica scandal, plus the large fines that can be levied under GDPR, have focused minds on the protection of information. But is your website at risk of exposing your visitors' data… [+741 chars]",
      "fileName": "Does your website risk leaking personal data",
      "createdon": "2018-09-20T05:21:09.070Z",
      "md5": "cb3882d3f671c353a573379661f5d06d",
      "text": "Recent scandals surrounding the use of personal data, such as the Cambridge Analytica scandal, plus the large fines that can be levied under GDPR, have focused minds on the protection of information. But is your website at risk of exposing your visitors' data…"
}