{
      "source": {
            "id": null,
            "name": "Dx.com"
      },
      "author": null,
      "title": "ZHAOYAO USB3.1 HUB Type C to Audio VGA HDMI 4K 30Hz Data Transmission + Charging Converter - White",
      "description": "SKU #: 590955, Price: US$17.94 free shipping Color White Quantity 1 piece Shade Of Color White Material ABS Interface USB 2.0,Others,USB-C,HDMI,VGA,Audio Packing List 1 x USB3.1 Type c hub Add To Cart Add To Wish List",
      "url": "http://www.dx.com/p/zhaoyao-usb3-1-hub-type-c-to-audio-vga-hdmi-4k-30hz-data-transmission-charging-converter-white-590954",
      "urlToImage": "//img.dxcdn.com/productimages/sku_590955_1.jpg",
      "publishedAt": "2018-08-28T03:34:31Z",
      "content": "To enable volume discounts on this site, use coupon code: BULKRATE during checkout. You will see a discount applied at the bottom of the shopping cart. Competitive pricing is available. Contact us for details. What is Bulk Rate? BulkRate is a semi-wholesale s… [+545 chars]",
      "fileName": "ZHAOYAO USB3 1 HUB Type C to Audio VGA HDMI 4K 30Hz Data Transmission Charging Converter White",
      "createdon": "2018-09-20T05:22:21.382Z",
      "md5": "3f9f0968c31898738c05a629acdb9e14",
      "text": "SKU #: 590955, Price: US$17.94 free shipping Color White Quantity 1 piece Shade Of Color White Material ABS Interface USB 2.0,Others,USB-C,HDMI,VGA,Audio Packing List 1 x USB3.1 Type c hub Add To Cart Add To Wish List"
}