{
      "source": {
            "id": null,
            "name": "Hardocp.com"
      },
      "author": null,
      "title": "Intel Solidifies Deep Learning Portfolio with Varied Architectures and Packages",
      "description": "Gadi Singer is the vice president and general manager of the Artificial Intelligence Products Group at Intel.  In an interview with Ed Sperling of Semiconductor Engineering, he discusses how Intel is evolving to meet the ever changing requirements for deep le…",
      "url": "http://www.hardocp.com/news/2018/09/12/intel_solidifies_deep_learning_portfolio_varied_architectures_packages/",
      "urlToImage": "https://images.hardocp.com/images/hardocp_tw-fb-logo.jpg",
      "publishedAt": "2018-09-12T18:09:00Z",
      "content": "© 1998 - 2018 by KB Networks, Inc. All trademarks used are properties of their respective owners. All rights reserved. Programming by Cliff Murphy, Kevin Sorensen, Brad Hoover - System Design and Administration by Cliff Murphy Site design and front-end produc… [+17 chars]",
      "fileName": "Intel Solidifies Deep Learning Portfolio with Varied Architectures and Packages",
      "createdon": "2018-09-20T05:25:13.281Z",
      "md5": "4d954836a928fd0822615249d1c95b8b",
      "text": "Gadi Singer is the vice president and general manager of the Artificial Intelligence Products Group at Intel.  In an interview with Ed Sperling of Semiconductor Engineering, he discusses how Intel is evolving to meet the ever changing requirements for deep le…"
}