{
      "source": {
            "id": null,
            "name": "Forbes.com"
      },
      "author": "Naveen Joshi, Contributor, Naveen Joshi, Contributor https://www.forbes.com/sites/cognitiveworld/people/naveenjoshi/",
      "title": "Guess What? Turns Out Even AI May Face Depression",
      "description": "With artificial intelligence bearing closer resemblance with the human mind, with every passing day, scientists expect neural networks to show signs of emotional cognition along with logic and reasoning, while predicting that AI may get depressed.",
      "url": "https://www.forbes.com/sites/cognitiveworld/2018/08/29/guess-what-turns-out-even-ai-may-face-depression/",
      "urlToImage": "https://thumbor.forbes.com/thumbor/600x315/https%3A%2F%2Fblogs-images.forbes.com%2Fcognitiveworld%2Ffiles%2F2018%2F08%2FDogDepressedWithComputer-S-1200x797.jpg",
      "publishedAt": "2018-08-30T02:16:00Z",
      "content": "Share to facebook Share to twitter Share to linkedin Dogs reflect their masters Depositphotos enhanced by CogWorld AI is taking the world by storm. With the exceptional level of intellect, albeit narrow for now, that these applications&amp;nbsp;deliver, a lot… [+6809 chars]",
      "fileName": "Guess What Turns Out Even AI May Face Depression",
      "createdon": "2018-09-20T05:15:07.005Z",
      "md5": "a49c458366ab53b1d8137359005f4370",
      "text": "With artificial intelligence bearing closer resemblance with the human mind, with every passing day, scientists expect neural networks to show signs of emotional cognition along with logic and reasoning, while predicting that AI may get depressed."
}