{
      "source": {
            "id": null,
            "name": "Dawn.com"
      },
      "author": "none@none.com (Imran Ayub)",
      "title": "Bilawal asks CM, LG minister to improve governance at UC level",
      "description": "KARACHI: A week after the formation of the new provincial government, Pakistan Peoples Party chairman Bilawal Bhutto-Zardari is seen as active in the matter of governance for improved performance compared to the past two terms, as he held meetings with his pa…",
      "url": "https://www.dawn.com/news/1429309",
      "urlToImage": "http://i.dawn.com/thumbnail/2018/08/5b8472161c340.jpg?r=1288154332",
      "publishedAt": "2018-08-28T02:01:31Z",
      "content": "KARACHI: A week after the formation of the new provincial government, Pakistan Peoples Party chairman Bilawal Bhutto-Zardari is seen as active in the matter of governance for improved performance compared to the past two terms, as he held meetings with his pa… [+2818 chars]",
      "fileName": "Bilawal asks CM LG minister to improve governance at UC level",
      "createdon": "2018-09-20T05:23:27.292Z",
      "md5": "653b888998debf9050558f3a5e470461",
      "text": "KARACHI: A week after the formation of the new provincial government, Pakistan Peoples Party chairman Bilawal Bhutto-Zardari is seen as active in the matter of governance for improved performance compared to the past two terms, as he held meetings with his pa…"
}