{
      "source": {
            "id": "al-jazeera-english",
            "name": "Al Jazeera English"
      },
      "author": "David Child",
      "title": "Can Trump terminate NAFTA?",
      "description": "Threats to pull out of NAFTA could ring hollow, analysts say, as Congress may have final say on agreement's future.",
      "url": "https://www.aljazeera.com/news/2018/08/trump-terminate-nafta-180829200651670.html",
      "urlToImage": "https://www.aljazeera.com/mritems/Images/2018/8/29/80285b02a3b34ae8b31bc78eec9d59a6_18.jpg",
      "publishedAt": "2018-08-29T20:54:48Z",
      "content": "US President Donald Trump threatened this week to dump the nearly 25-year-old North American Free Trade Agreement (NAFTA), making it the latest deal to be targeted as part of his \"America First\" trade strategy. On Monday, he announced a preliminary deal with … [+5460 chars]",
      "fileName": "Can Trump terminate NAFTA",
      "createdon": "2018-09-20T05:23:21.553Z",
      "md5": "1d58d0cca70178d4077c3bcfe97c70da",
      "text": "Threats to pull out of NAFTA could ring hollow, analysts say, as Congress may have final say on agreement's future."
}