{
      "source": {
            "id": "business-insider",
            "name": "Business Insider"
      },
      "author": "Isobel Asher Hamilton",
      "title": "Silicon Valley is under pressure again, this time over online paedophilia",
      "description": "Home Secretary Sajid Javid has warned about the sheer volume of paedophilic content available online. He is expected to announce new measures to combat the problem later on Monday. The UK's National Crime Agency revealed that it received over 80,000 industry …",
      "url": "https://www.businessinsider.com/silicon-valley-under-pressure-over-online-child-sexual-abuse-2018-9",
      "urlToImage": "https://amp.businessinsider.com/images/5b8d0a328ea82ff4248b4c8f-2732-1366.jpg",
      "publishedAt": "2018-09-03T10:50:47Z",
      "content": "Home Secretary Sajid Javid. Chris J Ratcliffe/Getty Images Silicon Valley is having a rough week. After salvos from President Trump over purported bias in Google's search results, and calls from powerful broadcasters for more regulation, tech firms are now un… [+2198 chars]",
      "fileName": "Silicon Valley is under pressure again this time over online paedophilia",
      "createdon": "2018-09-20T05:15:01.207Z",
      "md5": "1b7aa70e6745d621ffc2898bd14b67d6",
      "text": "Home Secretary Sajid Javid has warned about the sheer volume of paedophilic content available online. He is expected to announce new measures to combat the problem later on Monday. The UK's National Crime Agency revealed that it received over 80,000 industry …"
}