{
      "source": {
            "id": null,
            "name": "Rockpapershotgun.com"
      },
      "author": "Alice O'Connor",
      "title": "Fortnite adds fancy pop-up fortresses and stadiums",
      "description": "As an ominous purple megacube continues its journey across the island of Fortnite Battle Royale, burning runes into the ground as ominous teasers for events of the next season, this week’s content update focuses on something simpler (though not smaller): a ha…",
      "url": "https://www.rockpapershotgun.com/2018/09/18/fortnite-battle-royale-new-port-a-fortress/",
      "urlToImage": "https://assets.rockpapershotgun.com/images/2018/09/fortnite-tower-a.jpg",
      "publishedAt": "2018-09-18T11:38:28Z",
      "content": "As an ominous purple megacube continues its journey across the island of Fortnite Battle Royale, burning runes into the ground as ominous teasers for events of the next season, this week’s content update focuses on something simpler (though not smaller): a ha… [+2483 chars]",
      "fileName": "Fortnite adds fancy pop up fortresses and stadiums",
      "createdon": "2018-09-20T05:20:37.816Z",
      "md5": "ce2ed4bfc45c20c9abf47ad559c70048",
      "text": "As an ominous purple megacube continues its journey across the island of Fortnite Battle Royale, burning runes into the ground as ominous teasers for events of the next season, this week’s content update focuses on something simpler (though not smaller): a ha…"
}