{
      "source": {
            "id": "new-scientist",
            "name": "New Scientist"
      },
      "author": "",
      "title": "Watch now: Exploring the Future webinar",
      "description": "Our panel of experts discuss the emerging technologies that are set to change our lives by 2030",
      "url": "http://www.newscientist.com/article/2175641-watch-now-exploring-the-future-webinar/",
      "urlToImage": "https://d1o50x50snmhul.cloudfront.net/wp-content/uploads/2018/08/07093324/webinar_holding-page_crop.jpg",
      "publishedAt": "2018-09-04T10:28:00Z",
      "content": "Humanity’s future is being shaped by the technologies emerging today. These technologies include artificial intelligence and robotics, future transport and renewable power, data mining and data privacy. They are set to have a huge impact on the way we live, w… [+3075 chars]",
      "fileName": "Watch now Exploring the Future webinar",
      "createdon": "2018-09-20T05:15:14.724Z",
      "md5": "c02c0ecae977b86732f1516ad78228f8",
      "text": "Our panel of experts discuss the emerging technologies that are set to change our lives by 2030"
}