{
      "source": {
            "id": null,
            "name": "Itsnicethat.com"
      },
      "author": "Billie Muraben",
      "title": "Hato designs interactive website for London restaurant Sketch",
      "description": "Hato’s new website for Sketch defies the tropes of food styling and interiors shots so often seen in culinary culture, and instead presents an interactive, abstract digital experience of the space. On the site, each of the characterful dining rooms has been t…",
      "url": "https://www.itsnicethat.com/news/hato-interactive-website-sketch-digital-120918",
      "urlToImage": "https://www.itsnicethat.com/system/files/092018/5b97e6987fa44ccc59000a2a/index_default/Hato-Sketch-01-LIST-INT.png?1536742341",
      "publishedAt": "2018-09-12T08:45:00Z",
      "content": "Hato’s new website for Sketch defies the tropes of food styling and interiors shots so often seen in culinary culture, and instead presents an interactive, abstract digital experience of the space. On the site, each of the characterful dining rooms has been t… [+1917 chars]",
      "fileName": "Hato designs interactive website for London restaurant Sketch",
      "createdon": "2018-09-20T05:25:11.262Z",
      "md5": "bb96c49035a1ba28b87c93a909fb065d",
      "text": "Hato’s new website for Sketch defies the tropes of food styling and interiors shots so often seen in culinary culture, and instead presents an interactive, abstract digital experience of the space. On the site, each of the characterful dining rooms has been t…"
}