{
      "source": {
            "id": null,
            "name": "Monbiot.com"
      },
      "author": "monbiot",
      "title": "Honourable Theft",
      "description": "How one young woman broke down the gates of knowledge By George Monbiot, published in the Guardian 13th September 2018   Never underestimate the power of one determined person. What …",
      "url": "https://www.monbiot.com/2018/09/17/honourable-theft/",
      "urlToImage": null,
      "publishedAt": "2018-09-17T05:53:55Z",
      "content": "How one young woman broke down the gates of knowledge By George Monbiot, published in the Guardian 13 th September 2018 Never underestimate the power of one determined person. What Carole Cadwalladr has done to Facebook and Big Data and Edward Snowden has don… [+7085 chars]",
      "fileName": "Honourable Theft",
      "createdon": "2018-09-20T05:22:31.367Z",
      "md5": "53984c6912b3ce7c024c7ecdbf66917b",
      "text": "How one young woman broke down the gates of knowledge By George Monbiot, published in the Guardian 13th September 2018   Never underestimate the power of one determined person. What …"
}