{
      "source": {
            "id": null,
            "name": "Europa.eu"
      },
      "author": null,
      "title": "State of the Union 2018: Stronger anti-money laundering supervision for a stable banking and financial sector – Questions and Answers",
      "description": "European Commission - Fact Sheet Strasbourg, 12 September 2018 What did the Commission propose today? The Commission proposed today to further strengthen the supervision of EU financial institutions to better address money-laundering and terrorist financing t…",
      "url": "http://europa.eu/rapid/press-release_MEMO-18-5725_en.htm?locale=en",
      "urlToImage": null,
      "publishedAt": "2018-09-12T07:07:00Z",
      "content": "The Commission proposed today to further strengthen the supervision of EU financial institutions to better address money-laundering and terrorist financing threats. While the EU has strong anti-money laundering rules in place, recent cases involving money lau… [+9710 chars]",
      "fileName": "State of the Union 2018 Stronger anti money laundering supervision for a stable banking and financial sector Questions and Answers",
      "createdon": "2018-09-20T05:23:37.375Z",
      "md5": "619a2080eef1f91e6b5215fa5172c131",
      "text": "European Commission - Fact Sheet Strasbourg, 12 September 2018 What did the Commission propose today? The Commission proposed today to further strengthen the supervision of EU financial institutions to better address money-laundering and terrorist financing t…"
}