{
      "source": {
            "id": null,
            "name": "Business2community.com"
      },
      "author": "Jim Barnish Jr.",
      "title": "Is There a Talent Gap in Cybersecurity?",
      "description": "Current challenges in the cybersecurity industry have less to do with technological limitations and more to do with a shortfall in human capital. Cybersecurity firms are staring at an encroaching job shortage across the board. The continued growth of the indu…",
      "url": "https://www.business2community.com/cybersecurity/is-there-a-talent-gap-in-cybersecurity-02119575",
      "urlToImage": "https://cdn.business2community.com/wp-content/uploads/2018/09/cybersecurity-.jpeg",
      "publishedAt": "2018-09-14T18:18:35Z",
      "content": "Current challenges in the cybersecurity industry have less to do with technological limitations and more to do with a shortfall in human capital. Cybersecurity firms are staring at an encroaching job shortage across the board. The continued growth of the indu… [+3600 chars]",
      "fileName": "Is There a Talent Gap in Cybersecurity",
      "createdon": "2018-09-20T05:08:28.188Z",
      "md5": "d60e9203bdf024b499304d7350c318a1",
      "text": "Current challenges in the cybersecurity industry have less to do with technological limitations and more to do with a shortfall in human capital. Cybersecurity firms are staring at an encroaching job shortage across the board. The continued growth of the indu…"
}