{
      "source": {
            "id": null,
            "name": "Technologyreview.com"
      },
      "author": "MIT Technology Review Insights",
      "title": "Machine learning teaches marketers to cultivate a growth mindset",
      "description": "Marketers have moved past merely producing effective creative messaging to striving to drive business growth. In the digital era, they’re looking to data—and technologies such as machine learning—to predict and deliver on customers’ needs.",
      "url": "https://www.technologyreview.com/s/611994/machine-learning-teaches-marketers-to-cultivate-a-growth-mindset/",
      "urlToImage": "https://cdn.technologyreview.com/i/images/58711720m.jpg?cx=270&cy=0&cw=1219&ch=686&sw=1200",
      "publishedAt": "2018-09-07T14:00:00Z",
      "content": "While digitization has strained the marketing department’s traditional methods and measures in recent years, the function is regaining its energy by plugging into a rich and abundant power source: data. Existing enterprise data, as well as information gathere… [+9232 chars]",
      "fileName": "Machine learning teaches marketers to cultivate a growth mindset",
      "createdon": "2018-09-20T05:22:08.337Z",
      "md5": "2a39ba8955c9b773dacbabe0cd7f52ce",
      "text": "Marketers have moved past merely producing effective creative messaging to striving to drive business growth. In the digital era, they’re looking to data—and technologies such as machine learning—to predict and deliver on customers’ needs."
}