{
      "source": {
            "id": null,
            "name": "Dzone.com"
      },
      "author": "Fernando Doglio",
      "title": "The Evolution of Systems Integration",
      "description": "In the Beginning, There Was Nothing If you think about it, standards and protocols start popping up after the task they’re meant to simplify has been around for a while and no two groups are doing it the same way. This holds true for software, a recent exampl…",
      "url": "https://dzone.com/articles/the-evolution-of-systems-integration",
      "urlToImage": "https://dz2cdn2.dzone.com/storage/article-thumb/10100413-thumb.jpg",
      "publishedAt": "2018-08-30T09:03:02Z",
      "content": "In the Beginning, There Was Nothing If you think about it, standards and protocols start popping up after the task they’re meant to simplify has been around for a while and no two groups are doing it the same way. This holds true for software, a recent exampl… [+14577 chars]",
      "fileName": "The Evolution of Systems Integration",
      "createdon": "2018-09-20T05:22:27.236Z",
      "md5": "f8518a4be6fe351dfb1faafb53cea1b3",
      "text": "In the Beginning, There Was Nothing If you think about it, standards and protocols start popping up after the task they’re meant to simplify has been around for a while and no two groups are doing it the same way. This holds true for software, a recent exampl…"
}