{
      "source": {
            "id": null,
            "name": "Thedrum.com"
      },
      "author": "Tony Foggett",
      "title": "UK businesses talk the talk on digital effectiveness but don’t walk the walk",
      "description": "A survey commissioned by digital product agency Code Computerlove has highlighted a significant gap between UK businesses knowing what drives digital effectiveness and their current digital practices. The findings were part of a larger study exploring the opi…",
      "url": "http://www.thedrum.com/news/2018/09/06/uk-businesses-talk-the-talk-digital-effectiveness-don-t-walk-the-walk",
      "urlToImage": "http://media-assets-01.thedrum.com/cache/images/thedrum-prod/s3-news-tmp-61194-code_-_big_gap--default--1280.jpg",
      "publishedAt": "2018-09-06T10:00:00Z",
      "content": "A survey commissioned by digital product agency Code Computerlove has highlighted a significant gap between UK businesses knowing what drives digital effectiveness and their current digital practices. The findings were part of a larger study exploring the opi… [+3491 chars]",
      "fileName": "UK businesses talk the talk on digital effectiveness but don t walk the walk",
      "createdon": "2018-09-20T05:22:02.182Z",
      "md5": "deeb77591905789aab0caf39002f989c",
      "text": "A survey commissioned by digital product agency Code Computerlove has highlighted a significant gap between UK businesses knowing what drives digital effectiveness and their current digital practices. The findings were part of a larger study exploring the opi…"
}