{
      "source": {
            "id": null,
            "name": "Ubergizmo.com"
      },
      "author": "Tyler Lee",
      "title": "Huawei AI Cube",
      "description": "#IFA18 – Yesterday Netgear announced a rather interesting product with the Orbi Voice. What made this interesting was the fact that this was not only a mesh router system, but it also combined a speaker from Harman Kardon that also supported Amazon’s Alexa di…",
      "url": "https://www.ubergizmo.com/2018/08/huawei-ai-cube/",
      "urlToImage": "https://cdnssl.ubergizmo.com/wp-content/uploads/2018/08/Huawei-Cube-AI-08.jpg",
      "publishedAt": "2018-08-31T12:30:08Z",
      "content": "#IFA18 – Yesterday Netgear announced a rather interesting product with the Orbi Voice. What made this interesting was the fact that this was not only a mesh router system, but it also combined a speaker from Harman Kardon that also supported Amazon’s Alexa di… [+1073 chars]",
      "fileName": "Huawei AI Cube",
      "createdon": "2018-09-20T05:15:16.717Z",
      "md5": "8eeb9ae9943cf104217d3bc071d278bb",
      "text": "#IFA18 – Yesterday Netgear announced a rather interesting product with the Orbi Voice. What made this interesting was the fact that this was not only a mesh router system, but it also combined a speaker from Harman Kardon that also supported Amazon’s Alexa di…"
}