{
      "source": {
            "id": null,
            "name": "Ndtv.com"
      },
      "author": null,
      "title": "IIT Madras, Continental Tie Up For Joint Research In Technology Solutions",
      "description": "The technology company Continental and Indian Institute of Technology (IIT) Madras have signed a Memorandum of Understanding (MoU) for joint research in and high computing platform and cybersecurity for powertrain applications.",
      "url": "https://www.ndtv.com/education/iit-madras-continental-tie-up-for-joint-research-in-technology-solutions-1907509",
      "urlToImage": "https://c.ndtvimg.com/ucf1a60g_iit-madras-continental-mou_625x300_28_August_18.jpg",
      "publishedAt": "2018-08-28T10:57:36Z",
      "content": "Prof Ravindra Gettu, IIT Madras exchanges the MoU with Mr. Soorajith Radhakrishnan of Continental Chennai/Bangalore: The technology company Continental and Indian Institute of Technology (IIT) Madras have signed a Memorandum of Understanding (MoU) for joint r… [+3040 chars]",
      "fileName": "IIT Madras Continental Tie Up For Joint Research In Technology Solutions",
      "createdon": "2018-09-20T05:23:39.404Z",
      "md5": "0c0118d10c6cb5e47c887d45d25180de",
      "text": "The technology company Continental and Indian Institute of Technology (IIT) Madras have signed a Memorandum of Understanding (MoU) for joint research in and high computing platform and cybersecurity for powertrain applications."
}