{
      "source": {
            "id": null,
            "name": "Forbes.com"
      },
      "author": "Steven ZoBell, CommunityVoice, Steven ZoBell, CommunityVoice https://www.forbes.com/sites/forbestechcouncil/people/stevenzobell/",
      "title": "Staving Off The Sixth Extinction: A New Operating Model For Modern Work",
      "description": "Change is painful, but it's even more painful to lose control due to inaction and become stuck in a cycle of declining market share, revenue and prestige.",
      "url": "https://www.forbes.com/sites/forbestechcouncil/2018/09/19/staving-off-the-sixth-extinction-a-new-operating-model-for-modern-work/",
      "urlToImage": "https://thumbor.forbes.com/thumbor/600x315/https%3A%2F%2Fblogs-images.forbes.com%2Fforbestechcouncil%2Ffiles%2F2018%2F09%2Fcanva-photo-editor-1-3-500x500.png",
      "publishedAt": "2018-09-19T11:00:00Z",
      "content": "Share to facebook Share to twitter Share to linkedin We hear all the time that the world is changing. While easily accepted as truth, we often fail to grasp that the rate of change itself is accelerating. As chief product and technology officer of an enterpri… [+11926 chars]",
      "fileName": "Staving Off The Sixth Extinction A New Operating Model For Modern Work",
      "createdon": "2018-09-20T05:21:52.246Z",
      "md5": "70e1b1f8bc03d3d6d8af28266b45a88b",
      "text": "Change is painful, but it's even more painful to lose control due to inaction and become stuck in a cycle of declining market share, revenue and prestige."
}