{
      "source": {
            "id": null,
            "name": "Forbes.com"
      },
      "author": "Jenny Rooney, Forbes Staff, Jenny Rooney, Forbes Staff https://www.forbes.com/sites/jenniferrooney/",
      "title": "Verizon Embarks On A 5G Future, And CMO Diego Scotti Articulates The Key Marketing Moves That Have Helped Build The Brand And Business",
      "description": "I sat down with Scotti at Verizon’s offices on the eve of the announcement of 5G Home, 5G-powered broadband internet for the home that will launch Oct. 1—one such technology that is being marketed not for its technological features but for its life-enhancing …",
      "url": "https://www.forbes.com/sites/jenniferrooney/2018/09/14/verizon-embarks-on-a-5g-future-and-cmo-diego-scotti-articulates-the-key-marketing-moves-that-have-built-the-brand-and-business/",
      "urlToImage": "https://thumbor.forbes.com/thumbor/600x315/https%3A%2F%2Fspecials-images.forbesimg.com%2Fimageserve%2F5b9c237b4bbe6f79516eb274%2F960x0.jpg%3F%26cropX1%3D0%26cropX2%3D798%26cropY1%3D52%26cropY2%3D500",
      "publishedAt": "2018-09-14T22:10:53Z",
      "content": "Diego Scotti, EVP and CMO Verizon Verizon has been on an innovative brand and business journey since CMO Diego Scotti joined four years ago, as it has sought to transition from being known as a telecommunications provider to technology company in an incredibl… [+23424 chars]",
      "fileName": "Verizon Embarks On A 5G Future And CMO Diego Scotti Articulates The Key Marketing Moves That Have Helped Build The Brand And Business",
      "createdon": "2018-09-20T05:22:55.699Z",
      "md5": "6d4acf4e053a8f3135dc80e684109038",
      "text": "I sat down with Scotti at Verizon’s offices on the eve of the announcement of 5G Home, 5G-powered broadband internet for the home that will launch Oct. 1—one such technology that is being marketed not for its technological features but for its life-enhancing …"
}