{
      "source": {
            "id": null,
            "name": "Microsoft.com"
      },
      "author": "Premier Developer",
      "title": "Driving industry transformation with Azure",
      "description": "This monthly blog aggregates a series of the newest resources focused on how Azure can address common challenges and drive new opportunities in a variety of industries.",
      "url": "https://blogs.msdn.microsoft.com/premier_developer/2018/08/29/driving-industry-transformation-with-azure/",
      "urlToImage": "https://msdnshared.blob.core.windows.net/media/2018/08/industry.png",
      "publishedAt": "2018-08-29T13:00:00Z",
      "content": "Marty Donovan is both an alumni of the Premier Developer team and a Senior Program Manager for Industry Experiences. Not long ago, we featured a post about new content to help customers build solutions for common industry use cases using Azure. Building on th… [+688 chars]",
      "fileName": "Driving industry transformation with Azure",
      "createdon": "2018-09-20T05:21:56.031Z",
      "md5": "c187c569549516dff10d4d502babb7da",
      "text": "This monthly blog aggregates a series of the newest resources focused on how Azure can address common challenges and drive new opportunities in a variety of industries."
}