{
      "source": {
            "id": null,
            "name": "Cisco.com"
      },
      "author": "Roger Sherwood",
      "title": "Cisco @IBC 2018: “Dailies” to “Hourlies;” Venues to Studios: How Our Media Blueprint is Reaching into Film and Sports",
      "description": "The Cisco Media Blueprint is spanning the infrastructure and software components to help our media partners power new ways to create, manage and distribute digital content.",
      "url": "https://blogs.cisco.com/sp/cisco-ibc-2018-dailies-to-hourlies",
      "urlToImage": "https://alln-extcloud-storage.cisco.com/ciscoblogs/5b9178d01b6de-460x230.png",
      "publishedAt": "2018-09-13T12:00:52Z",
      "content": "Hi, Rog again. Last blog, I hinted at more details to come about our current work to industrialize the implementation of IP and cloud technologies into adjacent media segments. Specifically, film and sports. This blog aims to do just that: Give you a deeper l… [+4156 chars]",
      "fileName": "Cisco IBC 2018 Dailies to Hourlies Venues to Studios How Our Media Blueprint is Reaching into Film and Sports",
      "createdon": "2018-09-20T05:22:00.211Z",
      "md5": "c4a44e3397a43eaa41949f37e8765061",
      "text": "The Cisco Media Blueprint is spanning the infrastructure and software components to help our media partners power new ways to create, manage and distribute digital content."
}