{
      "source": {
            "id": null,
            "name": "Sap.com"
      },
      "author": "SAP Guest",
      "title": "A Growing Company’s Guide to Talent Management Leadership",
      "description": "In order to achieve talent management leadership, convert digital investments into meaningful employee experiences and entice the right talent.",
      "url": "https://news.sap.com/2018/09/growing-company-talent-management-leadership/",
      "urlToImage": "https://news.sap.com/wp-content/blogs.dir/1/files/SAP-Cloud-ERP_F_274478_274478_l_srgb_s_gl-e1486479244804.jpg",
      "publishedAt": "2018-09-19T14:45:16Z",
      "content": "Raise your hand if you have your smartphone with you right now. We all rely on technology to make every aspect of our lives easier — from finding an ATM to directing us away from traffic delays to checking the weather. So, the question I ask you is this: Why … [+3553 chars]",
      "fileName": "A Growing Company s Guide to Talent Management Leadership",
      "createdon": "2018-09-20T05:22:02.444Z",
      "md5": "f36a092dde4f7d0c69b86f862380c950",
      "text": "In order to achieve talent management leadership, convert digital investments into meaningful employee experiences and entice the right talent."
}