{
      "source": {
            "id": null,
            "name": "Siliconangle.com"
      },
      "author": "Teryn O'Brien",
      "title": "Building a composable infrastructure: VMware and HPE’s relationship continues with software-defined solutions",
      "description": "As companies embrace the digital transformation, they’ve got to balance two things: the needs of the business to innovate and keep up with the rapid technological advancement, as well as the cost efficiency and security of information technology to respond to…",
      "url": "https://siliconangle.com/2018/08/28/building-composable-infrastructure-vmware-hpes-relationship-continues-software-defined-solutions/",
      "urlToImage": "https://d15shllkswkct0.cloudfront.net/wp-content/blogs.dir/1/files/2018/08/christianpurdie.comJEJ_1710.jpg",
      "publishedAt": "2018-08-28T22:53:02Z",
      "content": "As companies embrace the digital transformation, they’ve got to balance two things: the needs of the business to innovate and keep up with the rapid technological advancement, as well as the cost efficiency and security of information technology to respond to… [+4296 chars]",
      "fileName": "Building a composable infrastructure VMware and HPE s relationship continues with software defined solutions",
      "createdon": "2018-09-20T05:22:04.457Z",
      "md5": "0b5faa63bfabd7f264ab8fd61004b6f0",
      "text": "As companies embrace the digital transformation, they’ve got to balance two things: the needs of the business to innovate and keep up with the rapid technological advancement, as well as the cost efficiency and security of information technology to respond to…"
}