{
      "source": {
            "id": null,
            "name": "Forbes.com"
      },
      "author": "Pavel Krapivin, Contributor, Pavel Krapivin, Contributor https://www.forbes.com/sites/pavelkrapivin/",
      "title": "How Google's Strategy for Happy Employees Boosts Its Bottom Line",
      "description": "As the war for talent heats up, a growing number of companies are investing heavily in perks to make employees happy. Skeptics will scoff at such benefits, suggesting that they’re designed with an explicit trade-off in mind.  It turns out that investing in yo…",
      "url": "https://www.forbes.com/sites/pavelkrapivin/2018/09/17/how-googles-strategy-for-happy-employees-boosts-its-bottom-line/",
      "urlToImage": "https://thumbor.forbes.com/thumbor/600x315/https%3A%2F%2Fblogs-images.forbes.com%2Fpavelkrapivin%2Ffiles%2F2018%2F09%2FHappy-Employee-Working-Laptop-AdobeStock_171333654-by-By-Drobot-Dean-1200x801.jpg",
      "publishedAt": "2018-09-17T18:19:00Z",
      "content": "Share to facebook Share to twitter Share to linkedin Happy smiling employee Photo Credit: Drobot Dean - stock.adobe.com As the war for talent heats up, a growing number of companies are investing heavily in perks to make employees happy. &amp;nbsp;The tech se… [+10656 chars]",
      "fileName": "How Google s Strategy for Happy Employees Boosts Its Bottom Line",
      "createdon": "2018-09-20T05:23:21.447Z",
      "md5": "6f0c5d028d5398e54c0ca880024102b8",
      "text": "As the war for talent heats up, a growing number of companies are investing heavily in perks to make employees happy. Skeptics will scoff at such benefits, suggesting that they’re designed with an explicit trade-off in mind.  It turns out that investing in yo…"
}