{
      "source": {
            "id": "the-verge",
            "name": "The Verge"
      },
      "author": "Casey Newton",
      "title": "Stop calling Facebook’s effort to fix itself an “arms race”",
      "description": "Mark Zuckerberg’s election-security report card suggests Facebook is in a Cold War. But it’s actually more like Vietnam",
      "url": "https://www.theverge.com/2018/9/14/17857712/mark-zuckerberg-facebook-election-security-arms-race-cold-war",
      "urlToImage": "https://cdn.vox-cdn.com/thumbor/KGSr3njkd2ocjqbNF-JEQZWM8ww=/0x146:2040x1214/fit-in/1200x630/cdn.vox-cdn.com/uploads/chorus_asset/file/10663999/mdoying_180411_2400_0102still.jpg",
      "publishedAt": "2018-09-14T10:00:02Z",
      "content": "Since the aftermath of the 2016 election, Facebook has invested millions of dollars in an effort to shore up the platform against future attacks. Late Wednesday night, Mark Zuckerberg published a 3,300-word progress report on how the company has been doing. T… [+19161 chars]",
      "fileName": "Stop calling Facebook s effort to fix itself an arms race",
      "createdon": "2018-09-20T05:15:01.239Z",
      "md5": "641653fdf0fc4720cbb1f91914238ddc",
      "text": "Mark Zuckerberg’s election-security report card suggests Facebook is in a Cold War. But it’s actually more like Vietnam"
}