{
      "source": {
            "id": "the-next-web",
            "name": "The Next Web"
      },
      "author": "Patrick Reynolds",
      "title": "How Google’s using AI and big data to make travel better",
      "description": "Since its acquisition of ITA Matrix Software eight years ago, Google has been quietly rolling out new tools for travelers. Its progress has been even more notable over the past months and weeks as it began unveiling tools to help predict flight delays, plan t…",
      "url": "https://thenextweb.com/?p=1147673",
      "urlToImage": "https://cdn0.tnwcdn.com/wp-content/blogs.dir/1/files/2018/09/Untitled-design-2-social.png",
      "publishedAt": "2018-09-11T14:20:29Z",
      "content": "Since its acquisition of ITA Matrix Software eight years ago, Google has been quietly rolling out new tools for travelers. Its progress has been even more notable over the past months and weeks as it began unveiling tools to help predict flight delays, plan t… [+4894 chars]",
      "fileName": "How Google s using AI and big data to make travel better",
      "createdon": "2018-09-20T05:20:23.288Z",
      "md5": "5a20b8e653fc8ffd53c1e19a40d9afb5",
      "text": "Since its acquisition of ITA Matrix Software eight years ago, Google has been quietly rolling out new tools for travelers. Its progress has been even more notable over the past months and weeks as it began unveiling tools to help predict flight delays, plan t…"
}