{
      "source": {
            "id": null,
            "name": "Digitimes.com"
      },
      "author": null,
      "title": "AI can help travel service firms better meet consumer needs, says Lotus executive",
      "description": "Artificial intelligence (AI) can be applied to the travel service industry to better gauge the real needs of consumers through deep machine learning, according to CH Kuo, chief strategy officer of Lotus Group, a travel service and technology group based in Ca…",
      "url": "https://www.digitimes.com/news/a20180827PD205.html",
      "urlToImage": null,
      "publishedAt": "2018-08-27T08:30:25Z",
      "content": "Artificial intelligence (AI) can be applied to the travel service industry to better gauge the real needs of consumers through deep machine learning, according to CH Kuo, chief strategy officer of Lotus Group, a travel service and technology group based in Ca… [+1279 chars]",
      "fileName": "AI can help travel service firms better meet consumer needs says Lotus executive",
      "createdon": "2018-09-20T05:23:03.420Z",
      "md5": "a210d70cb81fe254e148e6635c012e82",
      "text": "Artificial intelligence (AI) can be applied to the travel service industry to better gauge the real needs of consumers through deep machine learning, according to CH Kuo, chief strategy officer of Lotus Group, a travel service and technology group based in Ca…"
}