{
      "source": {
            "id": null,
            "name": "Cfr.org"
      },
      "author": "Council on Foreign Relations, Guest Blogger for Stewart M. Patrick",
      "title": "Human Rights Safeguards Take a Backseat in New Global Economics Institutions",
      "description": "As states struggle to balance commercial interests with the promotion of human rights, social safeguards in trade and loan agreements—often included at the insistence of Western countries—are increasingly under threat.",
      "url": "https://www.cfr.org/blog/human-rights-safeguards-take-backseat-new-global-economics-institutions",
      "urlToImage": "https://cfrd8-files.cfr.org/sites/default/files/styles/full_width_xl/public/image/2018/09/RTS5EQX.jpg",
      "publishedAt": "2018-09-06T21:05:48Z",
      "content": "Coauthored with Joshua Okada, former intern for the International Institutions and Global Governance program at the Council on Foreign Relations. The Universal Declaration of Human Rights (UDHR) will soon celebrate its seventieth birthday, but the world will … [+6813 chars]",
      "fileName": "Human Rights Safeguards Take a Backseat in New Global Economics Institutions",
      "createdon": "2018-09-20T05:23:29.353Z",
      "md5": "997aa92539a2e747f68986cd5cff88a7",
      "text": "As states struggle to balance commercial interests with the promotion of human rights, social safeguards in trade and loan agreements—often included at the insistence of Western countries—are increasingly under threat."
}