{
      "source": {
            "id": null,
            "name": "Hackernoon.com"
      },
      "author": "Terry Crowley",
      "title": "Software Complexity and Strategy",
      "description": "I struggled with how to think about complexity through much of my career, especially during the ten years I spent leading Office…",
      "url": "https://hackernoon.com/complexity-and-strategy-325cd7f59a92",
      "urlToImage": "https://cdn-images-1.medium.com/max/1200/1*2x9Dg_XIRDfgqkN-YW5RjQ.png",
      "publishedAt": "2018-09-17T17:56:29Z",
      "content": "I struggled with how to think about complexity through much of my career, especially during the ten years I spent leading Office development. Modeling complexity impacted how we planned major releases, our technical strategy as we moved to new platforms, how … [+21738 chars]",
      "fileName": "Software Complexity and Strategy",
      "createdon": "2018-09-20T05:23:21.303Z",
      "md5": "78372d8c9ac40fd2025d48efcdf2d0c5",
      "text": "I struggled with how to think about complexity through much of my career, especially during the ten years I spent leading Office…"
}