{
      "source": {
            "id": null,
            "name": "Dezeen.com"
      },
      "author": "Eleanor Gibson",
      "title": "America's best new landscape architecture projects revealed",
      "description": "The American Society of Landscape Architects has announced its top new landscape architecture projects in the US, including a remote art centre in Montana, the bustling Chicago Riverwalk, and an 85-acre park along the Brooklyn waterfront. Read more",
      "url": "http://www.dezeen.com/2018/09/05/asla-professional-awards-best-landscape-architecture-projects-usa/",
      "urlToImage": "https://static.dezeen.com/uploads/2018/09/brooklyn-bridge-park-michael-van-valkenburgh-associates_dezeen-hero.jpg",
      "publishedAt": "2018-09-05T19:11:32Z",
      "content": "The American Society of Landscape Architects has announced its top new landscape architecture projects in the US, including a remote art centre in Montana, the bustling Chicago Riverwalk, and an 85-acre park along the Brooklyn waterfront. The American Society… [+17412 chars]",
      "fileName": "America s best new landscape architecture projects revealed",
      "createdon": "2018-09-20T05:21:58.440Z",
      "md5": "87b44f456e2852596eeea5dab71d2f35",
      "text": "The American Society of Landscape Architects has announced its top new landscape architecture projects in the US, including a remote art centre in Montana, the bustling Chicago Riverwalk, and an 85-acre park along the Brooklyn waterfront. Read more"
}