{
      "source": {
            "id": null,
            "name": "Retailtechnews.com"
      },
      "author": "Eileen Yu",
      "title": "APAC Retailers Should Pick Right Tools & Partners for E-Commerce Logistics",
      "description": "Digital platforms are empowering brands to widen their customer reach and sales channels, but they must tap the right tools and partners to ensure they have robust logistics support, says Joseph Ng (pictured below), CEO of Skyfy Technology, a Singapore-based …",
      "url": "https://www.retailtechnews.com/2018/09/18/apac-retailers-should-pick-right-tools-partners-for-e-commerce-logistics/",
      "urlToImage": "https://www.exchangewire.com/wp-content/uploads/2018/09/logistics-globe_9239904_9987381.png",
      "publishedAt": "2018-09-18T02:31:45Z",
      "content": "Digital platforms are empowering brands to widen their customer reach and sales channels, but they must tap the right tools and partners to ensure they have robust logistics support, says Joseph Ng (pictured below), CEO of Skyfy Technology, a Singapore-based … [+5577 chars]",
      "fileName": "APAC Retailers Should Pick Right Tools Partners for E Commerce Logistics",
      "createdon": "2018-09-20T05:22:06.118Z",
      "md5": "0da9583d3581307cc597c7f0d5967c2f",
      "text": "Digital platforms are empowering brands to widen their customer reach and sales channels, but they must tap the right tools and partners to ensure they have robust logistics support, says Joseph Ng (pictured below), CEO of Skyfy Technology, a Singapore-based …"
}