{
      "source": {
            "id": null,
            "name": "Hilltopmonitor.com"
      },
      "author": null,
      "title": "Google, Harvard to use machine learning to predict earthquake aftershock locations - The Hilltop Monitor",
      "description": "The Hilltop Monitor Google, Harvard to use machine learning to predict earthquake aftershock locations The Hilltop Monitor \"This approach is more accurate because it was developed without a strongly held prior belief about where aftershocks ought to occur\", D…",
      "url": "http://hilltopmonitor.com/2018/09/google-harvard-to-use-machine-learning-to-predict/",
      "urlToImage": null,
      "publishedAt": "2018-09-02T14:39:10Z",
      "content": "\"This approach is more accurate because it was developed without a strongly held prior belief about where aftershocks ought to occur\", DeVries, a post-doctoral fellow at Harvard, told AFP. Earlier this week, researchers from Harvard University and Google publ… [+2854 chars]",
      "fileName": "Google Harvard to use machine learning to predict earthquake aftershock locations The Hilltop Monitor",
      "createdon": "2018-09-20T05:25:13.199Z",
      "md5": "98df544f1a355694ab5cf785cbc10ded",
      "text": "The Hilltop Monitor Google, Harvard to use machine learning to predict earthquake aftershock locations The Hilltop Monitor \"This approach is more accurate because it was developed without a strongly held prior belief about where aftershocks ought to occur\", D…"
}