{
      "source": {
            "id": null,
            "name": "Vmblog.com"
      },
      "author": "David Marshall",
      "title": "#VMworld 2018 Q&A: Hitachi Vantara Will Showcase Hybrid-Cloud, Data Center Automation, Next Gen Hyperconvergence and Data Protection Solutions at Booth 1018",
      "description": "Read this exclusive pre-show interview between VMblog and Dinesh Singh of Hitachi Vantara, to learn what they have planned for the upcoming VMworld 2018 event and why you need to visit their booth.",
      "url": "http://vmblog.com/archive/2018/08/22/vmworld-2018-hitachi-vantara-showcase-hybridcloud-datacenter-automation-nextgen-hyperconvergence-dataprotection.aspx",
      "urlToImage": null,
      "publishedAt": "2018-08-22T12:31:00Z",
      "content": "Are you attending VMworld 2018 in Las Vegas, NV? If so, I invite you to add Hitachi Vantara to your MUST SEE list of vendors. With so many vendors exhibiting at VMworld, how do you know which booths to visit and who to get on your busy schedule? One of the co… [+8195 chars]",
      "fileName": "VMworld 2018 Q A Hitachi Vantara Will Showcase Hybrid Cloud Data Center Automation Next Gen Hyperconvergence and Data Protection Solutions at Booth 1018",
      "createdon": "2018-09-20T05:22:02.336Z",
      "md5": "65b488b3a0a2a124d40da0c95f2c4aac",
      "text": "Read this exclusive pre-show interview between VMblog and Dinesh Singh of Hitachi Vantara, to learn what they have planned for the upcoming VMworld 2018 event and why you need to visit their booth."
}