{
      "source": {
            "id": null,
            "name": "Forbes.com"
      },
      "author": "Bob Evans, Contributor, Bob Evans, Contributor https://www.forbes.com/sites/bobevans1/",
      "title": "Salesforce Scores Big With Mulesoft: The Skyrocketing Value Of Integration",
      "description": "Just several months after the penny-pinchers whined about the hefty price Salesforce.com paid for integration specialist Mulesoft, that acquisition has opened up huge new opportunities for Salesforce as CEOs realize they can't compete in the digital economy u…",
      "url": "https://www.forbes.com/forbes/welcome/?toURL=https://www.forbes.com/sites/bobevans1/2018/08/30/salesforce-scores-big-with-mulesoft-the-skyrocketing-value-of-integration/&refURL=https://t.co/015d260554&referrer=https://t.co/015d260554",
      "urlToImage": null,
      "publishedAt": "2018-08-30T16:20:00Z",
      "content": "Sometimes freedom from normal rules is what gives you competitive advantage. Reid Hoffman, Cofounder of LinkedIn",
      "fileName": "Salesforce Scores Big With Mulesoft The Skyrocketing Value Of Integration",
      "createdon": "2018-09-20T05:20:37.649Z",
      "md5": "8f374aa7468c5cf10bd7e86cc6a5f4f0",
      "text": "Just several months after the penny-pinchers whined about the hefty price Salesforce.com paid for integration specialist Mulesoft, that acquisition has opened up huge new opportunities for Salesforce as CEOs realize they can't compete in the digital economy u…"
}