{
      "source": {
            "id": null,
            "name": "Fool.com"
      },
      "author": "newsfeedback@fool.com (Ashraf Eassa)",
      "title": "3 Things Every Investor Should Know About This Giant Apple Supplier",
      "description": "Let's get to know this semiconductor giant.",
      "url": "https://www.fool.com/investing/2018/09/16/3-things-every-investor-should-know-about-this-gia.aspx",
      "urlToImage": "https://g.foolcdn.com/image/?url=https%3A%2F%2Fg.foolcdn.com%2Feditorial%2Fimages%2F494460%2Fiphone_x_photo_screen_lockup_front_back.jpg&h=630&w=1200&op=resize",
      "publishedAt": "2018-09-16T21:12:00Z",
      "content": "With a market capitalization in the neighborhood of $100 billion today, Broadcom ( NASDAQ:AVGO ) is one of the most valuable publicly-traded chip companies in the world. It raked in about $17.64 billion in net revenue and $2.38 billion in operating income dur… [+3928 chars]",
      "fileName": "3 Things Every Investor Should Know About This Giant Apple Supplier",
      "createdon": "2018-09-20T05:22:53.379Z",
      "md5": "ebb675c39c9e7c1df2e09aa170bdc487",
      "text": "Let's get to know this semiconductor giant."
}