{
      "source": {
            "id": null,
            "name": "Forbes.com"
      },
      "author": "Trefis Team, Contributor, Trefis Team, Contributor https://www.forbes.com/sites/greatspeculations/people/trefis/",
      "title": "Salesforce.com Posts Another Strong Quarter; On Track To Reach $23 Billion In Sales By 2022",
      "description": "As expected, Salesforce.com (NYSE: CRM) posted another stellar quarter last week backed by growth across its product lines and geographies. The company continues to leverage the growing demand for digitalization and cloud-based products. Consequently, the com…",
      "url": "https://www.forbes.com/sites/greatspeculations/2018/09/04/salesforce-com-posts-another-strong-quarter-on-track-to-reach-23-billion-in-sales-by-2022/",
      "urlToImage": "https://thumbor.forbes.com/thumbor/600x315/https%3A%2F%2Fblogs-images.forbes.com%2Fthumbnails%2Fblog_25%2Fpt_25_188053_o.jpg%3Ft%3D1536085923",
      "publishedAt": "2018-09-04T18:32:00Z",
      "content": "Share to facebook Share to twitter Share to linkedin A monitor displays Salesforce.com Inc. signage on the floor of the New York Stock Exchange (NYSE) in New York, U.S., on Monday, April 23, 2018. (Photographer: Michael Nagle/Bloomberg) As expected, Salesforc… [+7632 chars]",
      "fileName": "Salesforce com Posts Another Strong Quarter On Track To Reach 23 Billion In Sales By 2022",
      "createdon": "2018-09-20T05:15:14.585Z",
      "md5": "b811fdf48fd3855da91881f59e2d6bd8",
      "text": "As expected, Salesforce.com (NYSE: CRM) posted another stellar quarter last week backed by growth across its product lines and geographies. The company continues to leverage the growing demand for digitalization and cloud-based products. Consequently, the com…"
}