{
      "source": {
            "id": null,
            "name": "Plos.org"
      },
      "author": "Ashish Goyal, Ethan Obie Romero-Severson",
      "title": "Screening for hepatitis D and PEG-Interferon over Tenofovir enhance general hepatitis control efforts in Brazil",
      "description": "Background Hepatitis D virus (HDV), which requires the presence of hepatitis B virus (HBV), is a deadly yet neglected disease that rapidly leads to liver cancer and disease-induced mortality. This co-dependence creates complex transmission dynamics that make …",
      "url": "https://journals.plos.org/plosone/article?id=10.1371/journal.pone.0203831",
      "urlToImage": "https://journals.plos.org/plosone/article/figure/image?id=10.1371/journal.pone.0203831.g004&size=inline",
      "publishedAt": "2018-09-07T21:00:00Z",
      "content": "Abstract Background Hepatitis D virus (HDV), which requires the presence of hepatitis B virus (HBV), is a deadly yet neglected disease that rapidly leads to liver cancer and disease-induced mortality. This co-dependence creates complex transmission dynamics t… [+41739 chars]",
      "fileName": "Screening for hepatitis D and PEG Interferon over Tenofovir enhance general hepatitis control efforts in Brazil",
      "createdon": "2018-09-20T05:23:25.586Z",
      "md5": "9c060e0e788f14cc24d3709d8d9d6d3b",
      "text": "Background Hepatitis D virus (HDV), which requires the presence of hepatitis B virus (HBV), is a deadly yet neglected disease that rapidly leads to liver cancer and disease-induced mortality. This co-dependence creates complex transmission dynamics that make …"
}