{
      "source": {
            "id": null,
            "name": "Forbes.com"
      },
      "author": "Steve Denning, Contributor, Steve Denning, Contributor https://www.forbes.com/sites/stevedenning/",
      "title": "What The C-Suite Must Do To Make The Whole Firm Agile",
      "description": "Business agility is a key C-suite responsibility",
      "url": "https://www.forbes.com/sites/stevedenning/2018/09/09/what-the-c-suite-must-do-to-make-the-whole-firm-agile/",
      "urlToImage": "https://thumbor.forbes.com/thumbor/600x315/https%3A%2F%2Fspecials-images.forbesimg.com%2Fdam%2Fimageserve%2Fsb10064878b-002%2F960x0.jpg%3Ffit%3Dscale",
      "publishedAt": "2018-09-09T20:31:00Z",
      "content": "When Agile management was seen as something happening in the basement of an organization among software developers and their unintelligible computer codings, the question of the role of the C-suite in Agile didn’t arise: the C-suite generally had no larger ro… [+12766 chars]",
      "fileName": "What The C Suite Must Do To Make The Whole Firm Agile",
      "createdon": "2018-09-20T05:23:23.253Z",
      "md5": "76e42b81a458e5aa5a7562e091e351ae",
      "text": "Business agility is a key C-suite responsibility"
}