{
      "source": {
            "id": null,
            "name": "Wired.co.uk"
      },
      "author": "WIRED",
      "title": "The best business brains announced for WIRED Smarter",
      "description": "Thirteen new speakers from companies including Google, ASOS and Tenable announced for WIRED Smarter, a new kind of conference taking place at London’s Kings Place on Tuesday, October 9",
      "url": "https://www.wired.co.uk/article/the-best-business-brains-announced-for-wired-smarter",
      "urlToImage": "https://wi-images.condecdn.net/image/2oGpYq01qVx/crop/1440/0.5235602094240838/f/wired.jpg",
      "publishedAt": "2018-09-12T09:51:10Z",
      "content": "A roster of exciting speakers has today been announced for WIRED Smarter, a different kind of conference taking place at London’s Kings Place on Tuesday 9th October. As the event looms, leaders from across business, technology and academia are set to join an … [+3762 chars]",
      "fileName": "The best business brains announced for WIRED Smarter",
      "createdon": "2018-09-20T05:23:27.345Z",
      "md5": "e334b018788d320586343e9bacba347e",
      "text": "Thirteen new speakers from companies including Google, ASOS and Tenable announced for WIRED Smarter, a new kind of conference taking place at London’s Kings Place on Tuesday, October 9"
}