{
      "source": {
            "id": null,
            "name": "Seekingalpha.com"
      },
      "author": "Daniel Jones",
      "title": "Tesla: An Outrageous Forecast Could Be Realistic",
      "description": "The CEO of ARK Invest came out urging Elon Musk not to take Tesla private because it would cause regular investors to miss out on potential upside. Her claim is",
      "url": "https://seekingalpha.com/article/4201870-tesla-outrageous-forecast-realistic",
      "urlToImage": "https://static2.seekingalpha.com/uploads/2018/8/24/9866571-15350992172381854.jpg",
      "publishedAt": "2018-08-24T16:47:00Z",
      "content": "Tesla Motors ( TSLA ) could be the best thing since sliced bread. At least that’s what Catherine Wood, the CEO of ARK Invest, would have you believe. In an open letter directed at Elon Musk, she made the case that, instead of being taken private by Musk and o… [+13659 chars]",
      "fileName": "Tesla An Outrageous Forecast Could Be Realistic",
      "createdon": "2018-09-20T05:22:31.530Z",
      "md5": "944dcf2d318e0dc472bbf843b88af28c",
      "text": "The CEO of ARK Invest came out urging Elon Musk not to take Tesla private because it would cause regular investors to miss out on potential upside. Her claim is"
}