{
      "source": {
            "id": null,
            "name": "Forbes.com"
      },
      "author": "Scott Edinger, Contributor, Scott Edinger, Contributor https://www.forbes.com/sites/scottedinger/",
      "title": "The Linchpin For A Winning Growth Strategy",
      "description": "The competitive strategy of a business succeeds or fails every time a sales professional interacts with a prospect or a customer. Here are three areas to focus on that will drive your team to a winning growth strategy.",
      "url": "https://www.forbes.com/sites/scottedinger/2018/09/05/winning-growth-strategy/",
      "urlToImage": "https://thumbor.forbes.com/thumbor/600x315/https%3A%2F%2Fspecials-images.forbesimg.com%2Fdam%2Fimageserve%2F1015957608%2F960x0.jpg%3Ffit%3Dscale",
      "publishedAt": "2018-09-05T16:30:00Z",
      "content": "Share to facebook Share to twitter Share to linkedin The competitive strategy of a business succeeds or fails every time a sales professional interacts with a prospect or a customer. Growing your business doesn’t happen in cross-functional meetings, operation… [+9291 chars]",
      "fileName": "The Linchpin For A Winning Growth Strategy",
      "createdon": "2018-09-20T05:23:21.384Z",
      "md5": "e52408095dbc67225f389b6e8c2240b1",
      "text": "The competitive strategy of a business succeeds or fails every time a sales professional interacts with a prospect or a customer. Here are three areas to focus on that will drive your team to a winning growth strategy."
}