{
      "source": {
            "id": null,
            "name": "Seekingalpha.com"
      },
      "author": "Trapping Value",
      "title": "Altria: Tipping Point",
      "description": "Declining volume story for conventional cigarettes is well known. Altria is now shifting its future strategy to IQOS products. Marketed as less risky than conve",
      "url": "https://seekingalpha.com/article/4206754-altria-tipping-point",
      "urlToImage": "https://static1.seekingalpha.com/uploads/2018/9/16/47392447-15371049591767704.png",
      "publishedAt": "2018-09-17T19:55:54Z",
      "content": "Altria ( MO ) is America's largest tobacco company selling the most popular cigarette brands such as Marlboro, Parliament, Virginia Slims, and Benson &amp; Hedges. Conventional cigarettes form the lion's share of its sales at 85%. It also manufactures and sel… [+11305 chars]",
      "fileName": "Altria Tipping Point",
      "createdon": "2018-09-20T05:22:57.424Z",
      "md5": "73b1ac2526b840423673e5822b61fca8",
      "text": "Declining volume story for conventional cigarettes is well known. Altria is now shifting its future strategy to IQOS products. Marketed as less risky than conve"
}