{
      "source": {
            "id": null,
            "name": "Fastcompany.com"
      },
      "author": "Jeremy Deaton",
      "title": "This polluted neighborhood shows the damage caused by environmental racism",
      "description": "“Big industry has come in. Big industry has left, but without really putting any real investment into the community.” It began as a beacon of freedom, founded by those aboard the last slave ship to reach the United States. For decades, it stood as a sanctuary…",
      "url": "https://www.fastcompany.com/90236776/mobiles-africatown-has-been-hobbled-by-pollution?partner=feedburner&utm_source=feedburner&utm_medium=feed&utm_campaign=Feed%3A+fastcompany%2Fheadlines+%28Fast+Company%29",
      "urlToImage": "https://images.fastcompany.net/image/upload/w_1280,f_auto,q_auto,fl_lossy/wp-cms/uploads/2018/09/p-1-90236776-africatown-pollution.jpg",
      "publishedAt": "2018-09-14T06:00:43Z",
      "content": "It began as a beacon of freedom, founded by those aboard the last slave ship to reach the United States. For decades, it stood as a sanctuary of African culture, but today, the small community on the outskirts of Mobile, Alabama, is struggling to stay alive. … [+7352 chars]",
      "fileName": "This polluted neighborhood shows the damage caused by environmental racism",
      "createdon": "2018-09-20T05:20:25.872Z",
      "md5": "6b3135826adadaa4e52517b0abe7b13f",
      "text": "“Big industry has come in. Big industry has left, but without really putting any real investment into the community.” It began as a beacon of freedom, founded by those aboard the last slave ship to reach the United States. For decades, it stood as a sanctuary…"
}