{
      "source": {
            "id": null,
            "name": "Fool.com"
      },
      "author": "newsfeedback@fool.com (Neha Chamaria)",
      "title": "5 High-Yield Dividend Stocks to Watch",
      "description": "With their big yields of 4% plus and strong growth catalysts ahead, these dividend stocks deserve your immediate attention.",
      "url": "https://www.fool.com/investing/2018/09/08/5-high-yield-dividend-stocks-to-watch.aspx",
      "urlToImage": "https://g.foolcdn.com/image/?url=https%3A%2F%2Fg.foolcdn.com%2Feditorial%2Fimages%2F492085%2Fgettyimages-514097386.jpg&h=630&w=1200&op=resize",
      "publishedAt": "2018-09-08T12:30:00Z",
      "content": "The S&amp;P 500 might be on one of its strongest bull runs ever, but there are several solid dividend stocks out there that haven't quite kept pace with the market and are now yielding 4% or higher. If you're wondering where to find such high-yield stocks, wa… [+6547 chars]",
      "fileName": "5 High Yield Dividend Stocks to Watch",
      "createdon": "2018-09-20T05:20:41.509Z",
      "md5": "76be22001bf4af469cda3beea3035a2d",
      "text": "With their big yields of 4% plus and strong growth catalysts ahead, these dividend stocks deserve your immediate attention."
}