{
      "source": {
            "id": "the-economist",
            "name": "The Economist"
      },
      "author": null,
      "title": "A sense of curiosity is helpful for artificial intelligence",
      "description": "Another approach to training machines",
      "url": "https://www.economist.com/science-and-technology/2018/08/30/a-sense-of-curiosity-is-helpful-for-artificial-intelligence",
      "urlToImage": "https://cdn.static-economist.com/sites/default/files/images/print-edition/20180901_STD001_0.jpg",
      "publishedAt": "2018-09-13T14:43:50Z",
      "content": "SOFTWARE that can learn is changing the world, but it needs supervision. Humans provide such oversight in two ways. The first is to show machine-learning algorithms large sets of data that describe the task at hand. Labelled pictures of cats and dogs, for ins… [+7308 chars]",
      "fileName": "A sense of curiosity is helpful for artificial intelligence",
      "createdon": "2018-09-20T05:15:03.524Z",
      "md5": "b49c46a89f3d2a7282fb69e0e9755f25",
      "text": "Another approach to training machines"
}