{
      "source": {
            "id": null,
            "name": "Acm.org"
      },
      "author": null,
      "title": "Russian and American Scientists Collaborate to Create Faster Internet",
      "description": "Researchers at Samara Oblast University in Russia and the University of Missouri have created an algorithm that processes data 50% faster.",
      "url": "https://cacm.acm.org/news/230839-russian-and-american-scientists-collaborate-to-create-faster-internet/fulltext",
      "urlToImage": "https://cacm.acm.org/system/assets/0003/2443/090518_Pixabay_internet_cables.large.jpg?1536169925&1536169925",
      "publishedAt": "2018-09-05T16:00:12Z",
      "content": "September 5, 2018 Comments Researchers in Russia and Missouri created an algorithm that uses a unique routing method to process big data 50% faster. Credit: Pixabay Researchers at Samara Oblast University in Russia and the University of Missouri have created … [+924 chars]",
      "fileName": "Russian and American Scientists Collaborate to Create Faster Internet",
      "createdon": "2018-09-20T05:22:33.328Z",
      "md5": "86f0dca5a07e85200245b051ad025490",
      "text": "Researchers at Samara Oblast University in Russia and the University of Missouri have created an algorithm that processes data 50% faster."
}