{
      "source": {
            "id": "ign",
            "name": "IGN"
      },
      "author": "Casey DeFreitas",
      "title": "How Pokemon Cards are Made in 8 Steps",
      "description": "Game designers explain in detail how Pokemon cards and expansion sets are made from inside the Creatures office.",
      "url": "http://www.ign.com/articles/2018/08/24/how-pokemon-cards-are-made-in-8-steps",
      "urlToImage": "https://assets1.ignimgs.com/2018/08/24/pokemoncards-blogroll-1535094119981_1280w.jpg",
      "publishedAt": "2018-08-24T15:30:20Z",
      "content": "It's more complicated than you'd think. By Casey DeFreitas It takes an entire year from start to finish to publish a new set of the Pokemon Trading Card Game (TCG). The process, handled by Creatures, Inc., is involved and thorough. It’s all-hands-on-deck, as … [+9478 chars]",
      "fileName": "How Pokemon Cards are Made in 8 Steps",
      "createdon": "2018-09-20T05:20:35.755Z",
      "md5": "4d6a17b87c4f25f58cb05908cace33fd",
      "text": "Game designers explain in detail how Pokemon cards and expansion sets are made from inside the Creatures office."
}