{
      "source": {
            "id": null,
            "name": "Who.int"
      },
      "author": null,
      "title": "Human infection with avian influenza A(H7N9) virus in China – update",
      "description": "Since March 2013, when the avian influenza A(H7N9) virus infection was first detected in humans, a total of 1567 laboratory-confirmed human cases, including at least 615 deaths 1, have been reported to WHO (Figure 1) in accordance with the International Healt…",
      "url": "http://www.who.int/csr/don/3-september-2018-ah7n9-china/en/",
      "urlToImage": "http://www.who.int/about/Logo-WHO.jpg",
      "publishedAt": "2018-09-03T08:00:00Z",
      "content": "Disease outbreak news 3 September 2018 Since March 2013, when the avian influenza A(H7N9) virus infection was first detected in humans, a total of 1567 laboratory-confirmed human cases, including at least 615 deaths 1, have been reported to WHO (Figure 1) in … [+4505 chars]",
      "fileName": "Human infection with avian influenza A H7N9 virus in China update",
      "createdon": "2018-09-20T05:22:31.398Z",
      "md5": "bebbb0b0fed94d8f14f04c8f2d3a68c6",
      "text": "Since March 2013, when the avian influenza A(H7N9) virus infection was first detected in humans, a total of 1567 laboratory-confirmed human cases, including at least 615 deaths 1, have been reported to WHO (Figure 1) in accordance with the International Healt…"
}