{
      "source": {
            "id": null,
            "name": "Gizmodo.com"
      },
      "author": "Sam Rutherford",
      "title": "Gigantic Leak Seemingly Blows the Lid Off Google's Pixel 3 XL, RIP Surprises",
      "description": "New flagship smartphones are often some of the most closely guarded secrets in tech, and while leaks can occur a month or two before an official release, there’s typically enough mystery to keep things interesting until then. Read more...",
      "url": "https://gizmodo.com/gigantic-leak-seemingly-blows-the-lid-off-googles-pixel-1828522906",
      "urlToImage": "https://i.kinja-img.com/gawker-media/image/upload/s--QF83022h--/c_fill,fl_progressive,g_center,h_900,q_80,w_1600/d9e7ijr5wbgtwnfxhabt.png",
      "publishedAt": "2018-08-22T16:43:00Z",
      "content": "New flagship smartphones are some of the most closely guarded secrets in tech, and while leaks often occur a month or two before an official release, there’s typically enough mystery to keep things interesting until then. But in a nearly unbelievable turn of … [+3327 chars]",
      "fileName": "Gigantic Leak Seemingly Blows the Lid Off Google s Pixel 3 XL RIP Surprises",
      "createdon": "2018-09-20T05:20:25.589Z",
      "md5": "1cf9851a8918bfd6176c9a91315384bb",
      "text": "New flagship smartphones are often some of the most closely guarded secrets in tech, and while leaks can occur a month or two before an official release, there’s typically enough mystery to keep things interesting until then. Read more..."
}