{
      "source": {
            "id": null,
            "name": "Dzone.com"
      },
      "author": "Derek Smith",
      "title": "Why Data Accuracy and Master Data Management Are Ready for the Cloud",
      "description": "It's time to take a fresh look at an old problem: \"garbage in, garbage out.\" Everyone knows that information is only as good as the data it was built upon, yet according to Harvard Business Review, only 3 percent of companies' data meets basic quality standar…",
      "url": "https://dzone.com/articles/why-data-accuracy-and-master-data-management-are-r",
      "urlToImage": "https://dz2cdn4.dzone.com/storage/article-thumb/10119915-thumb.jpg",
      "publishedAt": "2018-08-31T09:09:01Z",
      "content": "It's time to take a fresh look at an old problem: \"garbage in, garbage out.\" Everyone knows that information is only as good as the data it was built upon, yet according to Harvard Business Review, only 3 percent of companies' data meets basic quality standar… [+4246 chars]",
      "fileName": "Why Data Accuracy and Master Data Management Are Ready for the Cloud",
      "createdon": "2018-09-20T05:22:00.250Z",
      "md5": "8316ddcaacb6bb5c224c3beeba1767e9",
      "text": "It's time to take a fresh look at an old problem: \"garbage in, garbage out.\" Everyone knows that information is only as good as the data it was built upon, yet according to Harvard Business Review, only 3 percent of companies' data meets basic quality standar…"
}