{
      "source": {
            "id": "business-insider",
            "name": "Business Insider"
      },
      "author": "nshields@businessinsider.com (Nicholas Shields), Nicholas Shields",
      "title": "Waymo is getting a pathway into China (GOOGL)",
      "description": "This story was delivered to Business Insider Intelligence Transportation & Logistics Briefing subscribers hours before it appeared on Business Insider. To be the first to know, please click here. Waymo, Alphabet's self-driving technology spin-off, established…",
      "url": "https://www.businessinsider.com/waymo-huimo-business-consulting-shanghai-2018-8",
      "urlToImage": "https://amp.businessinsider.com/images/5b8402cee361c039008b5367-2732-1366.jpg",
      "publishedAt": "2018-08-27T14:00:00Z",
      "content": "This story was delivered to Business Insider Intelligence Transportation &amp; Logistics Briefing subscribers hours before it appeared on Business Insider. To be the first to know, please click here. Waymo, Alphabet's self-driving technology spin-off, establi… [+3525 chars]",
      "fileName": "Waymo is getting a pathway into China GOOGL",
      "createdon": "2018-09-20T05:21:50.227Z",
      "md5": "96f0143a15000bfa24194b6ee627063f",
      "text": "This story was delivered to Business Insider Intelligence Transportation & Logistics Briefing subscribers hours before it appeared on Business Insider. To be the first to know, please click here. Waymo, Alphabet's self-driving technology spin-off, established…"
}