{
      "source": {
            "id": null,
            "name": "Gigaom.com"
      },
      "author": "Bob Egan",
      "title": "A Bottoms Up Approach to Digital Transformation",
      "description": "Every organization today has strategies in place for managing toward DX. They differ and are implemented w/ varying intensity, but any business leader a...",
      "url": "https://gigaom.com/2018/09/04/a-bottoms-up-approach-to-digital-transformation/",
      "urlToImage": "https://gigaom.com/wp-content/uploads/sites/1/2018/08/bigstock-Business-Finance-Accounting-237523486-680x453.jpg",
      "publishedAt": "2018-09-04T12:00:23Z",
      "content": "Sponsored by Every organization today has strategies in place for managing toward DX. They differ and are implemented w/ varying intensity, but any business leader at the helm of their organization’s digital transformation must consider two core metrics for a… [+1232 chars]",
      "fileName": "A Bottoms Up Approach to Digital Transformation",
      "createdon": "2018-09-20T05:21:50.222Z",
      "md5": "00baf78db8299cf1c541735db1e7dcab",
      "text": "Every organization today has strategies in place for managing toward DX. They differ and are implemented w/ varying intensity, but any business leader a..."
}