{
      "source": {
            "id": null,
            "name": "Humblebundle.com"
      },
      "author": null,
      "title": "One more week of the Humble Book Bundle: Machine Learning by...",
      "description": "One more week of the Humble Book Bundle: Machine Learning by O'Reilly! \n\n This bundle has over $640 worth of ebooks, including Fundamentals of Deep Learning, Machine Learning and Security, and more. Plus, your purchase can support Code for America!\n\n\n Assets …",
      "url": "http://blog.humblebundle.com/post/177715875449/one-more-week-of-the-humble-book-bundle-machine",
      "urlToImage": "https://78.media.tumblr.com/788a698ecca0642302c4f3bb9413e4d3/tumblr_peifbiD0Hq1r2lwp2o1_1280.png",
      "publishedAt": "2018-09-04T02:38:06Z",
      "content": "This bundle has over $640 worth of ebooks, including Fundamentals of Deep Learning, Machine Learning and Security, and more. Plus, your purchase can support Code for America! Assets for Press and Partners",
      "fileName": "One more week of the Humble Book Bundle Machine Learning by",
      "createdon": "2018-09-20T05:25:09.209Z",
      "md5": "3ba891cf675c7378da53768c758bc188",
      "text": "One more week of the Humble Book Bundle: Machine Learning by O'Reilly! \n\n This bundle has over $640 worth of ebooks, including Fundamentals of Deep Learning, Machine Learning and Security, and more. Plus, your purchase can support Code for America!\n\n\n Assets …"
}