{
      "source": {
            "id": null,
            "name": "Ieee.org"
      },
      "author": "Anthony F. J. Levi",
      "title": "Silicon Photonics Stumbles at the Last Meter",
      "description": "We have fiber to the home, but fiber to the processor is still a problem",
      "url": "https://spectrum.ieee.org/semiconductors/optoelectronics/silicon-photonics-stumbles-at-the-last-meter",
      "urlToImage": "https://spectrum.ieee.org/image/MzExOTE2NQ.jpeg",
      "publishedAt": "2018-08-30T15:00:00Z",
      "content": "If you think we’re on the cusp of a technological revolution today, imagine what it felt like in the mid-1980s. Silicon chips used transistors with micrometer-size features. Fiber-optic systems were zipping trillions of bits per second around the world. With … [+19673 chars]",
      "fileName": "Silicon Photonics Stumbles at the Last Meter",
      "createdon": "2018-09-20T05:22:23.332Z",
      "md5": "c73b5bb21b12acf383b931ccd7f4de5d",
      "text": "We have fiber to the home, but fiber to the processor is still a problem"
}