{
      "source": {
            "id": null,
            "name": "Dzone.com"
      },
      "author": "Chris O'Connor",
      "title": "Discover How to Optimize Assets With AI-Powered Technology [Video]",
      "description": "Asset-intensive companies are struggling with aging infrastructure, an aging workforce, skills gaps, and a lack of asset performance visibility. They need to balance asset costs, reliability, and risk. In this video edition of Get Connected, Chris O'Connor di…",
      "url": "https://dzone.com/articles/discover-how-to-optimize-assets-with-ai-powered-te",
      "urlToImage": "https://dz2cdn2.dzone.com/storage/article-thumb/10262441-thumb.jpg",
      "publishedAt": "2018-09-19T13:01:02Z",
      "content": "Asset-intensive companies are struggling with aging infrastructure, an aging workforce, skills gaps, and a lack of asset performance visibility. They need to balance asset costs, reliability, and risk. In this video edition of Get Connected, Chris O'Connor di… [+123 chars]",
      "fileName": "Discover How to Optimize Assets With AI Powered Technology Video",
      "createdon": "2018-09-20T05:22:53.561Z",
      "md5": "b43dc28b0b1c445ce9ab9d1dc311997d",
      "text": "Asset-intensive companies are struggling with aging infrastructure, an aging workforce, skills gaps, and a lack of asset performance visibility. They need to balance asset costs, reliability, and risk. In this video edition of Get Connected, Chris O'Connor di…"
}