{
      "source": {
            "id": null,
            "name": "Scientificamerican.com"
      },
      "author": "The Scientific American Staff",
      "title": "Top Priorities for Trump's Science Advisor",
      "description": "If he's confirmed, Kelvin Droegemeier should champion research and evidence-based policy, but his primary task is to get the president’s ear -- Read more on ScientificAmerican.com",
      "url": "https://www.scientificamerican.com/article/top-priorities-for-trumps-science-advisor/",
      "urlToImage": "https://static.scientificamerican.com/sciam/cache/file/9542AE3C-1393-4ADE-90184B348F173691_agenda.jpg?w=600&h=335",
      "publishedAt": "2018-08-23T15:38:00Z",
      "content": "Today the U.S. Senate held a nomination hearing for Kelvin Droegemeier, whom Donald Trump has proposed as head of the White House Office of Science and Technology Policy. Trump nominated the meteorologist three weeks ago, after leaving the position vacant for… [+5230 chars]",
      "fileName": "Top Priorities for Trump s Science Advisor",
      "createdon": "2018-09-20T05:15:10.966Z",
      "md5": "d72e4b3c3c91882cec4bafb4f911e926",
      "text": "If he's confirmed, Kelvin Droegemeier should champion research and evidence-based policy, but his primary task is to get the president’s ear -- Read more on ScientificAmerican.com"
}