{
      "source": {
            "id": null,
            "name": "Helpnetsecurity.com"
      },
      "author": "Industry News",
      "title": "Exabeam adds updated Case Management module to behavioral analytics product",
      "description": "Exabeam announced the addition of case management functionality into Exabeam Advanced Analytics and Exabeam Entity Analytics, its user and entity behavior analytics (UEBA) solutions. The case management offering helps security teams organize and streamline th…",
      "url": "https://www.helpnetsecurity.com/2018/09/13/exabeam-case-management-module/",
      "urlToImage": null,
      "publishedAt": "2018-09-13T14:56:11Z",
      "content": "Exabeam announced the addition of case management functionality into Exabeam Advanced Analytics and Exabeam Entity Analytics, its user and entity behavior analytics (UEBA) solutions. The case management offering helps security teams organize and streamline th… [+2546 chars]",
      "fileName": "Exabeam adds updated Case Management module to behavioral analytics product",
      "createdon": "2018-09-20T05:21:11.081Z",
      "md5": "984e735be0164552a5022b45e2cdf101",
      "text": "Exabeam announced the addition of case management functionality into Exabeam Advanced Analytics and Exabeam Entity Analytics, its user and entity behavior analytics (UEBA) solutions. The case management offering helps security teams organize and streamline th…"
}