{
      "source": {
            "id": null,
            "name": "Business2community.com"
      },
      "author": "Howard J. Sewell",
      "title": "The Myth of “What’s Working” in B2B Marketing",
      "description": "In the agency business, clients look to us, naturally enough, for advice on what’s working in the marketplace, on the assumption that an agency’s collective experience, providing it aligns with a client’s market or product category, can bring real world insig…",
      "url": "https://www.business2community.com/b2b-marketing/the-myth-of-whats-working-in-b2b-marketing-02113978",
      "urlToImage": "https://cdn.business2community.com/wp-content/uploads/2018/08/whats-working-in-B2B-marketing.jpg",
      "publishedAt": "2018-09-05T13:00:38Z",
      "content": "In the agency business, clients look to us, naturally enough, for advice on what’s working in the marketplace, on the assumption that an agency’s collective experience, providing it aligns with a client’s market or product category, can bring real world insig… [+2405 chars]",
      "fileName": "The Myth of What s Working in B2B Marketing",
      "createdon": "2018-09-20T05:22:59.341Z",
      "md5": "1fd6783cbec92730d593ca2f85736521",
      "text": "In the agency business, clients look to us, naturally enough, for advice on what’s working in the marketplace, on the assumption that an agency’s collective experience, providing it aligns with a client’s market or product category, can bring real world insig…"
}