{
      "source": {
            "id": null,
            "name": "Bringatrailer.com"
      },
      "author": "bringatrailer",
      "title": "BaT Auction: 1965 Mercedes-Benz 230SL 4-Speed",
      "description": "This 1965 Mercedes-Benz 230SL is a US-spec car produced in August 1964 and first registered in the US as a 1965 model. As shown on the body-paint plate and data card, it left the factory finished in Signal Red with a black soft top and black MB-Tex upholstery…",
      "url": "https://bringatrailer.com/listing/1965-mercedes-benz-230sl-12/",
      "urlToImage": "https://cdn.bringatrailer.com/wp-content/uploads/2018/08/5b77082eb6e54_mercedes-benz_230sl_15334986865d565ef66e7dffIMG_0818.jpg",
      "publishedAt": "2018-08-24T19:50:01Z",
      "content": "Inside, the black MB-Tex upholstery is reported to be in good shape, and shows one flaw on the driver’s seat piping as pictured in the gallery. Per the seller, the hood and soft top boot cover appear to be original, as the last two digits (22) of the body num… [+1410 chars]",
      "fileName": "BaT Auction 1965 Mercedes Benz 230SL 4 Speed",
      "createdon": "2018-09-20T05:22:19.680Z",
      "md5": "e6dcfbb9cd88a9bfcf9224febe98aa69",
      "text": "This 1965 Mercedes-Benz 230SL is a US-spec car produced in August 1964 and first registered in the US as a 1965 model. As shown on the body-paint plate and data card, it left the factory finished in Signal Red with a black soft top and black MB-Tex upholstery…"
}