{
      "source": {
            "id": null,
            "name": "Europa.eu"
      },
      "author": null,
      "title": "Transformation of Health and Care in the Digital Single Market is gaining more support",
      "description": "The European Economic and Social Committee (EESC) has adopted a positive opinion on the European Commission’s Communication on enabling the transformation of Health and Care in the Digital Single Market, empowering citizens and building a healthier society",
      "url": "https://ec.europa.eu/digital-single-market/en/news/transformation-health-and-care-digital-single-market-gaining-more-support",
      "urlToImage": null,
      "publishedAt": "2018-09-19T02:00:00Z",
      "content": "In its opinion, the EESC clearly agrees with the vision outlined in the Communication, namely to promote health, prevent and fight diseases, help respond to unmet patient needs and make it easier for citizens to have equal access to high-quality care through … [+3544 chars]",
      "fileName": "Transformation of Health and Care in the Digital Single Market is gaining more support",
      "createdon": "2018-09-20T05:22:06.344Z",
      "md5": "c2c729f1584c30427ed0261fef488c47",
      "text": "The European Economic and Social Committee (EESC) has adopted a positive opinion on the European Commission’s Communication on enabling the transformation of Health and Care in the Digital Single Market, empowering citizens and building a healthier society"
}