{
      "source": {
            "id": null,
            "name": "Newsline.com"
      },
      "author": null,
      "title": "Artificial Intelligence could presumably succor predict earthquake aftershocks: Look - Newsline",
      "description": "Newsline Artificial Intelligence could presumably succor predict earthquake aftershocks: Look Newsline Artificial intelligence will quickly predict the build earthquake aftershocks could furthermore hit. Aftershocks could presumably be extra harmful than the …",
      "url": "https://newsline.com/2018/09/02/artificial-intelligence-could-presumably-succor-predict-earthquake-aftershocks-look/",
      "urlToImage": "https://newsline.com/wp-content/uploads/2018/09/31005/Untitled-870788091_6.jpg",
      "publishedAt": "2018-09-03T07:50:22Z",
      "content": "Artificial intelligence will quickly predict the build earthquake aftershocks could furthermore hit. Aftershocks could presumably be extra harmful than the quakes they follow, making it your complete extra necessary for experts so that it’s good to foretell t… [+2510 chars]",
      "fileName": "Artificial Intelligence could presumably succor predict earthquake aftershocks Look Newsline",
      "createdon": "2018-09-20T05:15:09.119Z",
      "md5": "eaae981f602f1f8cf87f89f0deb61b1f",
      "text": "Newsline Artificial Intelligence could presumably succor predict earthquake aftershocks: Look Newsline Artificial intelligence will quickly predict the build earthquake aftershocks could furthermore hit. Aftershocks could presumably be extra harmful than the …"
}