{
      "source": {
            "id": null,
            "name": "Techbargains.com"
      },
      "author": "rss@techbargains.com",
      "title": "Deep Learning A-Z: Hands-On Artificial Neural Networks Online Course $9.49",
      "description": "PCMag Shop is offering Deep Learning A-Z: Hands-On Artificial Neural Networks Online Coursefor a low$9.50 Digital Deliveryafter Coupon Code: \"SAVE...",
      "url": "https://www.techbargains.com/deal/452708/deep-learning-a-z-boot-camp",
      "urlToImage": "//images.techbargains.com/pages/image.aspx?url=/datastore/userdeals/6367217801892940001.jpg&width=200&height=200",
      "publishedAt": "2018-09-11T14:05:00Z",
      "content": "PCMag Shop is offering Deep Learning A-Z: Hands-On Artificial Neural Networks Online Course for a low $9.50 Digital Delivery after Coupon Code: \" SAVE5 \" (Exp Soon). This course is hosted on Udemy and requires only basic High School Mathematics experience. In… [+461 chars]",
      "fileName": "Deep Learning A Z Hands On Artificial Neural Networks Online Course 9 49",
      "createdon": "2018-09-20T05:25:05.577Z",
      "md5": "49ca57e57a904f2d275e882e48dfdf62",
      "text": "PCMag Shop is offering Deep Learning A-Z: Hands-On Artificial Neural Networks Online Coursefor a low$9.50 Digital Deliveryafter Coupon Code: \"SAVE..."
}