{
      "source": {
            "id": null,
            "name": "Marketoonist.com"
      },
      "author": "tomfishburne",
      "title": "digital transformation",
      "description": "Forrester found that 56% of companies have official digital transformation projects underway. They also found that “many don’t realize that transformation will be a permanent state of being” and that 21% of businesses think they are “finished” with digital tr…",
      "url": "https://marketoonist.com/2018/09/digital-transformation.html",
      "urlToImage": "https://marketoonist.com/wp-content/uploads/2018/09/180903.transformation-550x397.jpg",
      "publishedAt": "2018-09-02T15:37:14Z",
      "content": "Forrester found that 56% of companies have official digital transformation projects underway. They also found that “many don’t realize that transformation will be a permanent state of being” and that 21% of businesses think they are “finished” with digital tr… [+1490 chars]",
      "fileName": "digital transformation",
      "createdon": "2018-09-20T05:21:50.428Z",
      "md5": "0004bc07edb448bc60ced6bdd342725c",
      "text": "Forrester found that 56% of companies have official digital transformation projects underway. They also found that “many don’t realize that transformation will be a permanent state of being” and that 21% of businesses think they are “finished” with digital tr…"
}