{
      "source": {
            "id": "techcrunch",
            "name": "TechCrunch"
      },
      "author": "Brian Heater",
      "title": "Review: Apple Watch Series 4",
      "description": "Roughly two-and-half minutes into my run, the watch kicks in. There’s a haptic buzz on my wrist. “It looks like you’re working out,” the watch face reads. That’s followed by a big, yellow button, suggesting I start an indoor run. I tap the neon button and the…",
      "url": "http://techcrunch.com/2018/09/19/apple-watch-series-4-review/",
      "urlToImage": "https://techcrunch.com/wp-content/uploads/2018/09/IMG_3293.jpg?w=600",
      "publishedAt": "2018-09-19T10:00:30Z",
      "content": "Roughly two-and-half minutes into my run, the watch kicks in. There’s a haptic buzz on my wrist. “It looks like you’re working out,” the watch face reads. That’s followed by a big, yellow button, suggesting I start an indoor run. I tap the neon button and the… [+11257 chars]",
      "fileName": "Review Apple Watch Series 4",
      "createdon": "2018-09-20T05:20:23.287Z",
      "md5": "dedddb4ae45949490376e71b82c8dc42",
      "text": "Roughly two-and-half minutes into my run, the watch kicks in. There’s a haptic buzz on my wrist. “It looks like you’re working out,” the watch face reads. That’s followed by a big, yellow button, suggesting I start an indoor run. I tap the neon button and the…"
}