{
      "source": {
            "id": "time",
            "name": "Time"
      },
      "author": "Ian Bremmer",
      "title": "These Five Leaders Had the Worst Summers of Their Political Lives",
      "description": "For these political figures, summer can’t end soon enough",
      "url": "http://time.com/5383834/summer-discontent-leaders-2018/",
      "urlToImage": "https://timedotcom.files.wordpress.com/2018/08/un-headquarters.jpg?quality=85",
      "publishedAt": "2018-08-31T13:26:57Z",
      "content": "Another August gone by too quickly. But for some political leaders, summer can’t end soon enough. Here are five leaders who have suffered true summers of discontent. Nicolas Maduro, Venezuela When the failed assassination attempt on your life qualifies as the… [+6501 chars]",
      "fileName": "These Five Leaders Had the Worst Summers of Their Political Lives",
      "createdon": "2018-09-21T02:09:08.668Z",
      "md5": "90f0360540ff9e59c66655b1bd4bfc8e",
      "text": "For these political figures, summer can’t end soon enough"
}