{
      "source": {
            "id": null,
            "name": "Order-order.com"
      },
      "author": "order-order",
      "title": "Structural change, disinflation and ‘Amazonisation’",
      "description": "Structural change, disinflation and ‘Amazonisation’ Serial disruptors like Amazon are shaping the economic transformation that is taking place before us. John Pattullo, co-fund manager of Henderson Diversified Income Trust, explains how investors can be on th…",
      "url": "https://order-order.com/2018/08/24/structural-change-disinflation-amazonisation/",
      "urlToImage": "https://icmvv6qxwpktq0do-zippykid.netdna-ssl.com/wp-content/uploads/2018/08/Amazon.jpg",
      "publishedAt": "2018-08-24T10:06:10Z",
      "content": "Structural change, disinflation and ‘Amazonisation’ Serial disruptors like Amazon are shaping the economic transformation that is taking place before us. John Pattullo, co-fund manager of Henderson Diversified Income Trust, explains how investors can be on th… [+9399 chars]",
      "fileName": "Structural change disinflation and Amazonisation",
      "createdon": "2018-09-20T05:22:06.349Z",
      "md5": "6e0204c57f4dc61b9d1fc52d0ee3ff72",
      "text": "Structural change, disinflation and ‘Amazonisation’ Serial disruptors like Amazon are shaping the economic transformation that is taking place before us. John Pattullo, co-fund manager of Henderson Diversified Income Trust, explains how investors can be on th…"
}