{
      "source": {
            "id": "usa-today",
            "name": "USA Today"
      },
      "author": "USA TODAY, Adam Shell, USA TODAY",
      "title": "Facebook, Twitter and other tech stocks swoon amid threat of government regulation",
      "description": "Technology stocks, the top performers of 2018, have come under pressure amid scrutiny from the federal government. Facebook and Twitter shares tank.",
      "url": "https://www.usatoday.com/story/money/2018/09/07/tech-stocks-facebook-twitter-plunge/1212663002/?utm_source=google&utm_medium=amp&utm_campaign=speakable",
      "urlToImage": "https://www.gannett-cdn.com/presto/2018/09/06/USAT/53f6d9b6-36f7-48c6-96f2-17ac726398b4-TechSwoon.JPG?crop=5240,2970,x0,y0&width=3200&height=1680&fit=bounds",
      "publishedAt": "2018-09-07T10:00:10Z",
      "content": "Facebook and Twitter executives defended their companies on Capitol Hill, saying they are aggressively trying to root out foreign influence as the November elections near. (Sept. 5) AP epa06914812 A view of a logo for the company Twitter on the floor of the N… [+2502 chars]",
      "fileName": "Facebook Twitter and other tech stocks swoon amid threat of government regulation",
      "createdon": "2018-09-20T05:20:39.519Z",
      "md5": "85cabe1adcad6fcc15e50478a165b1a2",
      "text": "Technology stocks, the top performers of 2018, have come under pressure amid scrutiny from the federal government. Facebook and Twitter shares tank."
}