{
      "source": {
            "id": "the-guardian-au",
            "name": "The Guardian (AU)"
      },
      "author": "Reuters",
      "title": "Saudi Arabia seeks its first death penalty against a female human rights activist",
      "description": "Five human rights activists on trial, including one who would be the first female human rights activist to face capital punishment Saudi Arabia’s public prosecutor is seeking the death penalty against five human rights activists currently on trial in a secret…",
      "url": "https://www.theguardian.com/world/2018/aug/22/saudi-arabia-seeks-its-first-death-penalty-against-a-female-human-rights-activist",
      "urlToImage": "https://i.guim.co.uk/img/media/c0e88e0f5a442635338ad4c11ae4473005e69ad0/0_98_3500_2101/master/3500.jpg?w=1200&h=630&q=55&auto=format&usm=12&fit=crop&crop=faces%2Centropy&bm=normal&ba=bottom%2Cleft&blend64=aHR0cHM6Ly9hc3NldHMuZ3VpbS5jby51ay9pbWFnZXMvb3ZlcmxheXMvZDM1ODZhNWVmNTc4MTc1NmQyMWEzYjYzNWU1MTcxNDEvdGctZGVmYXVsdC5wbmc&s=6e9e22d7dca74e6070feac03bdbb3ea0",
      "publishedAt": "2018-08-22T04:28:45Z",
      "content": "Saudi Arabia’s public prosecutor is seeking the death penalty against five human rights activists currently on trial in a secretive terrorism court, according to Human Rights Watch. Among the detainees is Israa al-Ghomgham, whom Saudi activists said was the f… [+2423 chars]",
      "fileName": "Saudi Arabia seeks its first death penalty against a female human rights activist",
      "createdon": "2018-09-21T02:09:06.858Z",
      "md5": "0f680ffb3525a9dac22e6406d95b72c3",
      "text": "Five human rights activists on trial, including one who would be the first female human rights activist to face capital punishment Saudi Arabia’s public prosecutor is seeking the death penalty against five human rights activists currently on trial in a secret…"
}