{
      "source": {
            "id": null,
            "name": "Smallbiztrends.com"
      },
      "author": "Brent Leary",
      "title": "Is Your Small Business Using AI Yet? It Should Be",
      "description": "Is your small business taking advantage of what artificial intelligence has to offer? In this week's episode, I go over one big way it can help and also discuss what skills businesses need right now.",
      "url": "https://smallbiztrends.com/2018/09/is-your-small-business-using-ai-yet-it-should-be.html",
      "urlToImage": "https://smallbiztrends.com/wp-content/themes/sahifa/images/logo-full.jpg",
      "publishedAt": "2018-09-14T19:00:03Z",
      "content": "It’s been another busy week for small businesses here with plenty of good and exciting news on the economy. But I wanted to take a few minutes to talk about some of the other top stories I found this week on Small Business Trends for the latest This Week in S… [+6362 chars]",
      "fileName": "Is Your Small Business Using AI Yet It Should Be",
      "createdon": "2018-09-20T05:15:03.272Z",
      "md5": "6a296955256180b236b99b532574b4c6",
      "text": "Is your small business taking advantage of what artificial intelligence has to offer? In this week's episode, I go over one big way it can help and also discuss what skills businesses need right now."
}