{
      "source": {
            "id": null,
            "name": "Ghacks.net"
      },
      "author": "Martin Brinkmann",
      "title": "Ghacks Deals: Google Cloud Mastery Bundle (90% off)",
      "description": "The Google Cloud Mastery Bundle is an eLearning bundle that is all about acquiring cloud-based skills. The bundle includes courses for Google DialogFlow, TensorFlow, Google Cloud ML Engine for Deep Learning and […] Ghacks needs you. You can find out how to su…",
      "url": "https://www.ghacks.net/2018/08/28/ghacks-deals-google-cloud-mastery-bundle-90-off/",
      "urlToImage": "https://cdn.ghacks.net/wp-content/uploads/2018/08/google.jpg",
      "publishedAt": "2018-08-28T13:52:41Z",
      "content": "The Google Cloud Mastery Bundle is an eLearning bundle that is all about acquiring cloud-based skills. The bundle includes courses for Google DialogFlow, TensorFlow, Google Cloud ML Engine for Deep Learning and the Google's Cloud Platform. The bundle is avail… [+1207 chars]",
      "fileName": "Ghacks Deals Google Cloud Mastery Bundle 90 off",
      "createdon": "2018-09-20T05:25:07.504Z",
      "md5": "61fb4379183c28369b344d7c5db20940",
      "text": "The Google Cloud Mastery Bundle is an eLearning bundle that is all about acquiring cloud-based skills. The bundle includes courses for Google DialogFlow, TensorFlow, Google Cloud ML Engine for Deep Learning and […] Ghacks needs you. You can find out how to su…"
}