{
      "source": {
            "id": null,
            "name": "Entrepreneur.com"
      },
      "author": "Kerry Goyette",
      "title": "Conquer Burnout With These 5 Ways to Cultivate Perseverance in Your Employees",
      "description": "Late nights and stressful deadlines are part of startup life but you don't have to sacrifice mental and physical health to succeed.",
      "url": "https://www.entrepreneur.com/article/319248",
      "urlToImage": "https://assets.entrepreneur.com/content/3x2/2000/20180829224016-GettyImages-648949790.jpeg",
      "publishedAt": "2018-08-31T11:30:00Z",
      "content": "August 31, 2018 7 min read Opinions expressed by Entrepreneur contributors are their own. Despite all of their fame, fast-paced working styles and incredible perks, tech companies are struggling to keep employees happy. Even Facebook is now battling a reputat… [+7110 chars]",
      "fileName": "Conquer Burnout With These 5 Ways to Cultivate Perseverance in Your Employees",
      "createdon": "2018-09-20T05:20:34.081Z",
      "md5": "e5b3ccf9ebf45b0c34349f4e0eda30d8",
      "text": "Late nights and stressful deadlines are part of startup life but you don't have to sacrifice mental and physical health to succeed."
}