{
      "source": {
            "id": null,
            "name": "Eff.org"
      },
      "author": "Katharine Trendacosta",
      "title": "EFF Tells the FTC Why We Need Better Competition and Consumer Protection Policies for Tech Companies",
      "description": "The Federal Trade Commission (FTC) is wondering whether it might be time to change how the U.S. approaches competition and consumer protection. EFF has been thinking the same thing and come to the conclusion that yes, it is. On August 20, we filed six comment…",
      "url": "https://www.eff.org/deeplinks/2018/08/eff-tells-ftc-why-we-need-better-competition-and-consumer-protection-policies-tech",
      "urlToImage": "https://www.eff.org/files/banner_library/EFF-work-icons.png",
      "publishedAt": "2018-08-22T20:11:34Z",
      "content": "The Federal Trade Commission (FTC) is wondering whether it might be time to change how the U.S. approaches competition and consumer protection. EFF has been thinking the same thing and come to the conclusion that yes, it is. On August 20, we filed six comment… [+7634 chars]",
      "fileName": "EFF Tells the FTC Why We Need Better Competition and Consumer Protection Policies for Tech Companies",
      "createdon": "2018-09-20T05:21:12.735Z",
      "md5": "7e5eecbc4ac36bf33c95a7670080c0e0",
      "text": "The Federal Trade Commission (FTC) is wondering whether it might be time to change how the U.S. approaches competition and consumer protection. EFF has been thinking the same thing and come to the conclusion that yes, it is. On August 20, we filed six comment…"
}