{
      "source": {
            "id": null,
            "name": "Sciencemag.org"
      },
      "author": "Thompson, V., Glynn, A. R., Capson, T. L., Wunsch, D. R., Litwack, D., Robinson, D. A., Butt, Y., Garg, A., Cromartie, W. J., Cep, M.",
      "title": "New books, fresh for fall",
      "description": "![Figure][1]</img>\n\nILLUSTRATION: ALEXANDER WELLS\n\nFrom space weapons to mind reading, the books on this year's list tell tales of scientific transformation, balancing historical insights with urgent calls to action. Consider a transgender scientist's reflect…",
      "url": "http://science.sciencemag.org/content/361/6406/966.full",
      "urlToImage": "http://science.sciencemag.org/content/361/6406/F1.medium.gif",
      "publishedAt": "2018-09-06T17:39:36Z",
      "content": "ILLUSTRATION: ALEXANDER WELLS From space weapons to mind reading, the books on this year's list tell tales of scientific transformation, balancing historical insights with urgent calls to action. Consider a transgender scientist's reflections on his legacy or… [+28439 chars]",
      "fileName": "New books fresh for fall",
      "createdon": "2018-09-20T05:15:12.708Z",
      "md5": "170f230f5dc1b215aa1f9db5b22775a9",
      "text": "![Figure][1]</img>\n\nILLUSTRATION: ALEXANDER WELLS\n\nFrom space weapons to mind reading, the books on this year's list tell tales of scientific transformation, balancing historical insights with urgent calls to action. Consider a transgender scientist's reflect…"
}