{
      "source": {
            "id": null,
            "name": "Github.io"
      },
      "author": null,
      "title": "Why Rust closures are (somewhat) hard",
      "description": "My Rustic Ramblings",
      "url": "https://stevedonovan.github.io/rustifications/2018/08/18/rust-closures-are-hard.html",
      "urlToImage": null,
      "publishedAt": "2018-09-10T18:43:03Z",
      "content": "The Easy Case: Lua Since hard is always relative to something else, I’d like to start with a dynamic language. Functions in Lua are essentially anonymous and can capture variables from their environment - much like with JavaScript, which Lua resembles in seve… [+14732 chars]",
      "fileName": "Why Rust closures are somewhat hard",
      "createdon": "2018-09-20T05:23:21.436Z",
      "md5": "542a0ffcf5b5c2471c9381b36ad5c69f",
      "text": "My Rustic Ramblings"
}