{
      "source": {
            "id": null,
            "name": "Forbes.com"
      },
      "author": "Piyanka Jain, Contributor, Piyanka Jain, Contributor https://www.forbes.com/sites/piyankajain/",
      "title": "Are you solving problems like Sherlock Holmes",
      "description": "Are you and your organization taking the Sherlock Holmes approach to optimize your revenue, profit and growth targets? If not, here is your invitation to make the Sherlock come alive in you via our BADIR framework.",
      "url": "https://www.forbes.com/sites/piyankajain/2018/09/17/are-you-solving-problems-like-sherlock/",
      "urlToImage": "https://thumbor.forbes.com/thumbor/600x315/https%3A%2F%2Fblogs-images.forbes.com%2Fpiyankajain%2Ffiles%2F2018%2F09%2FBADIR-1200x675.jpg",
      "publishedAt": "2018-09-17T20:10:00Z",
      "content": "This post has been co-authored&amp;nbsp;by my colleague, Swarnim Shrey. One of my colleagues is a big fan of detective stories and Sherlock Holmes. One day we started talking about Sherlock and what it would look like if Sherlock transitioned his career to be… [+9416 chars]",
      "fileName": "Are you solving problems like Sherlock Holmes",
      "createdon": "2018-09-20T05:21:12.888Z",
      "md5": "e136b67418731189aca6b06559e73e19",
      "text": "Are you and your organization taking the Sherlock Holmes approach to optimize your revenue, profit and growth targets? If not, here is your invitation to make the Sherlock come alive in you via our BADIR framework."
}