{
      "source": {
            "id": null,
            "name": "Futurity.org"
      },
      "author": "Hannah Hickey-UW",
      "title": "Big drought prompts surprises in this flowery hotspot",
      "description": "Tracking 400-plus species before, during, and after the worst drought to hit California in more than 1,000 years reveals some unexpected winners and losers.",
      "url": "https://www.futurity.org/california-drought-carrizo-plain-1852922/",
      "urlToImage": "https://www.futurity.org/wp/wp-content/uploads/2018/08/Carrizo_superbloom_1600.jpg",
      "publishedAt": "2018-08-30T12:53:16Z",
      "content": "A new look at the historic drought that struck California from 2012 to 2015 reveals some unexpected results—and uncovers patterns that may be relevant to climate change. Researchers tracked 423 species in the Carrizo Plain National Monument, a little-known ec… [+5773 chars]",
      "fileName": "Big drought prompts surprises in this flowery hotspot",
      "createdon": "2018-09-20T05:20:34.012Z",
      "md5": "f7f55fe7a0092fca73e55891a61050ff",
      "text": "Tracking 400-plus species before, during, and after the worst drought to hit California in more than 1,000 years reveals some unexpected winners and losers."
}