{
      "source": {
            "id": null,
            "name": "Asmartbear.com"
      },
      "author": "Jason",
      "title": "A Scorecard: Should a decision be fast, or slow?",
      "description": "We're constantly told to make decisions quickly, because that speeds up the production and learning loop. But some decisions really should be made slowly. How do you know which way to go, with a given decision? Here's a framework to answer that question.",
      "url": "https://blog.asmartbear.com/decisions-fast-slow.html",
      "urlToImage": "http://blog.asmartbear.com/wp-content/uploads/2018/09/cartoon8070.png",
      "publishedAt": "2018-09-05T14:30:40Z",
      "content": "We all know that startups should make decisions quickly. Fast decisions leads to rapid action, which accelerates the loop of production and feedback, which is how you outpace and out-learn a competitor, even one that already has a lead. But some decisions sho… [+6580 chars]",
      "fileName": "A Scorecard Should a decision be fast or slow",
      "createdon": "2018-09-20T05:23:33.600Z",
      "md5": "06cf8ca0279fcf1d3f2ca79a52c1f384",
      "text": "We're constantly told to make decisions quickly, because that speeds up the production and learning loop. But some decisions really should be made slowly. How do you know which way to go, with a given decision? Here's a framework to answer that question."
}