{
      "source": {
            "id": "the-economist",
            "name": "The Economist"
      },
      "author": "Graham Douglas",
      "title": "Data visualisation, from 1987 to today",
      "description": "Looking back over 30 years of making charts and maps for The Economist",
      "url": "https://medium.economist.com/data-visualisation-from-1987-to-today-65d0609c6017",
      "urlToImage": "https://cdn-images-1.medium.com/max/1200/0*BjP4VepJ6tKRQpuG",
      "publishedAt": "2018-09-04T22:22:47Z",
      "content": "Looking back over 30 years of making charts and maps for The Economist If you attend a conference about data visualisation in 2018 you will probably hear at least one speaker refer to William Playfair’s early line charts of prices and wages published in 1786.… [+5827 chars]",
      "fileName": "Data visualisation from 1987 to today",
      "createdon": "2018-09-20T05:20:27.766Z",
      "md5": "0c66c543bef704eccb10973124645822",
      "text": "Looking back over 30 years of making charts and maps for The Economist"
}