{
      "source": {
            "id": null,
            "name": "Apkmania.live"
      },
      "author": "noreply@blogger.com (chathu_ac)",
      "title": "VINDecoded - VIN Check + History + Used Car Value v5.5.1.0",
      "description": "<!--Overview-->Track the score of your Cornhole game! <!--end--><!--Description-->VINDecoded.com for Android! Shopping for a used car and looking for a car report? Shopping for used cars is now easier! VINDecoded has you covered. Scan or Enter the VIN and get…",
      "url": "https://www.apkmania.live/2017/04/vindecoded.html",
      "urlToImage": "https://lh3.googleusercontent.com/Lb9qNkT3kMIWUuzQbjSax0QZRQ3m5esnFNjiJ0jQ1OQCKO-EzTxqBImoZDyS38olJCc=s72-c-h450",
      "publishedAt": "2018-09-10T18:08:00Z",
      "content": null,
      "fileName": "VINDecoded VIN Check History Used Car Value v5 5 1 0",
      "createdon": "2018-09-20T05:22:31.548Z",
      "md5": "0e65f2d37682f17603cb0f17d0387a5f",
      "text": "<!--Overview-->Track the score of your Cornhole game! <!--end--><!--Description-->VINDecoded.com for Android! Shopping for a used car and looking for a car report? Shopping for used cars is now easier! VINDecoded has you covered. Scan or Enter the VIN and get…"
}