{
      "source": {
            "id": null,
            "name": "Cnet.com"
      },
      "author": "Steven Ewing",
      "title": "2018 Audi RS5 Coupe review: Fast, not furious - Roadshow",
      "description": "Audi’s new RS5 is a potent performer, but perhaps a bit too buttoned up for its own good.",
      "url": "https://www.cnet.com/roadshow/reviews/2018-audi-rs-5-coupe-review/",
      "urlToImage": "https://cnet1.cbsistatic.com/img/Nt3hBNhCJI7GIavyQIDT2iSZUwg=/2018/08/20/b81e67bc-5b4a-4320-ad80-560f64bc0414/ogi1-001-2018-audi-rs5-coupe.jpg",
      "publishedAt": "2018-08-21T09:00:14Z",
      "content": "Audi's new RS5 Coupe is a wonderful grand tourer. Fast, pretty, luxurious and techy, it's the sort of car I could easily and happily live with every single day. But while the RS5 may earn straight-As in its core subjects, it won't be turning in any extra enth… [+7646 chars]",
      "fileName": "2018 Audi RS5 Coupe review Fast not furious Roadshow",
      "createdon": "2018-09-20T05:22:27.440Z",
      "md5": "66ae724ba522634ffb4eeb01fcb6c445",
      "text": "Audi’s new RS5 is a potent performer, but perhaps a bit too buttoned up for its own good."
}