{
      "source": {
            "id": null,
            "name": "Tomshardware.com"
      },
      "author": "Chris Angelini",
      "title": "Nvidia Teases GeForce RTX 2080 Performance in Rasterized Games",
      "description": "Nvidia has shown off some early performance data for the RTX 2080 in rasterized games.",
      "url": "https://www.tomshardware.com/news/nvidia-rtx-2080-gaming-benchmarks-rasterized,37679.html",
      "urlToImage": "https://img.purch.com/o/aHR0cDovL21lZGlhLmJlc3RvZm1pY3JvLmNvbS9JL0ovNzkyNTIzL29yaWdpbmFsLzE1MzQ4NzMxNzcxODcuanBn",
      "publishedAt": "2018-08-22T18:02:05Z",
      "content": "Two days after Nvidia CEO Jensen Huang introduced GeForce RTX 2080 Ti, 2080, and 2070 with a deafening emphasis on real-time ray tracing, the company fed Tom's Hardware early performance data showing GeForce RTX 2080 outperforming GeForce GTX 1080 by anywhere… [+2627 chars]",
      "fileName": "Nvidia Teases GeForce RTX 2080 Performance in Rasterized Games",
      "createdon": "2018-09-20T05:20:41.453Z",
      "md5": "6c4a75c8ea9163efa9bc28ebc689bc9d",
      "text": "Nvidia has shown off some early performance data for the RTX 2080 in rasterized games."
}