{
      "source": {
            "id": null,
            "name": "Space.com"
      },
      "author": "Samantha Mathewson",
      "title": "Galaxies from a Long Time Ago and Far, Far Away Star in Amazing Hubble View",
      "description": "A remarkable new image from the Hubble Space Telescope captures a close-up view of some of the most distant galaxies in the universe.",
      "url": "https://www.space.com/41813-ancient-distant-galaxies-hubble-telescope-views.html",
      "urlToImage": "https://img.purch.com/h/1000/aHR0cDovL3d3dy5zcGFjZS5jb20vaW1hZ2VzL2kvMDAwLzA3OS8zOTAvb3JpZ2luYWwvYWJlbGwzNzAuanBn",
      "publishedAt": "2018-09-13T06:00:00Z",
      "content": "A remarkable new photo from the Hubble Space Telescope captures an up-close view of some of the earliest and most distant galaxies of the universe. The photo — taken as part of a new mission called Beyond Ultra-Deep Frontier Fields And Legacy Observations (BU… [+2580 chars]",
      "fileName": "Galaxies from a Long Time Ago and Far Far Away Star in Amazing Hubble View",
      "createdon": "2018-09-20T05:20:41.742Z",
      "md5": "46942f5e4d1618f88ca62d4d7aaa5ae6",
      "text": "A remarkable new image from the Hubble Space Telescope captures a close-up view of some of the most distant galaxies in the universe."
}