{
      "source": {
            "id": null,
            "name": "Seekingalpha.com"
      },
      "author": "Janus Henderson Investors",
      "title": "Currents Of Disruption: Rise Of The Drones Provides Tailwind For Component Makers",
      "description": "By Brad Slingerlend and Denny Fish Drones are quickly expanding beyond their traditional strongholds of the hobbyist and the military, with new applications cre",
      "url": "https://seekingalpha.com/article/4206478-currents-disruption-rise-drones-provides-tailwind-component-makers",
      "urlToImage": "https://static3.seekingalpha.com/assets/og_image_192-59bfd51c9fe6af025b2f9f96c807e46f8e2f06c5ae787b15bf1423e6c676d4db.png",
      "publishedAt": "2018-09-15T15:39:11Z",
      "content": "By Brad Slingerlend and Denny Fish Drones are quickly expanding beyond their traditional strongholds of the hobbyist and the military, with new applications creating a beneficial environment for component suppliers, say Brad Slingerlend and Denny Fish, co-por… [+6942 chars]",
      "fileName": "Currents Of Disruption Rise Of The Drones Provides Tailwind For Component Makers",
      "createdon": "2018-09-20T05:22:21.609Z",
      "md5": "004288eaf482a6f2999a0cc3489fd159",
      "text": "By Brad Slingerlend and Denny Fish Drones are quickly expanding beyond their traditional strongholds of the hobbyist and the military, with new applications cre"
}