{
      "source": {
            "id": null,
            "name": "Indianexpress.com"
      },
      "author": "Reuters",
      "title": "Google races to parry the rise of Facebook in India",
      "description": "Facebook is succeeding in India, which boasts the fastest-growing digital ad market of any major economy, despite internal turmoil and political controversy.",
      "url": "https://indianexpress.com/article/technology/tech-news-technology/google-races-to-parry-the-rise-of-facebook-in-india-5341604/",
      "urlToImage": "https://images.indianexpress.com/2018/09/google-reuters-759.jpg?w=759",
      "publishedAt": "2018-09-05T12:05:53Z",
      "content": "By: Reuters | San Francisco | Published: September 5, 2018 5:35:53 pm Facebook and Google declined to comment on Indian revenue figures or the competition between the two companies. (Image: Reuters) Google retains only a slight lead over Facebook in the compe… [+6550 chars]",
      "fileName": "Google races to parry the rise of Facebook in India",
      "createdon": "2018-09-20T05:22:57.583Z",
      "md5": "361d449d1610286859780cdd9ebdcf98",
      "text": "Facebook is succeeding in India, which boasts the fastest-growing digital ad market of any major economy, despite internal turmoil and political controversy."
}