{
      "source": {
            "id": "bbc-news",
            "name": "BBC News"
      },
      "author": "BBC News",
      "title": "Libya violence: The human cost of Tripoli unrest",
      "description": "The impact of recent fighting has had a devastating impact on communities in the Libyan capital.",
      "url": "https://www.bbc.co.uk/news/av/world-45455498/libya-violence-the-human-cost-of-tripoli-unrest",
      "urlToImage": "https://ichef.bbci.co.uk/news/1024/branded_news/4AA0/production/_103340191_p06kmbv5.jpg",
      "publishedAt": "2018-09-07T23:37:41Z",
      "content": null,
      "fileName": "Libya violence The human cost of Tripoli unrest",
      "createdon": "2018-09-21T02:09:06.848Z",
      "md5": "0c4e4fc9bb95daff4b014440a97e8257",
      "text": "The impact of recent fighting has had a devastating impact on communities in the Libyan capital."
}