{
      "source": {
            "id": null,
            "name": "Fool.com"
      },
      "author": "newsfeedback@fool.com (Tyler Crowe, Matthew DiLallo, and Reuben Gregg Brewer)",
      "title": "3 Top Oil Stocks to Buy in September",
      "description": "A fast-growing independent producer, the biggest of the big oil companies, and this offshore specialist all caught our eye this month.",
      "url": "https://www.fool.com/investing/2018/09/07/3-top-oil-stocks-to-buy-in-september.aspx",
      "urlToImage": "https://g.foolcdn.com/image/?url=https%3A%2F%2Fg.foolcdn.com%2Feditorial%2Fimages%2F493513%2Foil-stocks-4.jpg&h=630&w=1200&op=resize",
      "publishedAt": "2018-09-07T14:20:00Z",
      "content": "If you are looking for some great value stocks to buy, then the oil and gas sector is a good place to start digging these days. Across the board, there are loads of opportunities where Wall Street hasn't been paying attention. Whether it's producers growing i… [+5775 chars]",
      "fileName": "3 Top Oil Stocks to Buy in September",
      "createdon": "2018-09-20T05:20:41.517Z",
      "md5": "dcc6ec951175e5f9658102540d251e05",
      "text": "A fast-growing independent producer, the biggest of the big oil companies, and this offshore specialist all caught our eye this month."
}