{
      "source": {
            "id": null,
            "name": "Forbes.com"
      },
      "author": "Anant Agarwal, Contributor, Anant Agarwal, Contributor https://www.forbes.com/sites/anantagarwal/",
      "title": "How Is The Skills Transformation Impacting Modern Work?",
      "description": "This Labor Day, celebrate the contributions of those who have revolutionized the workforce before us and think about the new shift happening in our digital and service-focused economy: rapid skills transformation.",
      "url": "https://www.forbes.com/forbes/welcome/?toURL=https://www.forbes.com/sites/anantagarwal/2018/08/29/how-is-the-skills-transformation-impacting-modern-work/&refURL=https://t.co/2c79e15e89&referrer=https://t.co/2c79e15e89",
      "urlToImage": null,
      "publishedAt": "2018-08-29T14:30:00Z",
      "content": null,
      "fileName": "How Is The Skills Transformation Impacting Modern Work",
      "createdon": "2018-09-20T05:21:50.454Z",
      "md5": "c3cd1f9e9dbcd85eda2fc037a11376e9",
      "text": "This Labor Day, celebrate the contributions of those who have revolutionized the workforce before us and think about the new shift happening in our digital and service-focused economy: rapid skills transformation."
}