{
      "source": {
            "id": null,
            "name": "Plos.org"
      },
      "author": "Sandra Bennink, Andreas von Bohl, Che J. Ngwa, Leonie Henschel, Andrea Kuehn, Nicole Pilch, Tim Weißbach, Alina N. Rosinski, Matthias Scheuermayer, Urska Repnik, Jude M. Przyborski, Allen M. Minns, Lindsey M. Orchard, Gareth Griffiths, Scott E. Lindner, Manuel Llinás, Gabriele Pradel",
      "title": "A seven-helix protein constitutes stress granules crucial for regulating translation during human-to-mosquito transmission of Plasmodium falciparum",
      "description": "Author summary Plasmodium falciparum is a unicellular parasite responsible for the majority of 440,000 deaths due to malaria every year. Malaria is a vector-borne disease, transmitted by blood-feeding Anopheles mosquitoes. While the high-replicating red blood…",
      "url": "https://journals.plos.org/plospathogens/article?id=10.1371/journal.ppat.1007249",
      "urlToImage": "https://journals.plos.org/plospathogens/article/figure/image?id=10.1371/journal.ppat.1007249.g007&size=inline",
      "publishedAt": "2018-08-22T21:00:00Z",
      "content": "Citation: Bennink S, von Bohl A, Ngwa CJ, Henschel L, Kuehn A, Pilch N, et al. (2018) A seven-helix protein constitutes stress granules crucial for regulating translation during human-to-mosquito transmission of Plasmodium falciparum. PLoS Pathog 14(8): e1007… [+94602 chars]",
      "fileName": "A seven helix protein constitutes stress granules crucial for regulating translation during human to mosquito transmission of Plasmodium falciparum",
      "createdon": "2018-09-20T05:22:29.224Z",
      "md5": "d4c83ee487063bcfa0ff3371c354a361",
      "text": "Author summary Plasmodium falciparum is a unicellular parasite responsible for the majority of 440,000 deaths due to malaria every year. Malaria is a vector-borne disease, transmitted by blood-feeding Anopheles mosquitoes. While the high-replicating red blood…"
}