{
      "source": {
            "id": null,
            "name": "Moneycontrol.com"
      },
      "author": null,
      "title": "This week in Auto: Kerala floods wipe out new car stock, e-cars get a second boost from Modi govt",
      "description": "Here#39;s a look at all the important development on the auto space in the week",
      "url": "https://www.moneycontrol.com/news/technology/auto/this-week-in-auto-kerala-floods-wipe-out-new-car-stock-e-cars-get-a-second-boost-from-modi-govt-2880911.html",
      "urlToImage": "https://static-news.moneycontrol.com/static-mcnews/2018/08/kerala_car_flood-770x432.jpg",
      "publishedAt": "2018-08-25T07:25:04Z",
      "content": "As Kerala slowly gets back on its feet after the devastating floods, state authorities and insurance companies get busy taking stock of the damage caused. The calamity hit several small-scale businesses and the fledgling automotive market which had seen a rem… [+4375 chars]",
      "fileName": "This week in Auto Kerala floods wipe out new car stock e cars get a second boost from Modi govt",
      "createdon": "2018-09-20T05:22:27.404Z",
      "md5": "889f9fb8b886f3384c519746c1acf7a5",
      "text": "Here#39;s a look at all the important development on the auto space in the week"
}