{
      "source": {
            "id": null,
            "name": "Bgr.com"
      },
      "author": "Chris Smith",
      "title": "Huawei CEO says his upcoming foldable smartphone could replace a computer",
      "description": "Just a few weeks ago, we learned that Huawei is ready to challenge Samsung in the race to launch the world’s first foldable smartphone. Samsung has been teasing its foldable Galaxy F for years, while reports continued to detail its design and features but kep…",
      "url": "https://bgr.com/2018/09/12/huawei-foldable-phone-release-date-within-a-year-ceo-says/",
      "urlToImage": "https://boygeniusreport.files.wordpress.com/2018/03/huawei-logo.jpg?quality=98&strip=all",
      "publishedAt": "2018-09-13T02:02:10Z",
      "content": "Just a few weeks ago, we learned that Huawei is ready to challenge Samsung in the race to launch the world’s first foldable smartphone. Samsung has been teasing its foldable Galaxy F for years, while reports continued to detail its design and features but kep… [+2363 chars]",
      "fileName": "Huawei CEO says his upcoming foldable smartphone could replace a computer",
      "createdon": "2018-09-20T05:15:09.089Z",
      "md5": "0d18111cfd3045d4dd44b5033a3b0489",
      "text": "Just a few weeks ago, we learned that Huawei is ready to challenge Samsung in the race to launch the world’s first foldable smartphone. Samsung has been teasing its foldable Galaxy F for years, while reports continued to detail its design and features but kep…"
}