{
      "source": {
            "id": null,
            "name": "Mit.edu"
      },
      "author": "School of Science",
      "title": "School of Science welcomes 10 professors",
      "description": "New faculty join the departments of Biology, Brain and Cognitive Sciences, Chemistry, Physics, Mathematics, and Earth, Atmospheric and Planetary Sciences.",
      "url": "http://news.mit.edu/2018/mit-ten-professors-join-school-of-science-0919",
      "urlToImage": "http://news.mit.edu/sites/mit.edu.newsoffice/files/styles/og/public/images/2018/School-of-Science-New-Professors-Sept-2018-MIT-00.jpg",
      "publishedAt": "2018-09-19T14:45:00Z",
      "content": "The MIT School of Science recently welcomed 10 new professors in the departments of Biology Brain and Cognitive Sciences, Chemistry, Physics, Mathematics, and Earth, Atmospheric and Planetary Sciences. Tristan Collins conducts research at the intersection of … [+12843 chars]",
      "fileName": "School of Science welcomes 10 professors",
      "createdon": "2018-09-20T05:22:35.807Z",
      "md5": "94542d552e43ced2703e1596dd2d5ce9",
      "text": "New faculty join the departments of Biology, Brain and Cognitive Sciences, Chemistry, Physics, Mathematics, and Earth, Atmospheric and Planetary Sciences."
}