{
      "source": {
            "id": null,
            "name": "Microsoft.com"
      },
      "author": "David Starr",
      "title": "Kickstart your artificial intelligence/machine learning journey with the Healthcare Blueprint",
      "description": "Azure blueprints are far more than models drawn on paper or solution descriptions in a document. They are packages of scripts, data, and other artifacts needed to install and exercise a reference implementation solution on Azure.",
      "url": "https://azure.microsoft.com/en-gb/blog/kickstart-your-artificial-intelligence-machine-learning-journey-with-the-healthcare-blueprint/",
      "urlToImage": "https://azurecomcdn.azureedge.net/mediahandler/acomblog/media/Default/blog/7b93b5b3-9a0d-46ac-952f-e02d52c4e457.png",
      "publishedAt": "2018-09-12T12:00:11Z",
      "content": "Azure blueprints are far more than models drawn on paper or solution descriptions in a document. They are packages of scripts, data, and other artifacts needed to install and exercise a reference implementation solution on Azure. The Azure Security and Compli… [+1266 chars]",
      "fileName": "Kickstart your artificial intelligence machine learning journey with the Healthcare Blueprint",
      "createdon": "2018-09-20T05:15:11.112Z",
      "md5": "1cacd043ebba96c7bdc9beb542a7ad85",
      "text": "Azure blueprints are far more than models drawn on paper or solution descriptions in a document. They are packages of scripts, data, and other artifacts needed to install and exercise a reference implementation solution on Azure."
}