{
      "source": {
            "id": null,
            "name": "Instructables.com"
      },
      "author": "mansoorilantern19",
      "title": "Simplest Way for Voice Recognition Project Using Arduino",
      "description": "<!--dda7bd42579b4dc0937c45f979fc5c69-->Project DescriptionWe all are blessed with different types of Sensors Such as (Ear, tongue, Nose...) and we use them in our daily life not in one way but in two way communication there is transmission and receiving of da…",
      "url": "https://www.instructables.com/id/Simplest-Way-for-Voice-Recognition-Project-Using-A/",
      "urlToImage": "https://www.instructables.com/files/orig/F8N/9AW3/JM0V3E8D/F8N9AW3JM0V3E8D.jpg?width=432",
      "publishedAt": "2018-09-15T19:41:27Z",
      "content": "It all started when my teacher demonstrated a c# windows form application project to us. In that project Sir was Controlling virtual BULB using voice commands and it was made using c# visual studio software only no arduino or any other hardware stuff. It was … [+765 chars]",
      "fileName": "Simplest Way for Voice Recognition Project Using Arduino",
      "createdon": "2018-09-20T05:22:29.426Z",
      "md5": "03a6be621fa9c82a8b6f4f5b4330285d",
      "text": "<!--dda7bd42579b4dc0937c45f979fc5c69-->Project DescriptionWe all are blessed with different types of Sensors Such as (Ear, tongue, Nose...) and we use them in our daily life not in one way but in two way communication there is transmission and receiving of da…"
}