{
      "source": {
            "id": null,
            "name": "Coindesk.com"
      },
      "author": "Wolfie Zhao",
      "title": "Major French Soccer Club Plans to Launch Its Own Cryptocurrency",
      "description": "French soccer club Paris Saint-Germain is planning to issue its own cryptocurrency as a way to incentivize participation from its international fans.",
      "url": "https://www.coindesk.com/major-french-soccer-club-psg-plans-to-launch-its-own-cryptocurrency/",
      "urlToImage": "https://media.coindesk.com/uploads/2018/09/PSG.jpg",
      "publishedAt": "2018-09-11T12:30:53Z",
      "content": "Paris Saint-Germain (PSG), a major French soccer team in the country's top league, is planning to issue its own cryptocurrency as a way to incentivize participation from its fans around the world. PSG, which boasts prominent players including Brazil star Neym… [+2132 chars]",
      "fileName": "Major French Soccer Club Plans to Launch Its Own Cryptocurrency",
      "createdon": "2018-09-20T05:23:01.250Z",
      "md5": "b74290e2495a1775f7a8fe3f22952677",
      "text": "French soccer club Paris Saint-Germain is planning to issue its own cryptocurrency as a way to incentivize participation from its international fans."
}