{
      "source": {
            "id": null,
            "name": "Boingboing.net"
      },
      "author": "Cory Doctorow",
      "title": "Trump's Interior Secretary is now blacking out nearly all details of his calendar",
      "description": "Ryan Zinke ( previously ) is one of Trump's most notoriously scandal-haunted cabinet members; as Secretary of the Interior he presided over the catastrophic failure of the federal government to intervene in Puerto Rico after Hurricane Maria (he did, however, …",
      "url": "https://boingboing.net/2018/09/06/redacted-redacted-redacted.html",
      "urlToImage": "https://media.boingboing.net/wp-content/uploads/2018/09/money-2619993_960_720.jpg",
      "publishedAt": "2018-09-06T13:49:00Z",
      "content": "Ryan Zinke ( previously ) is one of Trump's most notoriously scandal-haunted cabinet members; as Secretary of the Interior he presided over the catastrophic failure of the federal government to intervene in Puerto Rico after Hurricane Maria (he did, however, … [+3663 chars]",
      "fileName": "Trump s Interior Secretary is now blacking out nearly all details of his calendar",
      "createdon": "2018-09-20T05:20:33.822Z",
      "md5": "e9330b09eff4f93e018d95f73a1bb62e",
      "text": "Ryan Zinke ( previously ) is one of Trump's most notoriously scandal-haunted cabinet members; as Secretary of the Interior he presided over the catastrophic failure of the federal government to intervene in Puerto Rico after Hurricane Maria (he did, however, …"
}