{
      "source": {
            "id": "the-economist",
            "name": "The Economist"
      },
      "author": null,
      "title": "A $3bn debt dispute between Russia and Ukraine may go to trial",
      "description": "Ukraine says it borrowed under duress from Russian creditors",
      "url": "https://www.economist.com/finance-and-economics/2018/09/20/a-3bn-debt-dispute-between-russia-and-ukraine-may-go-to-trial",
      "urlToImage": "https://cdn.static-economist.com/sites/default/files/images/2018/09/articles/main/20180922_fnp506.jpg",
      "publishedAt": "2018-09-20T15:34:00Z",
      "content": "UKRAINE and Russia have not just been military foes in recent years, but legal ones too. In 2015 Ukraine reneged on a $3bn bond repayment to Russia. In response the Law Debenture Trust Corporation, which represents Russian creditors, sued Ukraine in London. E… [+2884 chars]",
      "fileName": "A 3bn debt dispute between Russia and Ukraine may go to trial",
      "createdon": "2018-09-21T02:09:08.672Z",
      "md5": "3231eb69a10091503764e289cbbe12e5",
      "text": "Ukraine says it borrowed under duress from Russian creditors"
}