{
      "source": {
            "id": null,
            "name": "Slashdot.org"
      },
      "author": "msmash",
      "title": "How AI Can Spot Exam Cheats and Raise Standards",
      "description": "AI is being deployed by those who set and mark exams to reduce fraud -- which remains overall a small problem -- and to create far greater efficiencies in preparation and marking, and to help improve teaching and studying. From a report, which may be paywalle…",
      "url": "https://news.slashdot.org/story/18/08/21/1659229/how-ai-can-spot-exam-cheats-and-raise-standards",
      "urlToImage": "https://a.fsdn.com/sd/topics/ai_64.png",
      "publishedAt": "2018-08-21T17:00:00Z",
      "content": "The Fine Print: The following comments are owned by whoever posted them. We are not responsible for them in any way.",
      "fileName": "How AI Can Spot Exam Cheats and Raise Standards",
      "createdon": "2018-09-20T05:15:03.267Z",
      "md5": "3178e33d5d0ffc5b6b3ed29d2d4253d7",
      "text": "AI is being deployed by those who set and mark exams to reduce fraud -- which remains overall a small problem -- and to create far greater efficiencies in preparation and marking, and to help improve teaching and studying. From a report, which may be paywalle…"
}