{
      "source": {
            "id": null,
            "name": "Brandingstrategyinsider.com"
      },
      "author": "Paul Friederichsen",
      "title": "How Higher Education Brands Can Face Disruption",
      "description": "Harvard University was founded in 1636 and is the oldest institution of higher learning in America. In the 382 years since, education has been practiced and perceived, more or less, in the same traditional ways…until now. Those in the business of higher educa…",
      "url": "https://www.brandingstrategyinsider.com/2018/08/how-higher-education-brands-can-face-disruption.html",
      "urlToImage": "https://www.brandingstrategyinsider.com/images/2018/08/How-Higher-Education-Brands-Can-Face-Disruption.jpg",
      "publishedAt": "2018-08-31T00:28:12Z",
      "content": "Harvard University was founded in 1636 and is the oldest institution of higher learning in America. In the 382 years since, education has been practiced and perceived, more or less, in the same traditional ways…until now. Those in the business of higher educa… [+9598 chars]",
      "fileName": "How Higher Education Brands Can Face Disruption",
      "createdon": "2018-09-20T05:23:23.453Z",
      "md5": "901a4179f3b886422af2816ed5a6e205",
      "text": "Harvard University was founded in 1636 and is the oldest institution of higher learning in America. In the 382 years since, education has been practiced and perceived, more or less, in the same traditional ways…until now. Those in the business of higher educa…"
}