{
      "source": {
            "id": null,
            "name": "Poynter.org"
      },
      "author": "Cheryl Carpenter",
      "title": "'The key is... getting them addicted to our content': At ASNE, sharing lessons from Table Stakes",
      "description": "The four editors on the panel could probably do each others’ presentations, joked Neil Chase, editor of the Mercury News and East Bay New",
      "url": "https://www.poynter.org/news/key-getting-them-addicted-our-content-asne-sharing-lessons-table-stakes",
      "urlToImage": "https://www.poynter.org/sites/default/files/2018-09/IMG_9598.jpg",
      "publishedAt": "2018-09-13T18:00:06Z",
      "content": "The four editors on the panel could probably do each others’ presentations, joked Neil Chase, editor of the Mercury News and East Bay News in the San Francisco Bay area. That’s the result of spending a year together talking through their challenges. Four news… [+5995 chars]",
      "fileName": "The key is getting them addicted to our content At ASNE sharing lessons from Table Stakes",
      "createdon": "2018-09-20T05:22:59.572Z",
      "md5": "33731cdf7832456469ed27a7ca1245ba",
      "text": "The four editors on the panel could probably do each others’ presentations, joked Neil Chase, editor of the Mercury News and East Bay New"
}