{
      "source": {
            "id": "financial-times",
            "name": "Financial Times"
      },
      "author": null,
      "title": "Digital lender valued at $2.3bn after fundraising",
      "description": "Acorn OakNorth has raised $100m to help licence its artificial intelligence loan system",
      "url": "https://www.ft.com/content/b8506b2e-b126-11e8-8d14-6f049d06439c",
      "urlToImage": "https://www.ft.com/__origami/service/image/v2/images/raw/http%3A%2F%2Fprod-upp-image-read.ft.com%2F6e620054-b130-11e8-87e0-d84e0d934341?source=next-opengraph&fit=scale-down&width=900",
      "publishedAt": "2018-09-06T03:00:29Z",
      "content": "A fast-growing British digital lender to small businesses has been valued at $2.3bn after the three-year-old company completed a $100m fundraising to help licence its artificial intelligence loan system to other banks outside the UK. The move is a further sig… [+3034 chars]",
      "fileName": "Digital lender valued at 2 3bn after fundraising",
      "createdon": "2018-09-20T05:15:14.711Z",
      "md5": "eeba3b750e854b31d5fb0d91624c8f19",
      "text": "Acorn OakNorth has raised $100m to help licence its artificial intelligence loan system"
}