{
      "source": {
            "id": null,
            "name": "Theatlantic.com"
      },
      "author": "Robinson Meyer",
      "title": "The Bipartisan Shadow Government on Climate Change",
      "description": "A group of 17 governors, representing about half of the U.S. GDP, announced a slate of new policies meant to combat climate change—and the president.",
      "url": "https://www.theatlantic.com/science/archive/2018/09/17-states-vow-to-fight-climate-change-with-new-policies/570172/",
      "urlToImage": "https://cdn.theatlantic.com/assets/media/img/mt/2018/09/AP_18253777119126/facebook.jpg?1536868135",
      "publishedAt": "2018-09-13T20:08:09Z",
      "content": "In his 20 months in office, President Trump has stripped out huge swaths of federal climate policy. He has cancelled or incapacitated Obama-era programs meant to encourage a cleaner electricity system and more efficient cars, and he has left the Paris Agreeme… [+7004 chars]",
      "fileName": "The Bipartisan Shadow Government on Climate Change",
      "createdon": "2018-09-20T05:22:53.425Z",
      "md5": "559617fe0fcf0e79ef662383044e8ca5",
      "text": "A group of 17 governors, representing about half of the U.S. GDP, announced a slate of new policies meant to combat climate change—and the president."
}