{
      "source": {
            "id": null,
            "name": "Livemint.com"
      },
      "author": "PTI",
      "title": "BIMSTEC calls for early adoption of regional transport plan",
      "description": "BIMSTEC nations underlined the importance of multidimensional connectivity as a key enabler to economic integration for shared prosperity",
      "url": "https://www.livemint.com/Politics/gZhu3BfZqJt3FC9HX7RT3H/BIMSTEC-calls-for-early-adoption-of-regional-transport-plan.html",
      "urlToImage": "https://www.livemint.com/rf/Image-621x414/LiveMint/Period2/2018/09/01/Photos/Processed/BIMSTEC1-k1xD--621x414@LiveMint.jpg",
      "publishedAt": "2018-08-31T11:03:42Z",
      "content": "Kathmandu: BIMSTEC nations, including India, on Friday called for an early adoption of the master plan on transport connectivity in the region to achieve enhanced linkages and sustainable development. The call came at the conclusion of the 4th Bay of Bengal I… [+1996 chars]",
      "fileName": "BIMSTEC calls for early adoption of regional transport plan",
      "createdon": "2018-09-20T05:23:31.590Z",
      "md5": "6ae3c56470d551033521e0a94e91db72",
      "text": "BIMSTEC nations underlined the importance of multidimensional connectivity as a key enabler to economic integration for shared prosperity"
}