{
      "source": {
            "id": null,
            "name": "Tribune.com.pk"
      },
      "author": "Imran Adnan, Our Correspondent, Hasnaat Malik, Shahbaz Rana, Zafar Bhutta, Rameez Khan, AFP",
      "title": "Punjab govt unveils plan for first 100 days",
      "description": "Forms multiple committees to oversee reforms in various sectors The post Punjab govt unveils plan for first 100 days appeared first on The Express Tribune.",
      "url": "https://tribune.com.pk/story/1798772/1-punjab-govt-unveils-plan-first-100-days/",
      "urlToImage": "https://c.tribune.com.pk/2018/09/1798772-wqkgtwd_x-1536462791-408-640x480.jpg",
      "publishedAt": "2018-09-09T03:13:40Z",
      "content": "Punjab Chief MInister Usman Buzdar. PHOTO: PTI OFFICIAL LAHORE: The Punjab government on Saturday unveiled its reforms and growth strategy for the first 100 days of the Pakistan Tahreek-e-Insaf (PTI) government in the province, ‘according to the vision of Pri… [+4050 chars]",
      "fileName": "Punjab govt unveils plan for first 100 days",
      "createdon": "2018-09-20T05:23:29.323Z",
      "md5": "428c6d401147415091b74e7f178329d8",
      "text": "Forms multiple committees to oversee reforms in various sectors The post Punjab govt unveils plan for first 100 days appeared first on The Express Tribune."
}