{
      "source": {
            "id": "techcrunch",
            "name": "TechCrunch"
      },
      "author": "Jonathan Shieber",
      "title": "Managing the music business from a mobile phone, Jammber is making the industry sing",
      "description": "The music business is littered with stories about songwriters or studio contributors and session musicians who never get the credit — or money — they’re often due for their work on hit songs. And for every storied session musician in “The Wrecking Crew” there…",
      "url": "http://techcrunch.com/2018/09/07/managing-the-music-business-from-a-mobile-phone-jammber-is-making-the-industry-sing/",
      "urlToImage": "https://techcrunch.com/wp-content/uploads/2017/04/gettyimages-158662986.jpg?w=600",
      "publishedAt": "2018-09-07T13:08:55Z",
      "content": "For the 41-year-old Cobb, programming and entrepreneurship has literally been a life saver. Growing up in Texas and Nevada with an abusive, drug-addicted stepfather took a toll on Cobb and programming became an outlet — thanks to a particularly well-equipped … [+2755 chars]",
      "fileName": "Managing the music business from a mobile phone Jammber is making the industry sing",
      "createdon": "2018-09-20T05:20:25.686Z",
      "md5": "0d0f2f095020bfba879fe3e5107f13ed",
      "text": "The music business is littered with stories about songwriters or studio contributors and session musicians who never get the credit — or money — they’re often due for their work on hit songs. And for every storied session musician in “The Wrecking Crew” there…"
}