{
      "source": {
            "id": null,
            "name": "Firstpost.com"
      },
      "author": "Saurabh Srivastava",
      "title": "The New India: As digital revolution transforms world order, India in forefront of this sweeping change",
      "description": "Digital India has been a frontrunner in India’s marathon towards a digitally empowered society and there is a visible change in people’s mindset The post The New India: As digital revolution transforms world order, India in forefront of this sweeping change a…",
      "url": "https://www.firstpost.com/business/the-new-india-as-digital-revolution-transforms-world-order-india-in-forefront-of-this-sweeping-change-5197951.html",
      "urlToImage": "https://res.cloudinary.com/firstpost/image/upload/q_auto,f_auto,fl_lossy/nw18-firstpost/2018/01/Digital-transformation-Social.jpg",
      "publishedAt": "2018-09-17T07:08:25Z",
      "content": "The Digital Revolution is reworking the world order and creating a new set of winners and losers. We are a vibrant economy which has broken out of the Hindu rate of growth. Our Information Technology industry, at $175 billion headed to $350 billion by 2022, i… [+4829 chars]",
      "fileName": "The New India As digital revolution transforms world order India in forefront of this sweeping change",
      "createdon": "2018-09-20T05:22:02.101Z",
      "md5": "c78bbedabab3c5d333de1119acb6883f",
      "text": "Digital India has been a frontrunner in India’s marathon towards a digitally empowered society and there is a visible change in people’s mindset The post The New India: As digital revolution transforms world order, India in forefront of this sweeping change a…"
}