{
      "source": {
            "id": null,
            "name": "Neowin.net"
      },
      "author": "Abhay Venkatesh",
      "title": "Microsoft renews focus on News in Bing, announces new Bing Spotlight experience",
      "description": "Microsoft has announced Bing Spotlight, a new experience coming to Bing.com in the US. The feature gathers data using deep learning to collate stories and headlines from various high-quality sources. Read more...",
      "url": "https://www.neowin.net/news/microsoft-renews-focus-on-news-in-bing-announces-new-bing-spotlight-experience/",
      "urlToImage": "https://cdn.neow.in/news/images/uploaded/2017/07/1499425802_bing-2017-07-03_story.jpg",
      "publishedAt": "2018-08-27T23:56:01Z",
      "content": "With Google and Apple renewing focus on News, Microsoft is now joining the bandwagon as the company today announced Bing Spotlight, a new feature for Bing that provides an overview of stories and news topics right within the search results page. Spotlight hel… [+1609 chars]",
      "fileName": "Microsoft renews focus on News in Bing announces new Bing Spotlight experience",
      "createdon": "2018-09-20T05:25:07.421Z",
      "md5": "88383fefda1c2e2c2a5657d0b72f3f8e",
      "text": "Microsoft has announced Bing Spotlight, a new experience coming to Bing.com in the US. The feature gathers data using deep learning to collate stories and headlines from various high-quality sources. Read more..."
}