{
      "source": {
            "id": null,
            "name": "Qz.com"
      },
      "author": "Aisha Hassan",
      "title": "Great quarter, guys: Men dominate 92% of all corporate earnings calls",
      "description": "Very few American women make it into the C-suite—and it’s even harder for them to make their voices heard on corporate earnings calls. Bloomberg reports…",
      "url": "https://qz.com/work/1389994/men-dominate-92-of-corporate-conference-calls/",
      "urlToImage": "https://cms.qz.com/wp-content/uploads/2018/09/RTRATT2-e1536870155448.jpg?quality=75&strip=all&w=1400",
      "publishedAt": "2018-09-13T20:47:18Z",
      "content": "Very few American women make it into the C-suite —and it’s even harder for them to make their voices heard on corporate earnings calls. Bloomberg reports that in 155,000 conference calls over the past 19 years, men spoke 92% of time. Prattle, a company that u… [+1927 chars]",
      "fileName": "Great quarter guys Men dominate 92 of all corporate earnings calls",
      "createdon": "2018-09-20T05:15:11.155Z",
      "md5": "6872f0905d49ec007cd37349be18459b",
      "text": "Very few American women make it into the C-suite—and it’s even harder for them to make their voices heard on corporate earnings calls. Bloomberg reports…"
}