{
      "source": {
            "id": null,
            "name": "Jamanetwork.com"
      },
      "author": "Lin JS, Eder ML, Bean SI.",
      "title": "USPSTF Evidence Report: Screening for Syphilis in Pregnancy",
      "description": "This systematic review to support the 2018 updated US Preventive Services Task Force Recommendation Statement on screening for syphilis infection in pregnant women summarizes published evidence on the effectiveness and harms of screening for syphilis, and the…",
      "url": "https://jamanetwork.com/journals/jama/fullarticle/2698932",
      "urlToImage": "https://jamanetwork.com/data/Journals/JAMA/937485/jus180013f1.png",
      "publishedAt": "2018-09-04T00:00:00Z",
      "content": "Importance The incidence of syphilis and congenital syphilis in the United States has increased after reaching historic lows in the early 2000s. Objective To systematically review literature on the effectiveness and harms of screening for syphilis in pregnanc… [+21841 chars]",
      "fileName": "USPSTF Evidence Report Screening for Syphilis in Pregnancy",
      "createdon": "2018-09-20T05:22:23.555Z",
      "md5": "3ef16d818a90c99fd7cf3dd921775510",
      "text": "This systematic review to support the 2018 updated US Preventive Services Task Force Recommendation Statement on screening for syphilis infection in pregnant women summarizes published evidence on the effectiveness and harms of screening for syphilis, and the…"
}