{
      "source": {
            "id": null,
            "name": "Stevenpdennis.com"
      },
      "author": "stevenpdennis",
      "title": "Physical stores: Assets or liabilities?",
      "description": "Of course the obvious answer is “well, that depends.” As the intersection of economic feasibility and consumers’ willingness to adopt new technology hit a tipping point, for retailers that had invested big bucks in the brick-and-mortar distribution of music, …",
      "url": "https://stevenpdennis.com/2018/09/13/physical-stores-assets-or-liabilities/",
      "urlToImage": "https://s0.wp.com/i/blank.jpg",
      "publishedAt": "2018-09-13T10:49:53Z",
      "content": "Of course the obvious answer is “well, that depends.” As the intersection of economic feasibility and consumers’ willingness to adopt new technology hit a tipping point, for retailers that had invested big bucks in the brick-and-mortar distribution of music, … [+5983 chars]",
      "fileName": "Physical stores Assets or liabilities",
      "createdon": "2018-09-20T05:23:03.114Z",
      "md5": "7cec6ce8abd6fcab1d6ea3ad631ceb35",
      "text": "Of course the obvious answer is “well, that depends.” As the intersection of economic feasibility and consumers’ willingness to adopt new technology hit a tipping point, for retailers that had invested big bucks in the brick-and-mortar distribution of music, …"
}