{
      "source": {
            "id": "the-next-web",
            "name": "The Next Web"
      },
      "author": "iAfrikan News",
      "title": "AI can protect elephants from poachers — here’s how",
      "description": "A project by the USA’s Cornell University has been using Artificial Intelligence to help with protecting elephants in Afrika against poaching. Named the Elephant Listening Project (ELP), the initiative tracks elephant herds across the Nouabalé-Ndoki National …",
      "url": "https://thenextweb.com/?p=1152049",
      "urlToImage": "https://cdn0.tnwcdn.com/wp-content/blogs.dir/1/files/2018/09/Untitled-design-5-1-social.png",
      "publishedAt": "2018-09-19T07:05:38Z",
      "content": "A project by the USA’s Cornell University has been using Artificial Intelligence to help with protecting elephants in Afrika against poaching. Named the Elephant Listening Project (ELP), the initiative tracks elephant herds across the Nouabalé-Ndoki National … [+2682 chars]",
      "fileName": "AI can protect elephants from poachers here s how",
      "createdon": "2018-09-20T05:20:29.940Z",
      "md5": "8e8d1fd3c6c6f23e7664c14065cdaae3",
      "text": "A project by the USA’s Cornell University has been using Artificial Intelligence to help with protecting elephants in Afrika against poaching. Named the Elephant Listening Project (ELP), the initiative tracks elephant herds across the Nouabalé-Ndoki National …"
}