{
      "source": {
            "id": null,
            "name": "Moneycontrol.com"
      },
      "author": null,
      "title": "Toyota says in talks with Geely on cooperation in hybrid vehicle technology",
      "description": "Toyota said in a statement to Reuters that it and Geely are currently \"communicating with each other\" about gasoline-electric hybrid technology.",
      "url": "https://www.moneycontrol.com/news/world/toyota-says-in-talks-with-geely-on-cooperation-in-hybrid-vehicle-technology-2925031.html",
      "urlToImage": "https://static-news.moneycontrol.com/static-mcnews/2017/09/GettyImages-649709020-e1506612791958-770x433.jpg",
      "publishedAt": "2018-09-06T11:44:12Z",
      "content": "Toyota Motor Corp said on Thursday it is in talks with Chinese automaker Geely about cooperation in gasoline-electric hybrid vehicle technology, but nothing has been decided on the matter. The move comes as Japan's biggest automaker has been increasingly embr… [+1491 chars]",
      "fileName": "Toyota says in talks with Geely on cooperation in hybrid vehicle technology",
      "createdon": "2018-09-20T05:23:01.404Z",
      "md5": "853d131ea78372d24d2ad8e91bcb41ef",
      "text": "Toyota said in a statement to Reuters that it and Geely are currently \"communicating with each other\" about gasoline-electric hybrid technology."
}