{
      "source": {
            "id": null,
            "name": "Slashgear.com"
      },
      "author": "Eric Abent",
      "title": "NVIDIA’s RTX 20 Series is promising but unproven",
      "description": "Yesterday, NVIDIA CEO Jensen Huang took the stage at Gamescom to talk about something he was clearly very hyped about. He introduced us all to the NVIDIA RTX 20 series, a range of new graphics cards that are capable of some very exciting things but have impre…",
      "url": "https://www.slashgear.com/nvidias-rtx-20-series-is-promising-but-unproven-21542068/",
      "urlToImage": "https://c.slashgear.com/wp-content/uploads/2018/08/RTX-2080-Ti-card.jpg",
      "publishedAt": "2018-08-21T20:53:13Z",
      "content": "Yesterday, NVIDIA CEO Jensen Huang took the stage at Gamescom to talk about something he was clearly very hyped about. He introduced us all to the NVIDIA RTX 20 series, a range of new graphics cards that are capable of some very exciting things but have impre… [+4519 chars]",
      "fileName": "NVIDIA s RTX 20 Series is promising but unproven",
      "createdon": "2018-09-20T05:25:11.453Z",
      "md5": "606b6a0ccd16e86e6defc5beafd23f32",
      "text": "Yesterday, NVIDIA CEO Jensen Huang took the stage at Gamescom to talk about something he was clearly very hyped about. He introduced us all to the NVIDIA RTX 20 series, a range of new graphics cards that are capable of some very exciting things but have impre…"
}