{
      "source": {
            "id": null,
            "name": "Automobilemag.com"
      },
      "author": "etahaney",
      "title": "Quick Take: 2019 Volkswagen Jetta",
      "description": "I’ve spent far more time agonizing over my review of the 2019 Volkswagen Jetta than I’d care to admit. After all, the Jetta is a car that ticks all the boxes, delivering just about everything anyone would want in a compact family sedan. But I’m having a hard …",
      "url": "https://www.automobilemag.com/news/2019-volkswagen-jetta-quick-take/",
      "urlToImage": "https://st.automobilemag.com/uploads/sites/11/2018/04/2019-Volkswagen-Jetta-front-in-motion-03.jpg",
      "publishedAt": "2018-09-10T22:04:35Z",
      "content": "I ’ve spent far more time agonizing over my review of the 2019 Volkswagen Jetta than I’d care to admit. After all, the Jetta is a car that ticks all the boxes, delivering just about everything anyone would want in a compact family sedan. But I’m having a hard… [+6029 chars]",
      "fileName": "Quick Take 2019 Volkswagen Jetta",
      "createdon": "2018-09-20T05:22:33.663Z",
      "md5": "914c57dc3c99fb72ec486ce3607f56df",
      "text": "I’ve spent far more time agonizing over my review of the 2019 Volkswagen Jetta than I’d care to admit. After all, the Jetta is a car that ticks all the boxes, delivering just about everything anyone would want in a compact family sedan. But I’m having a hard …"
}