{
      "source": {
            "id": null,
            "name": "10best.com"
      },
      "author": "Eat Sip Trip, Bianca Bujan, Eat Sip Trip",
      "title": "Some of America's best wine is made among the cotton fields of Texas",
      "description": "Here are three unique U.S. wineries you need to visit.",
      "url": "https://eatsiptrip.10best.com/2018/07/27/some-of-americas-best-wine-among-the-cotton-fields-of-texas/",
      "urlToImage": "https://usateatsiptrip.files.wordpress.com/2018/07/gettyimages-157312532.jpg?w=1024&h=576&crop=1",
      "publishedAt": "2018-08-28T19:40:17Z",
      "content": "I step into the brambly twigs that entwine soft cotton tufts, covering the ground beneath my feet, and I stop for a moment to take in my surroundings. To my right, I see passing trucks rolling along the highway that leads through Lubbock, Texas, and in front … [+4890 chars]",
      "fileName": "Some of America s best wine is made among the cotton fields of Texas",
      "createdon": "2018-09-20T05:25:07.525Z",
      "md5": "2e8557628edeba5c3c97854a933bfea5",
      "text": "Here are three unique U.S. wineries you need to visit."
}