{
      "source": {
            "id": null,
            "name": "Space.com"
      },
      "author": "Hanneke Weitering",
      "title": "In Photos: Vega Rocket Launches 'Aeolus' Wind-Mapping Satellite",
      "description": "The European Space Agency's new wind-mapping satellite Aeolus launched into orbit on an Arianespace Vega rocket on Aug. 22, 2018. See photos from the mission here.",
      "url": "https://www.space.com/41568-vega-rocket-aeolus-satellite-launch-photos.html",
      "urlToImage": "https://img.purch.com/h/1000/aHR0cDovL3d3dy5zcGFjZS5jb20vaW1hZ2VzL2kvMDAwLzA3OC83NjMvb3JpZ2luYWwvTWVhc3VyaW5nX2N5Y2xvbmVzLmpwZw==",
      "publishedAt": "2018-08-22T10:23:00Z",
      "content": "div\" data-cycle-timeout=\"0\" data-cycle-prev=\"#slideshow-text.cycle-prev\" data-cycle-next=\"#slideshow-text.cycle-next\" data-cycle-auto-height=\"container\" data-cycle-allow-wrap=\"false\" data-cycle-swipe=\"false\" data-cycle-caption=\".slide-count\" data-cycle-tmpl-r… [+4378 chars]",
      "fileName": "In Photos Vega Rocket Launches Aeolus Wind Mapping Satellite",
      "createdon": "2018-09-20T05:22:17.587Z",
      "md5": "3810f07631d162b097e6c18f144e6145",
      "text": "The European Space Agency's new wind-mapping satellite Aeolus launched into orbit on an Arianespace Vega rocket on Aug. 22, 2018. See photos from the mission here."
}