{
      "source": {
            "id": null,
            "name": "Minethatdata.com"
      },
      "author": "Kevin Hillstrom",
      "title": "Tactic: Awareness Programs",
      "description": "Database Marketing, Data Mining, Analytics, Big Data, Forecasting, Segmentation, Predictive Modeling, Measurement, Catalog, Business",
      "url": "https://blog.minethatdata.com/2018/09/tactic-awareness-programs.html",
      "urlToImage": "https://1.bp.blogspot.com/-G5aY3iFgBhs/W3omH1YtASI/AAAAAAAAINs/XhC4KoSL2IY3UZurJVZueWJXel9LUwM2gCLcBGAs/w1200-h630-p-k-no-nu/Slide5.JPG",
      "publishedAt": "2018-09-06T03:10:00Z",
      "content": "You probably have a Customer Acquisition Team and a Customer Retention Team. The Acquisition Team focuses on Google and Facebook (and if you are a cataloger you have an over-dependence upon catalog co-ops). That's it. It's people looking for ways to spend mon… [+1037 chars]",
      "fileName": "Tactic Awareness Programs",
      "createdon": "2018-09-20T05:21:20.723Z",
      "md5": "0ac361d0259b29850b18583eda4ee34c",
      "text": "Database Marketing, Data Mining, Analytics, Big Data, Forecasting, Segmentation, Predictive Modeling, Measurement, Catalog, Business"
}