{
      "source": {
            "id": "the-telegraph",
            "name": "The Telegraph"
      },
      "author": "Joseph Archer",
      "title": "Cambridge scientists launch £100m fund to invest in tech start-ups",
      "description": "Eight of Cambridge's top scientists have created a &pound;100 million fund to invest in &quot;young and hungry&quot; UK technology companies.",
      "url": "https://www.telegraph.co.uk/technology/2018/09/03/cambridge-scientists-launch-100m-fund-invest-tech-start-ups/",
      "urlToImage": "https://www.telegraph.co.uk/content/dam/news/2017/01/17/VenkiRamakrishnan_GettyImages-534921168-xlarge_trans_NvBQzQNjv4BqZgEkZX3M936N5BQK4Va8RT0aesusvN1TE7a0ddd_esI.jpg",
      "publishedAt": "2018-09-03T16:41:28Z",
      "content": "E ight of Cambridge's top scientists have created a £100 million fund to invest in \"young and hungry\" UK technology companies. Ahren Limited Partners has been formed by a group of researchers from the city's thriving start-up scene including Sir Shankar Balas… [+445 chars]",
      "fileName": "Cambridge scientists launch 100m fund to invest in tech start ups",
      "createdon": "2018-09-20T05:15:14.580Z",
      "md5": "e47b74561d56ccbe42cc9e2ab61b01ad",
      "text": "Eight of Cambridge's top scientists have created a &pound;100 million fund to invest in &quot;young and hungry&quot; UK technology companies."
}