{
      "source": {
            "id": null,
            "name": "Ritholtz.com"
      },
      "author": "Barry Ritholtz",
      "title": "Report Earnings Daily",
      "description": "Reporting Profits Daily Would End Corporate Short-Termism Think there’s too much hoopla about quarterly earnings? Imagine if the circus moved to twice a year Bloomberg, August 20, 2018 Want to end corporate short-termism and all the heavy breathing that comes…",
      "url": "http://ritholtz.com/2018/08/report-earnings-daily/",
      "urlToImage": "http://ritholtz.com/wp-content/uploads/2018/08/1600x-1.jpg",
      "publishedAt": "2018-08-27T13:00:31Z",
      "content": "Reporting Profits Daily Would End Corporate Short-Termism Think there’s too much hoopla about quarterly earnings? Imagine if the circus moved to twice a year Bloomberg, August 20, 2018 Want to end corporate short-termism and all the heavy breathing that comes… [+5127 chars]",
      "fileName": "Report Earnings Daily",
      "createdon": "2018-09-21T02:09:08.833Z",
      "md5": "54e21379119032aba9a989cf29a573f2",
      "text": "Reporting Profits Daily Would End Corporate Short-Termism Think there’s too much hoopla about quarterly earnings? Imagine if the circus moved to twice a year Bloomberg, August 20, 2018 Want to end corporate short-termism and all the heavy breathing that comes…"
}