{
      "source": {
            "id": "the-guardian-au",
            "name": "The Guardian (AU)"
      },
      "author": "David Taylor",
      "title": "Are American serial killers a dying breed?",
      "description": "Cases such as the alleged Golden State Killer hit the headlines but a database tracking multiple murderers over more than a century shows a clear downward trend from the 1989 peak When John Joseph DeAngelo was pushed into a courtroom wearing an orange jumpsui…",
      "url": "https://www.theguardian.com/us-news/2018/sep/15/are-american-serial-killers-a-dying-breed",
      "urlToImage": "https://i.guim.co.uk/img/media/6f9c6fb8a0bb8f10a229aefe8a0cf692841da32d/0_0_2898_1738/master/2898.jpg?width=1200&height=630&quality=85&auto=format&usm=12&fit=crop&crop=faces%2Centropy&bm=normal&ba=bottom%2Cleft&blend64=aHR0cHM6Ly9hc3NldHMuZ3VpbS5jby51ay9pbWFnZXMvb3ZlcmxheXMvZDM1ODZhNWVmNTc4MTc1NmQyMWEzYjYzNWU1MTcxNDEvdGctZGVmYXVsdC5wbmc&s=58c181631da21189e1c40f5711f1f93a",
      "publishedAt": "2018-09-15T05:00:46Z",
      "content": "W hen John Joseph DeAngelo was pushed into a courtroom wearing an orange jumpsuit, handcuffed to a wheelchair earlier this year, the former California cop was finally called to account for a murder spree he allegedly began in the 1970s. A Vietnam veteran, he … [+7053 chars]",
      "fileName": "Are American serial killers a dying breed",
      "createdon": "2018-09-20T05:20:37.623Z",
      "md5": "5884c086ac7667d2d44b8ab285168b33",
      "text": "Cases such as the alleged Golden State Killer hit the headlines but a database tracking multiple murderers over more than a century shows a clear downward trend from the 1989 peak When John Joseph DeAngelo was pushed into a courtroom wearing an orange jumpsui…"
}