{
      "source": {
            "id": null,
            "name": "Fda.gov"
      },
      "author": null,
      "title": "October 10, 2018: Meeting of the Pediatric Oncology Subcommittee of the Oncologic Drugs Advisory Committee",
      "description": "October 10, 2018: Meeting of the Pediatric Oncology Subcommittee of the Oncologic Drugs Advisory Committee Meeting Announcement",
      "url": "https://www.fda.gov/AdvisoryCommittees/Calendar/ucm620416.htm",
      "urlToImage": null,
      "publishedAt": "2018-09-13T14:57:00Z",
      "content": "Center Date Time Location CDER October 10, 2018 8:00 a.m. to 1:00 p.m FDA White Oak Campus 10903 New Hampshire Avenue Building 31 Conference Center The Great Room (Rm. 1503) Silver Spring, Maryland 20993 Agenda The committee will discuss biologics license app… [+9707 chars]",
      "fileName": "October 10 2018 Meeting of the Pediatric Oncology Subcommittee of the Oncologic Drugs Advisory Committee",
      "createdon": "2018-09-20T05:22:33.507Z",
      "md5": "999c526765c9f39f3a460b61c549dd50",
      "text": "October 10, 2018: Meeting of the Pediatric Oncology Subcommittee of the Oncologic Drugs Advisory Committee Meeting Announcement"
}