{
      "source": {
            "id": null,
            "name": "Forbes.com"
      },
      "author": "Tina Mulqueen, Contributor, Tina Mulqueen, Contributor https://www.forbes.com/sites/tinamulqueen/",
      "title": "How Retailers Are Using Events To Connect With Customers",
      "description": "Successful retail events are tricky. Here's how data can help you plan events and connect with partners and customers.",
      "url": "https://www.forbes.com/sites/tinamulqueen/2018/09/17/how-retailers-are-using-events-to-connect-with-customers/",
      "urlToImage": "https://thumbor.forbes.com/thumbor/600x315/https%3A%2F%2Fspecials-images.forbesimg.com%2Fdam%2Fimageserve%2F42840102%2F960x0.jpg%3Ffit%3Dscale",
      "publishedAt": "2018-09-17T18:40:00Z",
      "content": "Share to facebook Share to twitter Share to linkedin An employee assists people at the Pop-Up Shop inside the new Facebook Inc. Frank Gehry-designed MPK 21 office building in Menlo Park, California, U.S., on Wednesday, Aug. 29, 2018. Facebook Inc. plans to re… [+15316 chars]",
      "fileName": "How Retailers Are Using Events To Connect With Customers",
      "createdon": "2018-09-20T05:22:59.507Z",
      "md5": "edc0387a0fafff4407a7b6aa54c35a2c",
      "text": "Successful retail events are tricky. Here's how data can help you plan events and connect with partners and customers."
}