{
      "source": {
            "id": null,
            "name": "Business2community.com"
      },
      "author": "Laura Levy",
      "title": "How To Succeed in Mobile App Analytics Without Really Trying",
      "description": "‘Analytics’ is a scary word. It often implies charts full of numbers, screens covered in technicolor graphs, and time – lots of your time. At some point in your relationship with mobile app analytics, you’ve likely spent long days spent hunched over an overly…",
      "url": "https://www.business2community.com/mobile-apps/how-to-succeed-in-mobile-app-analytics-without-really-trying-02115711",
      "urlToImage": "https://cdn.business2community.com/wp-content/uploads/2018/09/designecologist-633520-unsplash.jpg",
      "publishedAt": "2018-09-11T14:30:09Z",
      "content": "‘Analytics’ is a scary word. It often implies charts full of numbers, screens covered in technicolor graphs, and time – lots of your time. At some point in your relationship with mobile app analytics, you’ve likely spent long days spent hunched over an overly… [+6028 chars]",
      "fileName": "How To Succeed in Mobile App Analytics Without Really Trying",
      "createdon": "2018-09-20T05:21:12.785Z",
      "md5": "c916c154e91ec17c0d0da81f7d476fed",
      "text": "‘Analytics’ is a scary word. It often implies charts full of numbers, screens covered in technicolor graphs, and time – lots of your time. At some point in your relationship with mobile app analytics, you’ve likely spent long days spent hunched over an overly…"
}