{
      "source": {
            "id": null,
            "name": "Theregister.co.uk"
      },
      "author": "Katyanna Quach",
      "title": "US military chucks $2bn at AI, Google touts machine-learning data search, and more",
      "description": "The AI stories you may have missed this week Roundup Here's a quick roundup of AI announcements this week beyond what we've already covered.… <!--#include virtual='/data_centre/_whitepaper_textlinks_top.html' -->",
      "url": "https://www.theregister.co.uk/2018/09/08/ai_roundup_080918/",
      "urlToImage": "https://regmedia.co.uk/2018/05/22/shutterstock_military_techie.jpg?x=1200&y=794",
      "publishedAt": "2018-09-08T12:01:12Z",
      "content": "Roundup Here's a quick roundup of AI announcements this week beyond what we've already covered. US Defense research unit funding billions for AI Next campaign: DARPA is dumping a whopping $2 billion to kickstart the “third wave” of AI focused on making system… [+3559 chars]",
      "fileName": "US military chucks 2bn at AI Google touts machine learning data search and more",
      "createdon": "2018-09-20T05:25:05.322Z",
      "md5": "1a2e147e6e68a782d3a46e22c0c2798b",
      "text": "The AI stories you may have missed this week Roundup Here's a quick roundup of AI announcements this week beyond what we've already covered.… <!--#include virtual='/data_centre/_whitepaper_textlinks_top.html' -->"
}