{
      "source": {
            "id": null,
            "name": "Cio.com"
      },
      "author": "Dan Hartveld, Dan Hartveld",
      "title": "IDG Contributor Network: Squaring the virtuous circle",
      "description": "Back in 2017, I took a look at the seven deadly sins against data – from lust to sloth to pride, there was something to repent for most businesses. But the other side of the story is just as enlightening. These five virtues of enterprise data management revea…",
      "url": "https://www.cio.com/article/3302757/data-management/squaring-the-virtuous-circle.html",
      "urlToImage": "https://images.techhive.com/images/article/2017/01/armor_knight_protect-100703488-large.3x2.jpg",
      "publishedAt": "2018-08-31T16:26:00Z",
      "content": "Back in 2017, I took a look at the seven deadly sins against data – from lust to sloth to pride, there was something to repent for most businesses. But the other side of the story is just as enlightening. These five virtues of enterprise data management revea… [+7182 chars]",
      "fileName": "IDG Contributor Network Squaring the virtuous circle",
      "createdon": "2018-09-20T05:22:04.324Z",
      "md5": "caa5c45dc061a1b5940f78a9f33c2224",
      "text": "Back in 2017, I took a look at the seven deadly sins against data – from lust to sloth to pride, there was something to repent for most businesses. But the other side of the story is just as enlightening. These five virtues of enterprise data management revea…"
}