{
      "source": {
            "id": null,
            "name": "Firstpost.com"
      },
      "author": "Indo-Asian News Service",
      "title": "Wipro says it has won a $1.5 bn from US-based technology firm Alight",
      "description": "Wipro has built its strategic investments in digital, cloud platforms and cognitive platform. The post Wipro says it has won a $1.5 bn from US-based technology firm Alight appeared first on Firstpost.",
      "url": "https://www.firstpost.com/tech/news-analysis/wipro-says-it-has-won-a-1-5-bn-from-us-based-technology-firm-alight-5097891.html",
      "urlToImage": "https://images.firstpost.com/wp-content/uploads/2018/03/WIPRO-social_cr.jpg",
      "publishedAt": "2018-09-02T05:40:11Z",
      "content": "Global software major Wipro on Sunday said it had won a $1.5 billion (10,500 crore) 10-year deal from the US-based technology firm, Alight Solutions LLC. Wipro. \"We have won a 10-year engagement to provide a suite of solutions and services to the Illinois-bas… [+1418 chars]",
      "fileName": "Wipro says it has won a 1 5 bn from US based technology firm Alight",
      "createdon": "2018-09-20T05:21:58.142Z",
      "md5": "6f84cd031af670c57bbe67aa3f86f0bf",
      "text": "Wipro has built its strategic investments in digital, cloud platforms and cognitive platform. The post Wipro says it has won a $1.5 bn from US-based technology firm Alight appeared first on Firstpost."
}