{
      "source": {
            "id": null,
            "name": "Voxeu.org"
      },
      "author": "Krogstrup, Tille",
      "title": "How global factors affect banks’ foreign currency funding",
      "description": "Volatility in international capital flows can disrupt international trade and finance. This column explores the role of agents’ exposure to risk in this dynamic, focusing on domestic financial firms. It finds that the impact of an increase in risk aversion on…",
      "url": "https://voxeu.org/article/how-global-factors-affect-banks-foreign-currency-funding",
      "urlToImage": "https://voxeu.org/sites/default/files/image/FromMay2014/AdobeStock_142481183.jpeg",
      "publishedAt": "2018-08-29T00:00:00Z",
      "content": "Volatility in international capital flows can disrupt international trade and finance. This column explores the role of agents’ exposure to risk in this dynamic, focusing on domestic financial firms. It finds that the impact of an increase in risk aversion on… [+12545 chars]",
      "fileName": "How global factors affect banks foreign currency funding",
      "createdon": "2018-09-20T05:22:27.333Z",
      "md5": "177acab0daf75df9eb43a1178a718b0c",
      "text": "Volatility in international capital flows can disrupt international trade and finance. This column explores the role of agents’ exposure to risk in this dynamic, focusing on domestic financial firms. It finds that the impact of an increase in risk aversion on…"
}